bedrooms,bathrooms,sqft_living,sqft_lot,floors,waterfront,view,condition,sqft_above,sqft_basement,yr_built,yr_renovated,city,statezip
-0.36821205212873787,-1.5138506740442639,-1.1215047201698316,1.458969056971812,1.0,0,0,2,-0.7690515163281549,-0.6795456917635454,-0.3930146061488909,1.2062394458745034,31,33
1.9200058888415028,2.0809529590677247,1.8835850844524988,-0.9030533206174143,2.0,0,0,2,1.1341428874104473,1.41111201926156,1.0896738016943823,-0.8359051728251414,34,55
-0.36821205212873787,0.6430315058229292,0.8492751051871386,-0.45610179195514966,2.0,0,0,2,1.2794249029630125,-0.6795456917635454,0.9578792765527581,-0.8359051728251414,31,36
-0.36821205212873787,0.6430315058229292,1.422338742347676,0.8309633420710493,2.0,0,0,2,1.8750811667285292,-0.6795456917635454,1.1885196955506006,-0.8359051728251414,31,36
0.7758969183563824,-0.4354095841106673,-0.3108293310159006,0.8825346723013106,1.0,0,0,3,0.0735841738767224,-0.6795456917635454,-0.49186050000510906,1.211334617078844,3,5
-0.36821205212873787,-0.07592922079946847,-0.14310338843232864,0.5254170737175656,1.0,0,0,4,0.24792259253980048,-0.6795456917635454,-0.3600659748634848,-0.8359051728251414,3,5
1.9200058888415028,-0.07592922079946847,0.16439417297088654,0.815991020391296,1.0,0,0,2,-0.3332054696704598,0.8635588092311752,-0.458911868719703,1.203182343151899,10,72
-1.5123210226138581,-0.7948899474218662,-0.883892968176438,-1.547417683279389,1.0,0,2,2,-0.5220720898887944,-0.6795456917635454,-0.887244075429982,1.2042013773927673,34,58
-0.36821205212873787,-0.7948899474218662,-0.883892968176438,1.38161206162642,1.0,0,0,2,-0.5220720898887944,-0.6795456917635454,-0.2282714497218605,1.2103155828379757,17,16
-2.6564299930989783,-1.5138506740442639,-1.694568357330369,-0.6812411475840323,1.0,0,0,2,-1.3647077800936718,-0.6795456917635454,-1.842754382706758,1.1980871719475588,34,56
0.7758969183563824,0.6430315058229292,1.5760875230492837,-0.03244054146139007,2.0,0,0,2,2.0348913838363507,-0.6795456917635454,1.1885196955506006,-0.8359051728251414,16,17
0.7758969183563824,-0.07592922079946847,-0.5903725686551872,-0.8378959947888583,1.0,0,0,2,-0.21697985722840774,-0.6795456917635454,-0.49186050000510906,1.2072584801153714,34,50
0.7758969183563824,0.6430315058229292,0.10848552544302924,-0.008595732860301509,2.0,0,0,2,0.5094302205344176,-0.6795456917635454,0.8260847514111338,-0.8359051728251414,1,44
-0.36821205212873787,0.6430315058229292,0.4579145724921374,0.8029595552255848,2.0,0,0,2,0.8726352594158303,-0.6795456917635454,0.5624957011278853,1.202163308911031,32,41
4.208223829811743,1.361992232445327,1.2126813141182111,0.6410366689112159,1.0,0,2,2,-0.3767900743362293,2.8048838266116305,-0.2282714497218605,1.2103155828379757,31,33
1.9200058888415028,0.6430315058229292,0.37405160120035147,-0.8808721033140762,1.5,0,0,4,-0.3477336712257163,1.2617793256169096,-1.776857120135946,-0.8359051728251414,34,46
-0.36821205212873787,0.6430315058229292,-0.35276081666179354,2.3439996273750063,1.0,0,0,2,-0.6092412992203334,0.41556072829722407,0.7931361201257278,-0.8359051728251414,18,19
-0.36821205212873787,0.6430315058229292,0.2482571442626725,-1.0139594071341054,2.0,0,0,2,0.6547122360869827,-0.6795456917635454,1.1555710642651946,-0.8359051728251414,30,30
0.7758969183563824,-1.5138506740442639,-0.29685216913393625,-0.9000034032382053,1.5,0,0,3,0.08811237543197892,-0.6795456917635454,-2.1722406955608187,-0.8359051728251414,34,49
-0.36821205212873787,0.2835511425117304,-0.47855527359947253,0.13613671004398023,2.0,0,0,3,-0.10075424478635567,-0.6795456917635454,0.6942902262695095,-0.8359051728251414,14,2
-0.36821205212873787,-0.4354095841106673,-0.6183268924191158,0.705084933874605,1.0,0,0,3,-0.7545233147728985,0.1915616878302485,-0.7554495502883577,1.189934898020614,2,3
-0.36821205212873787,-1.5138506740442639,-0.17105771219625732,1.4190428658258032,2.0,0,0,2,0.21886618942928748,-0.6795456917635454,0.002368969275982,1.2164297882831843,41,40
0.7758969183563824,0.6430315058229292,0.4159830868462444,-0.3568408445227112,2.0,0,0,3,0.8290506547500608,-0.6795456917635454,1.0567251704089764,-0.8359051728251414,9,25
1.9200058888415028,1.361992232445327,2.0652881889180352,0.6496318906162595,1.0,0,0,3,0.3060353987608265,3.153326778449148,-0.06352829329483015,-0.8359051728251414,30,30
0.7758969183563824,0.6430315058229292,0.737457810131424,-0.8476002773590688,2.0,0,0,2,1.1631992905209605,-0.6795456917635454,0.924930645267352,1.2082775143562396,32,41
-0.36821205212873787,0.6430315058229292,1.5341560374033907,0.4979678173046846,2.0,0,0,2,1.9913067791705812,-0.6795456917635454,1.2873655894068188,-0.8359051728251414,31,36
0.7758969183563824,0.6430315058229292,0.15041701108892222,-0.48077839620511337,2.0,0,0,2,0.5530148252001871,-0.6795456917635454,0.9578792765527581,-0.8359051728251414,6,65
-0.36821205212873787,0.2835511425117304,-0.4561918145883296,-1.6095250917287358,3.0,0,0,2,-0.07750912229794527,-0.6795456917635454,1.2873655894068188,-0.8359051728251414,34,59
0.7758969183563824,1.0025118691341282,1.9115394082164274,1.3400222791826608,2.0,0,0,2,2.383568221162507,-0.6795456917635454,-0.5577577625759212,-0.8359051728251414,8,3
-0.36821205212873787,-0.07592922079946847,-0.24094352160607893,-0.10591582377869785,1.0,0,0,3,0.14622518165300494,-0.6795456917635454,-0.09647692458023621,-0.8359051728251414,41,40
0.7758969183563824,-0.07592922079946847,0.5138232200199947,-1.0694124503924507,1.5,0,0,4,-0.1588670510073817,1.1871129787945844,-1.809805751421352,-0.8359051728251414,34,55
-1.5123210226138581,-1.5138506740442639,-0.2828750072519719,-0.24454843192456158,2.0,0,0,3,0.10264057698723542,-0.6795456917635454,-0.8213468128591698,-0.8359051728251414,34,60
-0.36821205212873787,-0.4354095841106673,-0.03128609337661403,-0.6812411475840323,1.0,0,0,2,-0.8416925241044375,1.3862232369874516,-0.3600659748634848,1.1909539322614822,34,46
-0.36821205212873787,-1.5138506740442639,-0.9258244538223309,0.08567444067888583,1.0,0,0,3,-0.5656566945545639,-0.6795456917635454,-0.3930146061488909,1.1736303501667247,31,33
0.7758969183563824,0.6430315058229292,1.4363159042296403,-0.33992766632891586,2.0,0,0,2,1.8896093682837858,-0.6795456917635454,1.1555710642651946,-0.8359051728251414,21,23
-0.36821205212873787,-1.5138506740442639,-1.2892306627534036,0.5830882387062449,1.0,0,0,2,-0.943389934991233,-0.6795456917635454,0.36480391341544877,1.2154107540423162,19,21
0.7758969183563824,0.6430315058229292,0.9471152383608888,-0.586970974044845,2.0,0,0,2,1.381122313849808,-0.6795456917635454,1.1885196955506006,-0.8359051728251414,34,46
-2.6564299930989783,-0.7948899474218662,-1.0655960726419742,-1.608416030863569,2.0,0,0,2,-0.856220725659694,-0.43065786902246145,1.2214683268360067,-0.8359051728251414,34,60
0.7758969183563824,0.6430315058229292,1.7158591418689269,1.646123077968728,2.0,0,0,4,2.180173399388916,-0.6795456917635454,-0.16237418715104837,-0.8359051728251414,22,24
0.7758969183563824,-0.4354095841106673,0.2482571442626725,-0.013586506753552602,1.0,0,0,2,-0.710938710107129,1.659999842002644,0.16711212570301237,-0.8359051728251414,31,35
-0.36821205212873787,0.6430315058229292,0.5417775437839234,-0.1336423454078706,1.0,0,0,2,0.9598044687473694,-0.6795456917635454,1.2544169581214126,-0.8359051728251414,30,31
-0.36821205212873787,-0.7948899474218662,-0.6183268924191158,0.3377085222880661,1.0,0,0,3,-0.24603626033892073,-0.6795456917635454,-0.2282714497218605,-0.8359051728251414,30,30
-0.36821205212873787,0.6430315058229292,0.2901886299085655,0.46247786961934345,2.0,0,0,2,0.6982968407527522,-0.6795456917635454,0.6942902262695095,-0.8359051728251414,32,41
-0.36821205212873787,-0.4354095841106673,-0.47855527359947253,1.2912236011153169,1.0,0,2,2,-0.827164322549181,0.5648934219418744,-0.4259632374342969,1.202163308911031,33,71
-0.36821205212873787,0.6430315058229292,1.380407256701783,-0.9191347031623345,3.0,0,0,2,1.8314965620627597,-0.6795456917635454,1.2544169581214126,-0.8359051728251414,31,33
-0.36821205212873787,-0.07592922079946847,-0.5484410830092942,-1.505550635619338,2.0,0,0,2,-0.1733952525626382,-0.6795456917635454,1.1555710642651946,-0.8359051728251414,16,17
0.7758969183563824,0.6430315058229292,2.219036969619643,-0.13419687584045406,2.5,0,0,2,1.439235120070834,1.4857783660838852,1.1885196955506006,-0.8359051728251414,34,62
-0.36821205212873787,-0.4354095841106673,-0.3108293310159006,0.017467197471120872,1.0,0,0,2,0.0735841738767224,-0.6795456917635454,-0.7225009190029515,1.1960491034658225,20,66
0.7758969183563824,0.6430315058229292,0.42996024872820876,0.7122938294981899,1.0,0,0,3,-0.4203746790019988,1.4857783660838852,0.5954443324132913,-0.8359051728251414,14,13
1.9200058888415028,-0.07592922079946847,0.48586889625606605,3.255924923758498,1.5,0,0,2,0.9016916625263433,-0.6795456917635454,-1.5132680698526972,1.21337268556058,6,67
-1.5123210226138581,-0.07592922079946847,-0.3932945861194901,3.0341127507251158,1.0,0,0,2,-0.012132215299290983,-0.6795456917635454,-0.7883981815737637,-0.8359051728251414,40,39
-0.36821205212873787,-0.4354095841106673,-0.04526325525857836,0.35573076134702836,1.0,0,0,2,-1.0305591443227722,1.6848886242767525,0.33185528213004273,-0.8359051728251414,33,68
-0.36821205212873787,0.6430315058229292,0.3460972774364228,2.3390088534817552,1.0,0,0,3,0.2769789956503135,0.1417841232820317,0.29890665084463663,-0.8359051728251414,32,42
-0.36821205212873787,-0.4354095841106673,-0.21298919784215029,0.873939450596267,1.0,0,0,2,-0.5511284929993073,0.5648934219418744,0.36480391341544877,1.2154107540423162,31,35
0.7758969183563824,0.6430315058229292,0.569731867547852,-0.9629426073364274,2.0,0,0,2,0.9888608718578823,-0.6795456917635454,1.2544169581214126,-0.8359051728251414,34,48
-1.5123210226138581,-1.5138506740442639,-0.07321757902250701,0.08401084938113547,1.0,0,0,2,-1.0450873458780285,1.659999842002644,-1.6780112262797278,1.203182343151899,34,60
0.7758969183563824,-1.5138506740442639,-0.8978701300584023,-0.6257881043256869,1.5,0,0,2,-0.5366002914440509,-0.6795456917635454,-0.4259632374342969,1.202163308911031,34,64
-0.36821205212873787,-1.5138506740442639,0.3041657917905298,-0.06931681522818982,1.0,0,0,2,0.7128250423080087,-0.6795456917635454,-0.5248091312905151,1.2072584801153714,35,69
-0.36821205212873787,0.2835511425117304,0.08053120167910058,0.8326269333687997,2.0,0,0,3,0.4803738174239046,-0.6795456917635454,0.5624957011278853,-0.8359051728251414,30,30
-0.36821205212873787,0.6430315058229292,0.0385997160332076,-0.7921472341007233,2.0,0,0,2,0.4367892127581351,-0.6795456917635454,1.1885196955506006,-0.8359051728251414,37,37
-0.36821205212873787,-0.07592922079946847,-0.4086694641896509,0.7527745510767822,1.0,0,0,3,-0.02811323701007314,-0.6795456917635454,0.2330093882738245,-0.8359051728251414,32,42
-0.36821205212873787,-0.4354095841106673,0.5417775437839234,1.0100766717955052,2.0,0,0,2,0.9598044687473694,-0.6795456917635454,-1.1508331257132305,1.1756684186484607,34,53
-0.36821205212873787,-0.4354095841106673,-0.47855527359947253,0.08401084938113547,1.0,0,0,2,-0.7690515163281549,0.46533829284544087,0.463649807271667,-0.8359051728251414,18,19
0.7758969183563824,0.6430315058229292,1.4083615804657117,0.8664532897563904,2.0,0,0,3,1.8605529651732726,-0.6795456917635454,0.6942902262695095,-0.8359051728251414,24,36
1.9200058888415028,1.0025118691341282,1.7577906275148198,2.6792132738717047,1.0,0,3,2,0.044527770766209396,3.0537716493527145,0.20006075698841844,-0.8359051728251414,3,5
-0.36821205212873787,1.7214725957565258,-0.8559386444125093,-1.6441832437652018,2.0,0,0,2,-0.8998053303254635,0.017340211911489708,1.2544169581214126,-0.8359051728251414,34,73
-0.36821205212873787,0.6430315058229292,2.498580207258929,1.2069349753626317,2.0,0,0,2,2.9937526864832797,-0.6795456917635454,0.39775254470085486,-0.8359051728251414,32,41
-0.36821205212873787,-0.07592922079946847,-1.0655960726419742,-0.525972626460665,1.0,0,0,2,-0.710938710107129,-0.6795456917635454,-1.6780112262797278,1.203182343151899,34,48
-0.36821205212873787,-1.5138506740442639,-1.3171849865173322,-0.1405739758151638,1.0,0,0,3,-0.9724463381017461,-0.6795456917635454,-0.7554495502883577,1.189934898020614,34,61
-0.36821205212873787,-0.4354095841106673,-0.017308931494649706,-0.5134956917275372,1.0,0,2,3,-1.0160309427675156,1.7097774065508609,-0.7554495502883577,1.189934898020614,34,60
0.7758969183563824,0.6430315058229292,1.296544285409997,-1.0846620372884959,2.0,0,0,2,0.7709378485290347,0.9880027206017172,1.1226224329797885,1.2052204116336354,41,40
-0.36821205212873787,0.2835511425117304,0.48586889625606605,-0.41783919210689124,1.0,0,1,3,-0.739995113217642,2.1328867052107037,0.4965984385570731,-0.8359051728251414,34,54
0.7758969183563824,2.4404333223789236,3.0716438444194663,1.4037932789297582,2.0,0,0,2,3.5894089502487967,-0.6795456917635454,1.0237765391235703,-0.8359051728251414,24,36
-0.36821205212873787,-0.7948899474218662,-0.9398016157042953,-1.1428877327097586,1.5,0,0,2,-0.5801848961098204,-0.6795456917635454,-1.2826276508548549,-0.8359051728251414,34,54
1.9200058888415028,2.0809529590677247,0.23427998238070818,-0.596120726182472,2.0,0,0,2,-0.36226187278097277,1.037780285149934,0.9578792765527581,-0.8359051728251414,34,70
-0.36821205212873787,0.6430315058229292,1.0170010477707105,-0.63271973473298,2.0,0,0,2,1.4537633216260906,-0.6795456917635454,1.452108745833849,-0.8359051728251414,34,56
-1.5123210226138581,-0.4354095841106673,-0.3667379785437579,-0.9008351988870805,1.0,0,0,2,0.015471367655696379,-0.6795456917635454,1.1555710642651946,-0.8359051728251414,16,17
-1.5123210226138581,1.0025118691341282,1.0729096952985677,0.36460324826836366,1.0,0,0,2,1.5118761278471164,-0.6795456917635454,1.2214683268360067,-0.8359051728251414,30,31
-0.36821205212873787,-0.07592922079946847,-0.3807151404257222,0.283919070327471,1.0,0,0,2,0.0009431661004398731,-0.6795456917635454,-0.6895522877175455,1.2001252404292948,34,62
-0.36821205212873787,0.2835511425117304,-0.674235539946973,3.313041558314594,2.0,0,0,2,-0.3041490665599468,-0.6795456917635454,0.6283929636986973,-0.8359051728251414,32,41
0.7758969183563824,3.1593940490013215,0.0385997160332076,-1.0236636897043159,2.0,0,0,2,0.4367892127581351,-0.6795456917635454,-0.9860899692862002,1.2052204116336354,34,54
1.9200058888415028,0.6430315058229292,0.42996024872820876,0.0792973407041761,1.0,0,0,2,-0.7545233147728985,2.0582203583883785,-0.12942555586564228,1.1644590419989118,35,69
0.7758969183563824,1.0025118691341282,1.1008640190624965,-0.7330897430305854,2.0,0,0,2,1.5409325309576296,-0.6795456917635454,1.1555710642651946,-0.8359051728251414,17,16
0.7758969183563824,0.2835511425117304,0.09450836356106491,0.483272760841223,1.0,0,0,3,0.4949020189791611,-0.6795456917635454,0.2659580195592306,1.202163308911031,14,13
-0.36821205212873787,0.2835511425117304,1.3664300948198187,0.8171000812564629,2.0,0,0,2,1.816968360507503,-0.6795456917635454,0.6613415949841034,1.211334617078844,30,30
-1.5123210226138581,-0.4354095841106673,0.2482571442626725,0.6271734080966296,1.0,0,0,1,0.6547122360869827,-0.6795456917635454,-0.7225009190029515,-0.8359051728251414,35,66
-0.36821205212873787,-1.5138506740442639,-0.841961482530545,2.334849875237379,1.0,0,0,2,-1.1032001520990546,0.39067194602311567,0.463649807271667,-0.8359051728251414,32,41
-0.36821205212873787,-0.07592922079946847,-0.6462812161830445,0.7749557683801203,1.0,0,0,3,-0.2750926634494337,-0.6795456917635454,-0.458911868719703,-0.8359051728251414,34,59
3.064114859326623,1.0025118691341282,1.4642702279935689,-0.6257881043256869,1.5,0,0,2,1.1922556936314734,0.5648934219418744,-1.776857120135946,1.1878968295388779,34,46
0.7758969183563824,-0.4354095841106673,0.4020059249642801,-0.20989027988809564,2.0,0,3,3,0.8145224531948042,-0.6795456917635454,-0.19532281843645444,-0.8359051728251414,6,67
-0.36821205212873787,-1.5138506740442639,-1.4290022815730468,0.12282797966197731,1.0,0,0,3,-1.088671950543798,-0.6795456917635454,0.03531760056138807,-0.8359051728251414,19,22
-0.36821205212873787,0.2835511425117304,-0.4925324354814368,2.483741296386037,1.0,0,0,3,-0.11528244634161218,-0.6795456917635454,0.2659580195592306,1.202163308911031,13,14
0.7758969183563824,0.6430315058229292,1.1707498284723181,0.8365086463968838,2.0,0,0,2,1.613573538733912,-0.6795456917635454,0.6283929636986973,-0.8359051728251414,16,17
0.7758969183563824,-0.7948899474218662,-0.0033317696126853795,2.2940918884424955,2.0,0,0,2,0.39320460809236557,-0.6795456917635454,0.29890665084463663,1.2164297882831843,14,2
-0.36821205212873787,0.6430315058229292,-1.0935503964059028,-1.766179938933562,3.0,0,0,2,-0.739995113217642,-0.6795456917635454,1.2214683268360067,-0.8359051728251414,34,61
-0.36821205212873787,0.2835511425117304,-1.3060032570117606,-1.778102343234106,2.0,0,0,2,-1.251387807962671,-0.18177004628137747,1.2214683268360067,-0.8359051728251414,34,55
-0.36821205212873787,-1.5138506740442639,-1.0795732345239386,0.8670078201889738,1.0,0,0,3,-0.7254669116623854,-0.6795456917635454,-0.030579662009424073,-0.8359051728251414,21,23
-0.36821205212873787,-0.07592922079946847,-0.7021898637109018,-1.0472312330891127,1.0,0,0,2,-0.9869745396570025,0.44044951057133247,-0.7554495502883577,1.214391719801448,34,46
0.7758969183563824,0.6430315058229292,1.939493731980356,0.10730112754964058,2.0,0,0,2,2.41262462427302,-0.6795456917635454,0.8260847514111338,-0.8359051728251414,3,5
-0.36821205212873787,-0.7948899474218662,-0.5344639211273298,-0.6313334086515214,1.0,0,0,2,-0.8416925241044375,0.49022707511954927,0.2659580195592306,-0.8359051728251414,34,61
-0.36821205212873787,-1.5138506740442639,-1.0795732345239386,0.29473241376284837,1.0,0,0,3,-0.7254669116623854,-0.6795456917635454,-0.3600659748634848,-0.8359051728251414,18,20
-1.5123210226138581,-1.5138506740442639,-0.9957102632321526,2.74908410837722,1.0,0,0,3,-0.6382977023308464,-0.6795456917635454,-0.7554495502883577,1.189934898020614,19,21
0.7758969183563824,-0.4354095841106673,-0.059240417140542685,-0.34852288803395937,1.0,0,0,3,-0.798107919438668,1.2617793256169096,-0.7554495502883577,1.189934898020614,34,59
-0.36821205212873787,-0.07592922079946847,-1.2752535008714392,-1.6782868653690843,2.0,0,0,2,-1.3647077800936718,0.0671177764597065,1.1226224329797885,1.2052204116336354,34,60
3.064114859326623,0.6430315058229292,0.9890467240067818,-0.9917781898307672,2.0,0,0,4,0.14622518165300494,1.5106671483579936,-1.5791653324235095,1.1573258023128352,34,60
-0.36821205212873787,1.361992232445327,0.6675720007216023,0.06155236686150554,2.0,0,2,2,1.0905582827446778,-0.6795456917635454,-0.920192706715388,1.189934898020614,20,66
-0.36821205212873787,0.6430315058229292,0.8352979433051743,1.7159939124742434,2.0,0,0,2,1.264896701407756,-0.6795456917635454,0.7601874888403216,-0.8359051728251414,11,11
0.7758969183563824,1.361992232445327,1.9534708938623204,-0.9030533206174143,1.0,0,0,2,0.18980978631877446,3.153326778449148,-0.3930146061488909,1.2062394458745034,34,46
-0.36821205212873787,-0.7948899474218662,-0.47855527359947253,0.4585961565912593,1.0,0,0,2,-0.10075424478635567,-0.6795456917635454,-0.458911868719703,1.203182343151899,17,16
1.9200058888415028,-0.07592922079946847,1.0729096952985677,1.003145041388212,1.0,0,0,3,-0.1733952525626382,2.207553052033029,-0.26122008100726657,-0.8359051728251414,3,6
0.7758969183563824,-0.07592922079946847,0.48586889625606605,-0.3457502358710421,1.0,0,0,2,-0.7545233147728985,2.157775487484812,-2.304035220702443,1.2072584801153714,34,58
-0.36821205212873787,-0.7948899474218662,0.09450836356106491,0.025785153959872697,1.0,0,0,2,0.4949020189791611,-0.6795456917635454,-0.5577577625759212,-0.8359051728251414,34,69
1.9200058888415028,-0.07592922079946847,0.010645392269278948,0.10674659711705711,1.5,0,0,2,0.40773280964762204,-0.6795456917635454,-0.4259632374342969,1.202163308911031,35,69
-1.5123210226138581,-1.5138506740442639,-1.4849109291009042,1.0655297150538507,1.0,0,0,2,-1.1467847567648242,-0.6795456917635454,-0.9860899692862002,1.1980871719475588,34,64
-0.36821205212873787,0.6430315058229292,0.4998460581380304,-1.2363261106000707,3.0,0,0,3,0.9162198640815998,-0.6795456917635454,-0.5577577625759212,1.1848397268162736,34,45
0.7758969183563824,0.6430315058229292,0.8912065908330316,-0.556471800252755,2.0,0,0,2,1.323009507628782,-0.6795456917635454,0.6613415949841034,1.211334617078844,16,17
-0.36821205212873787,-0.07592922079946847,-0.7860528350026877,0.299168657223516,1.0,0,0,4,-0.4203746790019988,-0.6795456917635454,-0.19532281843645444,-0.8359051728251414,35,61
-0.36821205212873787,1.0025118691341282,0.7514349720133883,-1.0139594071341054,2.0,0,0,2,1.1777274920762169,-0.6795456917635454,1.2214683268360067,-0.8359051728251414,16,17
0.7758969183563824,0.2835511425117304,1.1427955047083895,-0.29861514910144843,1.0,0,0,3,-0.23150805878366423,2.4315520925000045,-0.7225009190029515,-0.8359051728251414,34,56
-0.36821205212873787,-0.4354095841106673,0.7234806482494597,-1.2659934887432855,2.0,0,0,2,0.13169698009774844,1.0626690674240424,-1.809805751421352,-0.8359051728251414,34,57
0.7758969183563824,-1.5138506740442639,-0.10117190278643567,-0.6989861214267029,1.5,0,0,0,0.29150719720557,-0.6795456917635454,-2.271086589417037,-0.8359051728251414,34,52
-0.36821205212873787,0.2835511425117304,-0.29685216913393625,0.6496318906162595,1.0,0,0,3,-0.6382977023308464,0.5648934219418744,-0.09647692458023621,-0.8359051728251414,30,30
-0.36821205212873787,1.0025118691341282,-0.1151490646684,0.6496318906162595,1.5,0,0,4,0.2769789956503135,-0.6795456917635454,-0.16237418715104837,-0.8359051728251414,19,22
-0.36821205212873787,-0.4354095841106673,-0.04526325525857836,-0.48161019185398857,1.0,0,0,2,-0.5511284929993073,0.8635588092311752,0.39775254470085486,-0.8359051728251414,34,56
0.7758969183563824,-0.4354095841106673,-0.1151490646684,-0.34852288803395937,1.0,0,0,3,-0.5656566945545639,0.7640036801347416,-0.8542954441445759,-0.8359051728251414,34,70
-0.36821205212873787,-1.5138506740442639,-1.3451393102812608,0.36682136999869747,1.0,0,0,2,-1.001502741212259,-0.6795456917635454,-0.3600659748634848,1.1909539322614822,14,2
-0.36821205212873787,0.6430315058229292,0.611663353193745,0.1713493925130296,2.0,0,0,2,1.032445476523652,-0.6795456917635454,1.0896738016943823,-0.8359051728251414,37,37
0.7758969183563824,0.6430315058229292,-0.059240417140542685,-0.08179374996131757,2.0,0,0,2,0.3350918018713395,-0.6795456917635454,0.891982013981946,-0.8359051728251414,1,44
-0.36821205212873787,-1.5138506740442639,-1.3451393102812608,-0.1821637582589229,1.0,0,0,2,-1.001502741212259,-0.6795456917635454,-0.16237418715104837,1.1950300692249545,6,68
-0.36821205212873787,-1.5138506740442639,-1.2612763389894748,0.5165445867962303,1.0,0,0,2,-0.9143335318807201,-0.6795456917635454,-0.29416871229267266,1.2062394458745034,18,20
0.7758969183563824,0.6430315058229292,1.0449553715346391,2.2877147884677855,2.0,0,0,2,1.4828197247366035,-0.6795456917635454,0.9578792765527581,-0.8359051728251414,14,13
-0.36821205212873787,0.6430315058229292,1.3664300948198187,2.74908410837722,2.0,0,0,2,1.816968360507503,-0.6795456917635454,0.6283929636986973,-0.8359051728251414,14,2
-0.36821205212873787,-1.5138506740442639,-0.25492068348804325,0.15055450129115006,1.0,0,0,3,-0.739995113217642,0.8137812446829584,-0.458911868719703,-0.8359051728251414,6,67
-0.36821205212873787,-0.7948899474218662,-0.07321757902250701,0.03964841477445907,1.0,0,0,2,-0.26056446189417726,0.31600559920079047,-0.06352829329483015,1.1991062061884268,20,66
-1.5123210226138581,-1.5138506740442639,-0.9258244538223309,-1.178100415178808,1.0,0,0,3,-1.4664051909804674,0.8635588092311752,-1.5462167011381034,-0.8359051728251414,34,56
-1.5123210226138581,-0.7948899474218662,-0.7860528350026877,-1.673573356692125,2.0,0,0,2,-0.8416925241044375,0.042228994185598105,1.2544169581214126,-0.8359051728251414,34,58
0.7758969183563824,-0.4354095841106673,-0.21298919784215029,-1.239098762762988,1.0,0,0,3,-1.1177283536543112,1.535555930632102,-0.887244075429982,-0.8359051728251414,34,73
-1.5123210226138581,-0.4354095841106673,-0.4086694641896509,-0.8808721033140762,1.0,0,0,2,-1.1903693614305937,1.3115568901651264,-1.6121139637089155,1.202163308911031,34,47
-0.36821205212873787,-0.4354095841106673,-0.883892968176438,1.5177492828256582,1.0,0,0,2,-0.5220720898887944,-0.6795456917635454,0.36480391341544877,1.2154107540423162,32,41
-0.36821205212873787,0.6430315058229292,-0.29685216913393625,-0.2947334360733643,2.0,0,0,2,0.08811237543197892,-0.6795456917635454,0.924930645267352,1.2082775143562396,1,44
0.7758969183563824,-0.4354095841106673,-0.04526325525857836,0.9235699243124862,1.0,0,0,4,0.34962000342659605,-0.6795456917635454,-0.3930146061488909,-0.8359051728251414,1,1
-0.36821205212873787,-0.4354095841106673,-0.33878365477982925,0.13253226223218778,1.0,0,0,3,-0.8707489272149506,0.8884475915052836,0.20006075698841844,1.1940110349840865,1,0
1.9200058888415028,1.7214725957565258,2.4566487216130364,1.4129430310673852,2.0,0,0,4,2.9501680818175107,-0.6795456917635454,0.2330093882738245,-0.8359051728251414,20,66
-1.5123210226138581,-1.5138506740442639,-1.6666140335664403,0.4841045564900982,1.0,0,0,2,-1.3356513769831588,-0.6795456917635454,-0.6895522877175455,1.2001252404292948,18,19
-1.5123210226138581,-1.5138506740442639,-1.5408195766287613,-1.2302262758416527,1.0,0,0,3,-1.2048975629858503,-0.6795456917635454,-1.6450625949943216,-0.8359051728251414,34,46
-0.36821205212873787,0.2835511425117304,0.38802876308231576,0.20600754454949555,2.0,0,0,3,0.7999942516395477,-0.6795456917635454,-0.030579662009424073,-0.8359051728251414,14,13
-0.36821205212873787,-0.4354095841106673,-0.7441213493567947,-0.26534332314644116,1.0,0,0,2,-0.3767900743362293,-0.6795456917635454,0.924930645267352,1.2082775143562396,12,12
-0.36821205212873787,-1.5138506740442639,-1.3171849865173322,0.7045304034420216,1.0,0,0,2,-0.9724463381017461,-0.6795456917635454,-0.06352829329483015,1.1991062061884268,41,40
-1.5123210226138581,-0.07592922079946847,-1.0935503964059028,-0.17273674090500418,1.0,0,0,2,-1.1613129583200807,0.042228994185598105,-0.9860899692862002,1.1980871719475588,34,53
-0.36821205212873787,0.6430315058229292,-0.04526325525857836,0.2015713010888279,2.0,0,0,2,0.34962000342659605,-0.6795456917635454,0.7601874888403216,-0.8359051728251414,5,9
-1.5123210226138581,-1.5138506740442639,-1.6246825479205473,-0.9030533206174143,1.0,0,0,4,-1.2920667723173893,-0.6795456917635454,-1.5132680698526972,1.1573258023128352,34,55
-0.36821205212873787,0.2835511425117304,-1.05161891076001,0.6579498471050114,2.0,0,0,2,-0.6964105085518725,-0.6795456917635454,0.5295470698424791,-0.8359051728251414,17,16
-0.36821205212873787,-0.4354095841106673,-0.3667379785437579,-0.09898419337140467,1.0,0,0,2,-0.710938710107129,0.5648934219418744,0.2659580195592306,-0.8359051728251414,14,13
-0.36821205212873787,0.6430315058229292,-0.3108293310159006,-1.374404188313351,2.0,0,0,2,-0.1298106478968687,-0.33110273992602784,1.1555710642651946,-0.8359051728251414,30,30
0.7758969183563824,0.6430315058229292,-0.21298919784215029,-0.34852288803395937,2.0,0,0,2,0.17528158476351796,-0.6795456917635454,0.6942902262695095,-0.8359051728251414,10,72
0.7758969183563824,0.6430315058229292,1.0449553715346391,-0.021904463242304426,2.0,0,0,2,1.4828197247366035,-0.6795456917635454,1.1226224329797885,1.2052204116336354,37,37
-0.36821205212873787,0.6430315058229292,-0.45060094983554383,-0.009427528509176691,2.0,0,0,2,-0.07169784167584266,-0.6795456917635454,0.7931361201257278,-0.8359051728251414,18,18
-1.5123210226138581,-1.5138506740442639,-1.4988880909828683,-0.1821637582589229,1.0,0,0,4,-1.1613129583200807,-0.6795456917635454,-0.6895522877175455,-0.8359051728251414,6,68
-0.36821205212873787,1.7214725957565258,1.1847269903542825,-0.9024987901848308,2.0,0,0,2,1.6281017402891687,-0.6795456917635454,1.2873655894068188,-0.8359051728251414,11,11
0.7758969183563824,0.6430315058229292,0.4998460581380304,1.3280998748821167,2.0,0,0,3,0.9162198640815998,-0.6795456917635454,0.5954443324132913,-0.8359051728251414,3,5
0.7758969183563824,1.0025118691341282,0.3181429536724941,-0.6244017782442283,1.0,0,0,2,-0.3332054696704598,1.1373354142463676,0.5624957011278853,1.202163308911031,34,53
0.7758969183563824,-0.07592922079946847,-0.07321757902250701,-0.9474157552240907,1.0,0,0,2,-1.001502741212259,1.5853334951803189,-2.1722406955608187,-0.8359051728251414,34,63
-0.36821205212873787,-1.5138506740442639,-1.1774133676976888,0.38345728297620113,1.0,0,0,3,-0.827164322549181,-0.6795456917635454,0.10121486313220021,-0.8359051728251414,6,67
-1.5123210226138581,-1.5138506740442639,-1.4290022815730468,-1.0139594071341054,1.0,0,0,3,-1.088671950543798,-0.6795456917635454,-2.0074975391337886,1.1909539322614822,34,57
-2.6564299930989783,-1.5138506740442639,-1.9321801093237625,-1.6574919741472047,2.0,0,0,2,-1.6116872065330323,-0.6795456917635454,1.2544169581214126,-0.8359051728251414,34,58
0.7758969183563824,2.0809529590677247,1.7018819799869624,-0.2925153143430304,2.0,0,0,2,2.1656451978336593,-0.6795456917635454,1.1555710642651946,-0.8359051728251414,18,25
-0.36821205212873787,1.0025118691341282,0.82132078142321,-0.5146047525927041,1.0,0,0,3,-0.43490288055725534,2.207553052033029,-0.7883981815737637,1.1909539322614822,34,57
-0.36821205212873787,0.6430315058229292,-0.63230405430108,2.324036531802002,2.0,0,0,2,-0.26056446189417726,-0.6795456917635454,0.5624957011278853,1.202163308911031,26,26
-0.36821205212873787,0.6430315058229292,0.10848552544302924,1.952223876754795,2.0,0,0,2,0.5094302205344176,-0.6795456917635454,0.2330093882738245,1.2062394458745034,40,39
-0.36821205212873787,-1.5138506740442639,-1.2053676914616176,0.25563801826571475,1.0,0,0,2,-0.856220725659694,-0.6795456917635454,-0.6895522877175455,1.2001252404292948,34,64
-0.36821205212873787,-0.07592922079946847,-0.5484410830092942,0.15055450129115006,1.0,0,0,2,-0.1733952525626382,-0.6795456917635454,1.1226224329797885,1.2052204116336354,34,59
0.7758969183563824,0.6430315058229292,0.737457810131424,-0.8476002773590688,2.0,0,0,2,1.1631992905209605,-0.6795456917635454,0.924930645267352,1.2082775143562396,30,41
-0.36821205212873787,-1.5138506740442639,-1.4150251196910824,0.7084121164701057,1.0,0,0,3,-1.0741437489885417,-0.6795456917635454,-0.26122008100726657,-0.8359051728251414,1,0
0.7758969183563824,1.0025118691341282,0.4439374106101731,-0.43170245292147763,1.0,0,0,2,-0.6673541054413594,1.9337764470178365,-0.6236550251467333,1.1960491034658225,34,51
-0.36821205212873787,0.6430315058229292,-0.29685216913393625,-0.992887250695934,2.0,0,0,2,0.08811237543197892,-0.6795456917635454,0.7272388575549156,-0.8359051728251414,18,19
-0.36821205212873787,-0.4354095841106673,-0.63230405430108,-1.4062896881868996,2.5,0,0,2,-0.26056446189417726,-0.6795456917635454,1.1555710642651946,-0.8359051728251414,19,21
-0.36821205212873787,-0.07592922079946847,-0.63230405430108,-0.6257881043256869,1.0,0,0,3,-1.3211231754279023,1.1373354142463676,-1.381473544711073,-0.8359051728251414,34,55
-1.5123210226138581,-1.5138506740442639,-0.8559386444125093,0.43613767407162934,1.0,0,0,2,-0.9288617334359766,0.0671177764597065,-1.0190386005716063,1.1705732474441204,34,73
0.7758969183563824,0.2835511425117304,0.024622554151243276,-0.36238614884854575,1.0,0,0,2,-0.47848748522302487,0.8635588092311752,-0.7554495502883577,1.214391719801448,34,51
-0.36821205212873787,0.6430315058229292,-0.4645781117175082,-0.07125767174223191,2.0,0,0,3,-0.08622604323109917,-0.6795456917635454,0.7601874888403216,-0.8359051728251414,21,23
-0.36821205212873787,-0.4354095841106673,-0.7441213493567947,-0.9515747334684667,1.5,0,0,3,-0.8126361209939245,0.0671177764597065,-2.1722406955608187,-0.8359051728251414,34,55
0.7758969183563824,0.6430315058229292,1.3105214472919613,1.4947362698734448,2.0,0,0,3,1.7588555542864772,-0.6795456917635454,0.5295470698424791,-0.8359051728251414,16,17
0.7758969183563824,1.0025118691341282,2.174310051597357,0.6535136036443436,2.0,0,0,2,2.6566984104013294,-0.6795456917635454,0.924930645267352,1.2082775143562396,30,41
1.9200058888415028,0.2835511425117304,0.8912065908330316,1.6073059476878861,1.0,0,1,2,-0.2750926634494337,2.0582203583883785,-0.6566036564321395,1.1940110349840865,25,67
0.7758969183563824,1.0025118691341282,2.3448314265573216,0.36682136999869747,2.0,0,0,2,2.8339424693754585,-0.6795456917635454,1.452108745833849,-0.8359051728251414,19,21
-1.5123210226138581,-1.5138506740442639,-0.7441213493567947,-0.7644207124715506,1.0,0,0,2,-1.1032001520990546,0.5648934219418744,-1.5791653324235095,1.2103155828379757,31,34
0.7758969183563824,0.6430315058229292,0.6256405150757094,1.3336451792079511,2.0,0,0,2,1.0469736780789083,-0.6795456917635454,1.0567251704089764,-0.8359051728251414,31,36
-1.5123210226138581,-0.07592922079946847,-0.07321757902250701,-0.5148820178089959,1.5,0,0,2,0.320563600316083,-0.6795456917635454,-2.238137958131631,-0.8359051728251414,34,52
-0.36821205212873787,-0.4354095841106673,0.3600744393183871,0.20600754454949555,1.0,0,0,3,0.7709378485290347,-0.6795456917635454,-0.09647692458023621,-0.8359051728251414,14,13
-0.36821205212873787,-0.7948899474218662,-0.5065095973634012,-1.7209857086780103,2.0,0,0,2,-0.1298106478968687,-0.6795456917635454,-1.809805751421352,-0.8359051728251414,34,51
-0.36821205212873787,-1.5138506740442639,-1.2193448533435818,0.7744012379475369,1.0,0,0,3,-0.8707489272149506,-0.6795456917635454,-0.09647692458023621,-0.8359051728251414,17,16
-0.36821205212873787,0.2835511425117304,0.05257687791517193,-0.9817966420442649,2.0,0,0,2,0.45131741431339156,-0.6795456917635454,0.891982013981946,-0.8359051728251414,31,33
-0.36821205212873787,-0.4354095841106673,-0.5624182448912585,-0.14251483232920586,1.0,0,0,2,-0.36226187278097277,-0.38088030447424465,-0.49186050000510906,1.2072584801153714,34,54
0.7758969183563824,0.6430315058229292,0.8632522670691029,3.2606384324354574,1.0,0,0,3,-0.5220720898887944,2.4315520925000045,-0.29416871229267266,1.203182343151899,20,66
0.7758969183563824,0.2835511425117304,0.38802876308231576,0.5861381560854539,2.0,0,0,3,0.7999942516395477,-0.6795456917635454,-0.06352829329483015,-0.8359051728251414,18,20
0.7758969183563824,0.2835511425117304,0.5837090294298164,0.2448246748303374,1.0,0,0,3,-0.3332054696704598,1.6102222774544273,0.2330093882738245,-0.8359051728251414,3,5
0.7758969183563824,-0.4354095841106673,0.1364398492069579,3.06045294627283,1.5,0,0,3,0.5384866236449306,-0.6795456917635454,0.16711212570301237,-0.8359051728251414,19,22
0.7758969183563824,0.6430315058229292,0.8352979433051743,0.2528653661027975,2.0,0,0,2,1.264896701407756,-0.6795456917635454,0.7601874888403216,-0.8359051728251414,14,2
0.7758969183563824,0.6430315058229292,-0.4645781117175082,-0.13641499757078787,1.0,0,0,2,-1.2048975629858503,1.2368905433428012,-0.7554495502883577,1.21337268556058,34,48
-1.5123210226138581,-1.8733310373554628,-1.5128652528648328,0.1256006318248946,1.0,0,2,4,-1.6116872065330323,0.0671177764597065,-2.0074975391337886,1.189934898020614,34,50
-0.36821205212873787,-0.4354095841106673,-0.7301441874748303,-0.10286590639948885,1.0,0,0,2,-0.36226187278097277,-0.6795456917635454,-1.5132680698526972,1.2154107540423162,34,61
-0.36821205212873787,0.2835511425117304,-0.43662378795357953,-0.7644207124715506,2.0,0,0,3,-0.05716964012058615,-0.6795456917635454,-1.4473708072818852,1.1950300692249545,34,57
-0.36821205212873787,-0.4354095841106673,1.3105214472919613,-0.6257881043256869,1.5,0,0,3,0.262450794095057,1.8839988824696197,-2.0733948017046004,-0.8359051728251414,34,63
-0.36821205212873787,-0.4354095841106673,-0.9817331013501883,0.6496318906162595,1.0,0,0,3,-0.6237695007755899,-0.6795456917635454,0.463649807271667,-0.8359051728251414,9,25
0.7758969183563824,0.6430315058229292,0.09450836356106491,-0.43613869638214525,2.0,0,0,2,0.4949020189791611,-0.6795456917635454,0.8590333826965398,-0.8359051728251414,17,16
-1.5123210226138581,-1.5138506740442639,-1.2193448533435818,-1.1703369891226396,1.5,0,0,3,-0.8707489272149506,-0.6795456917635454,-0.887244075429982,-0.8359051728251414,34,47
-0.36821205212873787,0.2835511425117304,-0.2269663597241146,0.2517563052376306,2.0,0,0,2,0.16075338320826144,-0.6795456917635454,0.2330093882738245,1.2062394458745034,19,22
0.7758969183563824,0.2835511425117304,0.08053120167910058,-0.7366941908423779,1.5,0,2,3,-0.3477336712257163,0.7391148978606332,-1.2496790195694487,1.1593638707945715,34,60
0.7758969183563824,1.0025118691341282,0.5278003819019591,-0.8975080162915797,3.0,0,0,4,0.9452762671921128,-0.6795456917635454,0.29890665084463663,-0.8359051728251414,34,58
0.7758969183563824,2.0809529590677247,2.191082645855714,0.3576716178610705,2.0,0,0,2,1.2213120967419864,1.8093325356472945,0.7931361201257278,-0.8359051728251414,3,5
-0.36821205212873787,-0.7948899474218662,-0.2269663597241146,2.759065656163722,1.0,0,0,2,-0.7254669116623854,0.8386700269570668,-0.3600659748634848,1.1909539322614822,3,5
-0.36821205212873787,-0.7948899474218662,-0.7021898637109018,0.6496318906162595,1.0,0,0,3,-0.3332054696704598,-0.6795456917635454,-0.12942555586564228,-0.8359051728251414,31,36
-0.36821205212873787,-0.4354095841106673,0.6256405150757094,-0.34852288803395937,1.5,0,0,2,-0.49301568677828134,1.9586652292919449,-1.1508331257132305,1.1756684186484607,34,70
-0.36821205212873787,0.2835511425117304,-0.3108293310159006,1.1764358015705416,1.0,0,0,2,-0.652825903886103,0.5648934219418744,0.2659580195592306,-0.8359051728251414,17,16
-0.36821205212873787,-0.7948899474218662,-0.14310338843232864,0.20600754454949555,1.0,0,0,3,0.24792259253980048,-0.6795456917635454,-0.4259632374342969,1.203182343151899,3,7
-0.36821205212873787,-1.5138506740442639,-1.2892306627534036,1.1054559061998595,1.0,0,0,3,-0.943389934991233,-0.6795456917635454,-0.7554495502883577,1.189934898020614,35,66
1.9200058888415028,1.7214725957565258,1.6739276562230339,1.3391904835337858,2.0,0,0,2,0.7564096469737782,1.6848886242767525,0.16711212570301237,-0.8359051728251414,16,15
-0.36821205212873787,-0.4354095841106673,-0.24094352160607893,0.9768048458404979,1.0,0,0,2,0.14622518165300494,-0.6795456917635454,0.2330093882738245,1.2062394458745034,3,4
0.7758969183563824,1.0025118691341282,-0.35276081666179354,1.087710932357189,1.0,0,0,3,0.029999569210952887,-0.6795456917635454,-0.12942555586564228,-0.8359051728251414,30,30
-0.36821205212873787,-1.5138506740442639,-0.6043497305371515,-0.9252345379207525,1.0,0,0,2,-0.9579181365464896,0.5648934219418744,-0.7554495502883577,1.214391719801448,34,49
0.7758969183563824,0.6430315058229292,0.1923484967348152,0.06072057121263036,2.0,0,0,2,0.5965994298659566,-0.6795456917635454,1.0896738016943823,-0.8359051728251414,1,44
0.7758969183563824,0.6430315058229292,1.7018819799869624,-0.8467684817101936,2.0,0,0,2,2.1656451978336593,-0.6795456917635454,1.0567251704089764,-0.8359051728251414,19,21
-0.36821205212873787,-1.5138506740442639,-1.4429794434550112,0.06737493640363182,1.0,0,0,3,-1.1032001520990546,-0.6795456917635454,0.06826623184679415,-0.8359051728251414,19,22
0.7758969183563824,0.6430315058229292,1.897562246334463,-0.17440033220275453,2.0,0,0,2,2.3690400196072505,-0.6795456917635454,1.0896738016943823,-0.8359051728251414,32,42
1.9200058888415028,1.361992232445327,0.010645392269278948,-0.25009373625039616,1.0,0,0,2,-0.6673541054413594,1.162224196520476,1.2214683268360067,-0.8359051728251414,34,68
-1.5123210226138581,-1.5138506740442639,-0.2688978453700076,-1.0078595723756874,1.0,0,0,3,-1.0305591443227722,1.286668107891018,-1.5132680698526972,-0.8359051728251414,34,56
-0.36821205212873787,-0.4354095841106673,-0.19901203596018596,-0.3160828577278273,1.0,0,2,2,-0.4494310821125118,0.41556072829722407,-0.9860899692862002,1.1980871719475588,34,73
0.7758969183563824,2.0809529590677247,0.611663353193745,-0.9884510072352664,2.5,0,0,2,1.032445476523652,-0.6795456917635454,1.4191601145484432,1.1236976723641885,31,33
0.7758969183563824,-0.4354095841106673,-0.6882127018289375,1.6744041300304842,1.0,0,0,3,-0.31867726811520325,-0.6795456917635454,-0.09647692458023621,-0.8359051728251414,3,3
0.7758969183563824,1.0025118691341282,0.23427998238070818,-0.7699660167973851,1.5,0,0,3,0.17528158476351796,0.1168953410079233,-1.381473544711073,-0.8359051728251414,34,47
-1.5123210226138581,-1.5138506740442639,-1.0376417488780456,-0.2930698447756139,1.0,0,0,2,-0.6818823069966159,-0.6795456917635454,-0.7225009190029515,1.1960491034658225,35,61
0.7758969183563824,1.0025118691341282,0.779389295777317,0.6812401252735164,1.0,0,0,3,-0.3767900743362293,2.03333157611427,0.43070117598626095,-0.8359051728251414,5,9
0.7758969183563824,0.2835511425117304,0.2482571442626725,0.9540690981045763,2.0,0,0,3,0.6547122360869827,-0.6795456917635454,0.29890665084463663,-0.8359051728251414,16,15
-0.36821205212873787,0.6430315058229292,-0.9789376689737954,-1.698804491374672,3.0,0,0,2,-0.6208638604645386,-0.6795456917635454,1.2214683268360067,-0.8359051728251414,34,59
-1.5123210226138581,-1.5138506740442639,-1.5547967385107258,-1.8232965734896578,3.0,0,0,2,-1.2194257645411066,-0.6795456917635454,1.1885196955506006,-0.8359051728251414,34,46
-0.36821205212873787,-1.5138506740442639,-0.3248064928978649,0.38484360905765974,1.0,0,0,2,0.0590559723214659,-0.6795456917635454,-0.49186050000510906,1.2072584801153714,34,64
-0.36821205212873787,-0.7948899474218662,-0.9398016157042953,0.8575808028350551,1.0,0,0,2,-0.5801848961098204,-0.6795456917635454,-0.3600659748634848,1.1909539322614822,3,7
-1.5123210226138581,-1.5138506740442639,-1.526842414746797,-1.0694124503924507,1.0,0,2,3,-1.1903693614305937,-0.6795456917635454,-1.5132680698526972,-0.8359051728251414,34,57
-0.36821205212873787,-0.4354095841106673,0.4998460581380304,2.091411015333242,1.0,0,0,2,-0.05716964012058615,0.9880027206017172,-0.16237418715104837,1.1950300692249545,20,66
1.9200058888415028,1.7214725957565258,1.1288183428264251,0.6576725818887196,1.0,0,0,4,-0.3913182758914858,2.6804399152410885,0.2330093882738245,-0.8359051728251414,5,9
-0.36821205212873787,-0.7948899474218662,0.3181429536724941,0.483272760841223,1.0,0,2,3,-0.3767900743362293,1.2120017610686928,-0.6895522877175455,1.1868777952980099,34,69
0.7758969183563824,0.2835511425117304,0.695526324485531,-0.6956589388312022,1.5,0,0,2,-0.04264143856532965,1.3115568901651264,-1.381473544711073,1.1552877338310992,34,54
0.7758969183563824,1.0025118691341282,1.380407256701783,-0.18077743217746425,2.0,0,0,2,1.8314965620627597,-0.6795456917635454,1.386211483263037,1.1124882957146396,31,36
1.9200058888415028,0.6430315058229292,2.875963578071966,-0.9476930204403824,1.0,0,0,3,0.4803738174239046,4.298210763058134,-0.26122008100726657,-0.8359051728251414,34,52
-0.36821205212873787,-0.4354095841106673,-0.5484410830092942,1.4387286961825159,1.0,0,0,4,-0.1733952525626382,-0.6795456917635454,-0.09647692458023621,-0.8359051728251414,16,15
-0.36821205212873787,0.6430315058229292,0.7654121338953526,0.49464063470918385,2.0,0,0,2,1.1922556936314734,-0.6795456917635454,1.1226224329797885,1.2052204116336354,30,31
1.9200058888415028,-0.07592922079946847,0.2762114680266012,-0.8531455816849034,1.5,0,0,4,-0.5656566945545639,1.4608895838097768,-1.4473708072818852,-0.8359051728251414,34,54
-0.36821205212873787,-0.07592922079946847,0.06655403979713626,1.3566581921601646,1.0,0,0,2,0.4658456158686481,-0.6795456917635454,0.7931361201257278,-0.8359051728251414,18,25
-0.36821205212873787,-0.07592922079946847,-0.6462812161830445,-1.543258705035013,2.0,0,0,2,-0.9579181365464896,0.49022707511954927,1.2214683268360067,-0.8359051728251414,34,53
0.7758969183563824,2.7999136856901226,1.5062017136394619,-0.009982058941760146,2.0,0,0,2,1.9622503760600682,-0.6795456917635454,1.1226224329797885,1.2052204116336354,32,42
-1.5123210226138581,-1.5138506740442639,-1.4709337672189398,-0.9030533206174143,1.0,0,0,2,-1.1322565552095676,-0.6795456917635454,-0.9860899692862002,1.1980871719475588,34,55
0.7758969183563824,0.6430315058229292,1.1707498284723181,-0.4355841659495618,2.0,0,0,2,1.613573538733912,-0.6795456917635454,1.1226224329797885,1.2052204116336354,32,42
-0.36821205212873787,-0.7948899474218662,-1.0935503964059028,0.3962114829256206,1.0,0,0,3,-0.739995113217642,-0.6795456917635454,-0.2282714497218605,-0.8359051728251414,31,32
-0.36821205212873787,-0.4354095841106673,0.10848552544302924,-0.6521282998734009,1.0,0,0,4,-0.6237695007755899,1.2617793256169096,-1.9086516452775701,-0.8359051728251414,34,58
-1.5123210226138581,-0.4354095841106673,-0.8140071587666163,-0.2611843449020652,1.0,0,0,2,-0.4494310821125118,-0.6795456917635454,1.1555710642651946,-0.8359051728251414,30,31
0.7758969183563824,0.6430315058229292,0.3460972774364228,-1.076344080799744,1.5,0,0,3,-0.3477336712257163,1.2120017610686928,-1.4473708072818852,1.1950300692249545,34,55
0.7758969183563824,0.6430315058229292,1.2266584760001753,0.9305015547197795,2.0,0,0,2,1.6716863449549382,-0.6795456917635454,0.6283929636986973,-0.8359051728251414,3,5
0.7758969183563824,1.0025118691341282,0.9750695621248175,0.06876126248509046,2.0,0,0,2,1.410178716960321,-0.6795456917635454,0.7931361201257278,-0.8359051728251414,30,30
-0.36821205212873787,-1.5138506740442639,-1.2333220152255462,0.06737493640363182,1.0,0,0,2,-0.885277128770207,-0.6795456917635454,-2.304035220702443,1.2072584801153714,34,62
-0.36821205212873787,-1.5138506740442639,-1.2892306627534036,-0.0033276937507586866,1.0,0,0,2,-0.943389934991233,-0.6795456917635454,-0.030579662009424073,1.212353651319712,14,2
-0.36821205212873787,0.6430315058229292,-0.6043497305371515,-1.630874513383199,2.0,0,0,2,-0.6673541054413594,0.0671177764597065,1.452108745833849,-0.8359051728251414,34,57
-1.5123210226138581,-1.5138506740442639,-1.4988880909828683,-0.9363251465724216,1.0,0,0,3,-1.1613129583200807,-0.6795456917635454,-1.776857120135946,-0.8359051728251414,34,55
1.9200058888415028,1.7214725957565258,1.3664300948198187,-0.6183019434858102,2.0,0,0,2,0.5530148252001871,1.4857783660838852,1.4191601145484432,1.1236976723641885,34,48
0.7758969183563824,1.0025118691341282,0.7095034863674953,2.2436296190774008,2.0,0,1,3,1.1341428874104473,-0.6795456917635454,-0.4259632374342969,1.203182343151899,10,72
0.7758969183563824,3.1593940490013215,1.5062017136394619,-0.657119073766652,2.0,0,3,3,0.40773280964762204,1.9835540115660533,-0.6236550251467333,1.1980871719475588,34,53
-0.36821205212873787,0.6430315058229292,1.0030238858887461,0.5886335430320795,1.0,0,0,4,0.029999569210952887,1.7346661888249693,0.16711212570301237,-0.8359051728251414,20,66
-0.36821205212873787,-0.7948899474218662,-1.05161891076001,0.4965814912232259,1.0,0,0,2,-0.6964105085518725,-0.6795456917635454,-0.3271173435780787,1.214391719801448,6,65
-0.36821205212873787,0.6430315058229292,-0.6183268924191158,0.23428859661125176,2.0,0,0,3,-0.24603626033892073,-0.6795456917635454,0.6613415949841034,-0.8359051728251414,9,25
0.7758969183563824,0.6430315058229292,0.5557547056658877,0.7405748815599461,2.0,0,0,2,0.9743326703026258,-0.6795456917635454,0.924930645267352,1.2082775143562396,26,26
-0.36821205212873787,0.2835511425117304,-0.9817331013501883,-1.6688598480151655,2.0,0,0,2,-0.8416925241044375,-0.30621395765191944,1.2873655894068188,-0.8359051728251414,34,73
-0.36821205212873787,-0.07592922079946847,-0.3667379785437579,0.12282797966197731,1.0,0,0,2,-0.710938710107129,0.5648934219418744,0.06826623184679415,1.2042013773927673,19,22
0.7758969183563824,0.6430315058229292,1.5900646849312479,0.2298523531505841,2.0,0,0,2,2.0494195853916075,-0.6795456917635454,1.1555710642651946,-0.8359051728251414,24,36
1.9200058888415028,2.7999136856901226,2.498580207258929,2.2023171018499332,2.0,0,0,2,2.9937526864832797,-0.6795456917635454,1.1555710642651946,-0.8359051728251414,32,42
-1.5123210226138581,0.2835511425117304,0.8632522670691029,-0.34852288803395937,2.0,0,0,4,0.29150719720557,1.037780285149934,-2.238137958131631,-0.8359051728251414,34,53
0.7758969183563824,1.0025118691341282,0.5557547056658877,0.10674659711705711,1.0,0,0,2,0.20433798787403096,0.6395597687641996,0.6613415949841034,1.211334617078844,14,13
-1.5123210226138581,0.2835511425117304,0.4998460581380304,0.6973215078184366,1.0,0,0,2,0.9162198640815998,-0.6795456917635454,1.2214683268360067,-0.8359051728251414,30,31
-0.36821205212873787,-1.5138506740442639,-1.2193448533435818,0.62883699939438,1.0,0,0,2,-0.8707489272149506,-0.6795456917635454,-0.12942555586564228,1.1644590419989118,30,30
-1.5123210226138581,-1.5138506740442639,-1.4429794434550112,-0.7366941908423779,1.0,0,0,2,-1.1032001520990546,-0.6795456917635454,-0.6236550251467333,1.1960491034658225,34,55
3.064114859326623,1.361992232445327,1.5201788755214263,1.8094322903645554,2.0,0,0,2,1.9767785776153248,-0.6795456917635454,-0.5907063938613273,1.2042013773927673,22,24
-0.36821205212873787,-0.4354095841106673,-0.6882127018289375,1.2560109186462676,1.0,0,0,2,-0.31867726811520325,-0.6795456917635454,0.43070117598626095,1.211334617078844,32,41
-0.36821205212873787,-1.5138506740442639,-1.1494590439337602,1.3566581921601646,1.0,0,0,3,-0.798107919438668,-0.6795456917635454,-0.4259632374342969,1.203182343151899,3,7
-0.36821205212873787,1.0025118691341282,-0.18503487407822164,0.6357686298016731,1.0,0,0,3,-0.49301568677828134,0.5151158573936577,-0.12942555586564228,-0.8359051728251414,3,5
-2.6564299930989783,-0.7948899474218662,-1.2892306627534036,-0.41783919210689124,1.0,0,0,2,-0.943389934991233,-0.6795456917635454,-1.9416002765629763,1.1491735283858906,34,62
-0.36821205212873787,-0.7948899474218662,-0.29685216913393625,0.2337340661786683,2.0,0,0,2,0.08811237543197892,-0.6795456917635454,-2.0733948017046004,1.1848397268162736,34,49
-0.36821205212873787,0.2835511425117304,0.17837133485285087,0.6363231602342566,1.0,0,0,3,-0.07169784167584266,0.44044951057133247,0.16711212570301237,-0.8359051728251414,22,24
-0.36821205212873787,0.6430315058229292,0.0385997160332076,-0.01580462848388642,1.0,0,0,3,-0.9869745396570025,1.7595549710990777,-0.9860899692862002,1.203182343151899,34,56
0.7758969183563824,1.361992232445327,0.06655403979713626,0.18687624462536637,1.0,0,0,3,-0.7254669116623854,1.3613344547133432,0.43070117598626095,-0.8359051728251414,35,61
-0.36821205212873787,0.6430315058229292,0.6815491626035667,0.2758783790550109,2.0,0,0,2,1.1050864842999344,-0.6795456917635454,0.924930645267352,1.2082775143562396,37,37
-1.5123210226138581,-0.7948899474218662,-1.0236645869960812,-1.54436776590018,3.0,0,0,2,-0.6673541054413594,-0.6795456917635454,1.2544169581214126,-0.8359051728251414,34,46
-1.5123210226138581,0.6430315058229292,-0.9398016157042953,-1.6386379394393673,3.0,0,0,2,-0.5801848961098204,-0.6795456917635454,1.1555710642651946,-0.8359051728251414,34,46
-0.36821205212873787,-0.4354095841106673,-0.7441213493567947,-0.9030533206174143,1.0,0,0,2,-1.1467847567648242,0.6395597687641996,-0.6236550251467333,1.1960491034658225,34,55
0.7758969183563824,2.0809529590677247,1.5900646849312479,-0.7134039126738727,2.0,0,0,2,0.7709378485290347,1.5106671483579936,1.2873655894068188,-0.8359051728251414,16,15
0.7758969183563824,1.0025118691341282,1.2546127997641041,1.6086922737693448,2.0,0,0,2,1.7007427480654511,-0.6795456917635454,0.924930645267352,1.2082775143562396,32,42
-1.5123210226138581,-1.5138506740442639,-1.2193448533435818,-1.5684898397175602,2.0,0,0,2,-0.8707489272149506,-0.6795456917635454,0.29890665084463663,1.2164297882831843,34,63
1.9200058888415028,1.361992232445327,2.3867629122032143,-0.09066623688265284,2.0,0,0,2,2.877527074041228,-0.6795456917635454,1.1226224329797885,1.2052204116336354,21,23
0.7758969183563824,0.6430315058229292,1.4782473898755333,-0.4402976746265212,2.0,0,0,2,1.9331939729495553,-0.6795456917635454,1.0896738016943823,-0.8359051728251414,32,41
1.9200058888415028,1.361992232445327,0.695526324485531,0.20600754454949555,1.0,0,0,3,-0.4203746790019988,1.9586652292919449,-0.4259632374342969,1.203182343151899,3,7
-0.36821205212873787,-0.4354095841106673,-0.4925324354814368,0.5240307476361069,1.0,0,1,3,-0.652825903886103,0.2413392523784653,-0.09647692458023621,-0.8359051728251414,3,7
0.7758969183563824,2.0809529590677247,2.88994073995393,2.217012158313395,2.0,0,0,2,3.4005423300304622,-0.6795456917635454,1.2214683268360067,-0.8359051728251414,37,37
0.7758969183563824,1.361992232445327,0.3321201155544585,-0.9030533206174143,2.0,0,0,3,-0.07169784167584266,0.7142261155865248,0.39775254470085486,1.21337268556058,34,52
0.7758969183563824,-0.07592922079946847,0.26223430614463683,0.4003704611699965,1.5,0,0,3,0.6692404376422392,-0.6795456917635454,-0.3271173435780787,1.203182343151899,10,72
-1.5123210226138581,-0.07592922079946847,-0.758098511238759,-1.651114874172495,2.0,0,0,2,-0.3913182758914858,-0.6795456917635454,0.5295470698424791,-0.8359051728251414,14,2
-0.36821205212873787,0.6430315058229292,0.38802876308231576,0.793532537871666,1.0,0,0,3,-0.3041490665599468,1.2120017610686928,-0.12942555586564228,-0.8359051728251414,18,18
-1.5123210226138581,-1.5138506740442639,-1.2892306627534036,-0.8143284514040615,1.0,0,0,4,-0.943389934991233,-0.6795456917635454,-1.5132680698526972,1.1573258023128352,34,53
1.9200058888415028,1.0025118691341282,0.3600744393183871,1.5055496133088222,1.0,0,0,4,-0.4203746790019988,1.3613344547133432,0.2659580195592306,-0.8359051728251414,17,16
-0.36821205212873787,-0.07592922079946847,0.737457810131424,-0.1821637582589229,1.0,0,2,3,-0.4203746790019988,2.03333157611427,-0.5907063938613273,-0.8359051728251414,34,62
0.7758969183563824,1.0025118691341282,0.4159830868462444,0.6607224992679286,1.0,0,0,2,-0.49301568677828134,1.5853334951803189,0.924930645267352,1.2082775143562396,34,59
-0.36821205212873787,0.2835511425117304,-0.10117190278643567,2.3018553144986638,2.0,0,0,3,0.29150719720557,-0.6795456917635454,-0.2282714497218605,-0.8359051728251414,12,12
0.7758969183563824,-0.4354095841106673,-0.4925324354814368,-0.5315179307864996,1.0,0,0,2,-0.7690515163281549,0.44044951057133247,-0.7554495502883577,1.214391719801448,34,63
0.7758969183563824,-1.5138506740442639,-0.2688978453700076,1.0585980846465575,1.5,0,0,2,0.11716877854249193,-0.6795456917635454,-0.16237418715104837,1.1950300692249545,35,61
-0.36821205212873787,-0.7948899474218662,0.38802876308231576,-0.26534332314644116,1.5,0,0,4,0.7999942516395477,-0.6795456917635454,-1.776857120135946,-0.8359051728251414,34,63
-0.36821205212873787,-1.5138506740442639,-1.0935503964059028,0.2337340661786683,1.0,0,0,2,-0.739995113217642,-0.6795456917635454,-1.2496790195694487,-0.8359051728251414,34,68
0.7758969183563824,0.2835511425117304,0.10848552544302924,0.11950079706647658,1.0,0,0,2,-0.710938710107129,1.41111201926156,0.29890665084463663,1.2164297882831843,14,13
0.7758969183563824,-1.5138506740442639,-1.1354818820517958,-0.04242208924789226,1.5,0,0,2,-0.7835797178834115,-0.6795456917635454,-0.7883981815737637,-0.8359051728251414,34,69
-0.36821205212873787,0.6430315058229292,-0.5624182448912585,-1.6985272261583804,3.0,0,0,2,-0.1879234541178947,-0.6795456917635454,1.2873655894068188,-0.8359051728251414,34,46
-0.36821205212873787,-0.07592922079946847,-0.9258244538223309,-1.646124100279244,3.0,0,0,2,-0.5656566945545639,-0.6795456917635454,1.1885196955506006,-0.8359051728251414,34,46
-0.36821205212873787,-0.4354095841106673,-0.07321757902250701,-0.4172846616743078,1.0,0,0,3,-1.0450873458780285,1.659999842002644,-0.8213468128591698,-0.8359051728251414,34,60
-0.36821205212873787,-0.07592922079946847,-0.2828750072519719,0.483272760841223,1.0,0,0,2,-0.4203746790019988,0.2164504701043569,0.2659580195592306,-0.8359051728251414,16,15
-0.36821205212873787,-1.5138506740442639,-1.4709337672189398,0.5492618823186541,1.5,0,0,4,-1.1322565552095676,-0.6795456917635454,-0.7883981815737637,-0.8359051728251414,35,66
1.9200058888415028,-0.07592922079946847,0.09450836356106491,-0.8445503599798598,1.5,0,2,3,-0.5511284929993073,1.1124466319722592,-2.0404461704191945,-0.8359051728251414,34,52
0.7758969183563824,1.0025118691341282,1.5900646849312479,-0.015527363267594695,2.0,0,0,2,2.0494195853916075,-0.6795456917635454,1.1885196955506006,-0.8359051728251414,31,36
-0.36821205212873787,-0.4354095841106673,-0.8559386444125093,-1.3189511450550055,1.0,0,0,2,-1.1467847567648242,0.44044951057133247,-1.7109598575651337,-0.8359051728251414,34,47
0.7758969183563824,0.2835511425117304,-0.059240417140542685,-0.36515880101146303,1.0,0,1,2,-0.2750926634494337,0.36578316374900727,-0.2282714497218605,1.2103155828379757,34,52
0.7758969183563824,0.6430315058229292,-0.14310338843232864,-0.5772666914746345,2.0,0,0,2,0.24792259253980048,-0.6795456917635454,1.0896738016943823,-0.8359051728251414,21,23
0.7758969183563824,0.6430315058229292,0.42996024872820876,2.054534741566443,2.0,0,0,3,0.8435788563053173,-0.6795456917635454,0.6283929636986973,-0.8359051728251414,24,36
-0.36821205212873787,1.0025118691341282,1.3943844185837473,-0.4680241962556939,1.0,0,0,2,0.29150719720557,1.9835540115660533,1.1226224329797885,1.2052204116336354,41,40
-1.5123210226138581,-0.7948899474218662,-0.4925324354814368,-0.9917781898307672,1.0,0,2,2,-0.5511284929993073,0.0671177764597065,-0.953141338000794,1.1960491034658225,34,60
-0.36821205212873787,0.6430315058229292,-0.63230405430108,-1.5510221310911814,2.0,0,0,2,-0.6964105085518725,0.0671177764597065,1.386211483263037,1.1124882957146396,34,60
1.9200058888415028,1.0025118691341282,0.7095034863674953,0.20600754454949555,1.0,0,0,3,-0.6092412992203334,2.3071081811294625,0.06826623184679415,-0.8359051728251414,19,22
0.7758969183563824,0.6430315058229292,1.6739276562230339,0.9959361457646271,2.0,0,0,2,2.1365887947231466,-0.6795456917635454,1.4191601145484432,1.1236976723641885,19,21
0.7758969183563824,1.0025118691341282,2.875963578071966,-0.17190494525612898,2.0,0,0,2,3.3860141284752054,-0.6795456917635454,1.0896738016943823,-0.8359051728251414,30,31
-0.36821205212873787,-0.07592922079946847,-0.5204867592453655,-0.8808721033140762,2.0,0,0,2,-0.1443388494521252,-0.6795456917635454,-1.5462167011381034,1.1838206925754056,34,53
-1.5123210226138581,-0.7948899474218662,-1.2472991771075106,-1.041685928763278,1.5,0,0,3,-0.8998053303254635,-0.6795456917635454,-2.1722406955608187,-0.8359051728251414,34,63
-0.36821205212873787,0.6430315058229292,0.024622554151243276,-0.43475237030068664,2.0,0,0,2,0.42226101120287857,-0.6795456917635454,1.2873655894068188,-0.8359051728251414,37,37
0.7758969183563824,0.6430315058229292,0.4159830868462444,-0.7530528386035897,2.0,0,0,2,0.8290506547500608,-0.6795456917635454,1.1885196955506006,-0.8359051728251414,9,25
-0.36821205212873787,1.0025118691341282,0.1154741063840114,2.64788230443074,2.0,1,4,2,0.5166943213120458,-0.6795456917635454,1.2214683268360067,-0.8359051728251414,6,67
-0.36821205212873787,-0.07592922079946847,-0.7441213493567947,0.03521217131379143,1.0,0,0,2,-0.739995113217642,-0.057326134910835484,0.29890665084463663,1.2164297882831843,31,35
-0.36821205212873787,0.2835511425117304,-0.4226466260716152,1.396861648522465,2.0,0,0,3,-0.04264143856532965,-0.6795456917635454,0.4965984385570731,-0.8359051728251414,31,35
-0.36821205212873787,0.2835511425117304,0.4020059249642801,-0.8864174076399106,1.0,0,0,2,-0.47848748522302487,1.535555930632102,0.7601874888403216,-0.8359051728251414,34,56
0.7758969183563824,0.6430315058229292,0.9610924002428531,-0.7730159341765941,2.0,0,0,2,1.3956505154050645,-0.6795456917635454,1.2544169581214126,-0.8359051728251414,9,25
-0.36821205212873787,0.6430315058229292,-0.9957102632321526,-1.6433514481163267,2.0,0,0,2,-0.943389934991233,-0.15688126400726907,1.2544169581214126,-0.8359051728251414,34,55
-0.36821205212873787,0.6430315058229292,1.3943844185837473,-0.33465962721937303,2.0,0,0,2,1.8460247636180163,-0.6795456917635454,1.2544169581214126,-0.8359051728251414,37,37
-0.36821205212873787,-0.07592922079946847,-0.18503487407822164,-0.6257881043256869,1.0,0,0,3,-0.8416925241044375,1.1124466319722592,-0.920192706715388,1.1838206925754056,34,53
0.7758969183563824,0.6430315058229292,0.010645392269278948,0.815991020391296,1.0,0,0,3,-0.7545233147728985,1.3115568901651264,0.2330093882738245,-0.8359051728251414,18,25
-0.36821205212873787,0.6430315058229292,0.737457810131424,-0.7924244993170151,2.0,0,0,2,1.1631992905209605,-0.6795456917635454,1.2214683268360067,-0.8359051728251414,37,37
0.7758969183563824,1.361992232445327,2.219036969619643,-0.6549009520363183,1.0,0,0,2,0.4658456158686481,3.153326778449148,-0.5248091312905151,1.2072584801153714,34,49
0.7758969183563824,0.2835511425117304,1.3105214472919613,-0.2708886274722757,1.5,0,0,3,0.4658456158686481,1.535555930632102,-2.1392920642754127,-0.8359051728251414,34,52
-0.36821205212873787,0.6430315058229292,1.2266584760001753,0.12282797966197731,2.0,0,0,2,1.6716863449549382,-0.6795456917635454,1.0237765391235703,-0.8359051728251414,3,5
-0.36821205212873787,-0.7948899474218662,-0.6462812161830445,2.0972335848753687,1.0,0,0,3,-0.2750926634494337,-0.6795456917635454,-0.3930146061488909,1.1736303501667247,18,25
-0.36821205212873787,-0.7948899474218662,-0.8699158062944736,-0.9363251465724216,1.0,0,0,2,-0.827164322549181,-0.1319924817331607,-0.458911868719703,1.203182343151899,34,55
-0.36821205212873787,0.2835511425117304,-0.4226466260716152,-1.3134058407291709,2.0,0,0,2,-0.04264143856532965,-0.6795456917635454,1.1555710642651946,-0.8359051728251414,16,17
-0.36821205212873787,1.7214725957565258,0.6815491626035667,-1.4789331748553323,2.0,0,2,2,0.262450794095057,0.7640036801347416,1.1885196955506006,-0.8359051728251414,34,51
0.7758969183563824,0.6430315058229292,0.4998460581380304,-0.7536073690361732,2.0,0,0,2,0.9162198640815998,-0.6795456917635454,1.0237765391235703,-0.8359051728251414,31,35
-0.36821205212873787,0.2835511425117304,0.22030282049874386,1.3461221139410788,2.0,0,0,2,0.6256558329764697,-0.6795456917635454,0.43070117598626095,1.211334617078844,30,30
-0.36821205212873787,-1.5138506740442639,-0.800029996884652,0.7461201858857807,1.0,0,0,2,-0.43490288055725534,-0.6795456917635454,0.2330093882738245,1.2062394458745034,4,8
-0.36821205212873787,-0.7948899474218662,-0.4226466260716152,0.06044330599633863,1.0,0,1,2,-0.7254669116623854,0.49022707511954927,-0.9860899692862002,1.1980871719475588,34,53
0.7758969183563824,0.6430315058229292,1.2825671235280327,-0.7228309300277914,2.0,0,0,2,1.729799151175964,-0.6795456917635454,1.1226224329797885,1.2052204116336354,21,23
-0.36821205212873787,-0.4354095841106673,-0.43662378795357953,0.38484360905765974,1.0,0,0,2,-0.6818823069966159,0.39067194602311567,0.10121486313220021,1.2154107540423162,30,30
-1.5123210226138581,-1.5138506740442639,-1.7225226810942975,-1.1803185369091418,1.0,0,0,3,-1.3937641832041847,-0.6795456917635454,-1.7109598575651337,1.1756684186484607,34,46
0.7758969183563824,0.2835511425117304,0.37405160120035147,1.1071194974976097,1.5,0,0,4,-0.5220720898887944,1.5604447129062105,-1.6450625949943216,-0.8359051728251414,19,21
0.7758969183563824,0.2835511425117304,-0.04526325525857836,0.372366674324532,1.0,0,0,3,0.34962000342659605,-0.6795456917635454,0.16711212570301237,-0.8359051728251414,14,13
3.064114859326623,1.0025118691341282,0.9750695621248175,2.5380852787792154,1.0,0,0,3,-0.013585035454816633,1.7595549710990777,0.13416349441760628,-0.8359051728251414,30,30
-0.36821205212873787,-1.5138506740442639,-0.758098511238759,-0.34852288803395937,1.0,0,0,2,-0.3913182758914858,-0.6795456917635454,-0.5248091312905151,1.2072584801153714,31,33
0.7758969183563824,0.6430315058229292,0.695526324485531,-0.6257881043256869,2.0,0,0,2,1.119614685855191,-0.6795456917635454,1.2873655894068188,-0.8359051728251414,37,37
0.7758969183563824,-0.4354095841106673,0.010645392269278948,-0.6812411475840323,1.0,0,0,4,-0.9143335318807201,1.5853334951803189,-1.5791653324235095,1.1573258023128352,34,58
-0.36821205212873787,-1.5138506740442639,-0.9817331013501883,-0.34852288803395937,1.0,0,0,3,-0.6237695007755899,-0.6795456917635454,-0.09647692458023621,-0.8359051728251414,1,1
-0.36821205212873787,0.2835511425117304,-0.6183268924191158,0.6496318906162595,1.0,0,0,3,-0.710938710107129,0.1168953410079233,0.5624957011278853,-0.8359051728251414,11,11
-0.36821205212873787,-0.07592922079946847,-0.3667379785437579,-0.7444576168985462,1.5,0,0,2,0.015471367655696379,-0.6795456917635454,-1.2826276508548549,-0.8359051728251414,34,55
-1.5123210226138581,-1.5138506740442639,-1.526842414746797,-0.48438284401690584,1.0,0,0,2,-1.1903693614305937,-0.6795456917635454,-0.49186050000510906,1.2072584801153714,34,62
-1.5123210226138581,-1.5138506740442639,-1.2193448533435818,-0.636878712977356,1.0,0,0,2,-0.8707489272149506,-0.6795456917635454,-1.4473708072818852,1.2052204116336354,34,46
-0.36821205212873787,-0.4354095841106673,-0.883892968176438,0.194362405465243,1.0,0,0,2,-0.5220720898887944,-0.6795456917635454,0.8590333826965398,-0.8359051728251414,1,44
0.7758969183563824,0.2835511425117304,0.09450836356106491,-0.9585063638757598,2.0,0,0,2,0.4949020189791611,-0.6795456917635454,1.0237765391235703,-0.8359051728251414,34,53
0.7758969183563824,-1.5138506740442639,-1.0236645869960812,-0.01580462848388642,1.5,0,0,2,-0.6673541054413594,-0.6795456917635454,-0.8542954441445759,-0.8359051728251414,34,70
-0.36821205212873787,0.6430315058229292,0.48586889625606605,-1.37745410569256,2.0,0,0,2,0.320563600316083,0.31600559920079047,1.1885196955506006,-0.8359051728251414,16,15
-0.36821205212873787,0.6430315058229292,0.9471152383608888,-0.00027777637154968455,2.0,0,0,2,1.381122313849808,-0.6795456917635454,1.452108745833849,-0.8359051728251414,19,21
0.7758969183563824,1.0025118691341282,1.7158591418689269,0.23290227052979312,2.0,0,0,2,2.180173399388916,-0.6795456917635454,1.452108745833849,-0.8359051728251414,19,21
-0.36821205212873787,0.6430315058229292,-0.12912622655036432,-0.6227381869464779,2.0,0,0,2,0.262450794095057,-0.6795456917635454,1.386211483263037,1.1124882957146396,21,23
-1.5123210226138581,-1.5138506740442639,-1.2892306627534036,1.2926099271967755,1.0,0,0,2,-0.943389934991233,-0.6795456917635454,-0.7554495502883577,1.214391719801448,35,66
0.7758969183563824,-0.7948899474218662,-0.059240417140542685,-0.08844811515231901,1.5,0,0,2,0.3350918018713395,-0.6795456917635454,-1.6780112262797278,1.203182343151899,34,54
0.7758969183563824,0.2835511425117304,0.9331380764789245,-0.24038945368018566,1.0,0,0,2,-0.3913182758914858,2.331996963403571,0.2659580195592306,-0.8359051728251414,14,13
0.7758969183563824,0.6430315058229292,1.0868868571805321,-0.18687726693588227,2.0,0,0,2,1.526404329402373,-0.6795456917635454,1.0896738016943823,-0.8359051728251414,31,36
-1.5123210226138581,-0.4354095841106673,-0.5903725686551872,-0.6313334086515214,1.0,0,0,2,-0.21697985722840774,-0.6795456917635454,1.1885196955506006,-0.8359051728251414,30,31
-0.36821205212873787,-1.5138506740442639,-0.6183268924191158,0.04935269734466953,1.0,0,0,2,-0.7835797178834115,0.2413392523784653,-0.030579662009424073,1.212353651319712,10,72
0.7758969183563824,0.6430315058229292,1.1288183428264251,1.5643298391626683,2.0,0,0,3,1.5699889340681425,-0.6795456917635454,0.6613415949841034,-0.8359051728251414,32,42
0.7758969183563824,-0.4354095841106673,-0.9537787775862596,0.03964841477445907,1.0,0,0,4,-0.5947130976650769,-0.6795456917635454,-0.3600659748634848,-0.8359051728251414,3,7
1.9200058888415028,1.0025118691341282,0.4020059249642801,-0.9030533206174143,1.0,0,0,2,-0.6237695007755899,1.784443753373186,0.10121486313220021,1.2154107540423162,34,63
0.7758969183563824,0.6430315058229292,0.4159830868462444,0.3790210395155335,1.0,0,0,3,-0.3332054696704598,1.3115568901651264,-0.030579662009424073,-0.8359051728251414,30,30
-0.36821205212873787,1.0025118691341282,0.8492751051871386,-0.7106312605109555,2.0,0,0,2,1.2794249029630125,-0.6795456917635454,1.1555710642651946,-0.8359051728251414,32,41
-0.36821205212873787,0.6430315058229292,1.0309782096526747,0.8939025461692715,2.0,0,0,2,1.4682915231813471,-0.6795456917635454,1.0896738016943823,-0.8359051728251414,19,21
-2.6564299930989783,-1.5138506740442639,-1.5967282241566187,1.60952406941822,1.0,0,0,2,-1.2630103692068761,-0.6795456917635454,-0.920192706715388,1.201144274670163,34,68
-2.6564299930989783,-1.8733310373554628,-1.0655960726419742,1.9109113595273277,1.0,0,0,4,-1.1322565552095676,0.042228994185598105,-0.26122008100726657,-0.8359051728251414,12,12
-1.5123210226138581,-1.5138506740442639,-1.610705386038583,-0.15859621487412606,1.0,0,0,3,-1.2775385707621327,-0.6795456917635454,-0.7225009190029515,-0.8359051728251414,1,1
-0.36821205212873787,-0.4354095841106673,-0.43662378795357953,-0.34852288803395937,1.0,0,0,4,-0.8998053303254635,0.7640036801347416,-0.7554495502883577,-0.8359051728251414,34,46
0.7758969183563824,1.361992232445327,0.5976861913117807,-0.27920658396102754,1.0,0,2,2,-0.28962086500469025,1.5604447129062105,-0.3271173435780787,1.214391719801448,34,56
0.7758969183563824,0.6430315058229292,0.22030282049874386,0.6779129426780157,1.0,0,0,4,-0.49301568677828134,1.2368905433428012,-0.16237418715104837,-0.8359051728251414,35,61
-0.36821205212873787,-0.07592922079946847,-1.0655960726419742,0.0002767540610337704,1.0,0,0,2,-0.710938710107129,-0.6795456917635454,0.463649807271667,-0.8359051728251414,1,0
-0.36821205212873787,-1.5138506740442639,-1.4709337672189398,3.0354990768065746,1.0,0,0,3,-1.1322565552095676,-0.6795456917635454,-0.8213468128591698,-0.8359051728251414,34,70
-1.5123210226138581,-0.07592922079946847,0.4579145724921374,0.6507409514814264,1.0,0,0,2,0.8726352594158303,-0.6795456917635454,0.6613415949841034,1.211334617078844,5,9
-0.36821205212873787,-1.5138506740442639,-0.6602583780650088,0.6912216730600186,1.0,0,0,3,-0.28962086500469025,-0.6795456917635454,-0.030579662009424073,-0.8359051728251414,18,25
-1.5123210226138581,-1.5138506740442639,-0.19901203596018596,-0.9030533206174143,1.0,0,0,3,-0.8998053303254635,1.1871129787945844,-1.5462167011381034,-0.8359051728251414,34,52
0.7758969183563824,0.6430315058229292,0.16439417297088654,-0.54926290462917,2.0,0,0,2,0.5675430267554437,-0.6795456917635454,1.1885196955506006,-0.8359051728251414,31,36
1.9200058888415028,-0.4354095841106673,-0.07321757902250701,0.7605379771329505,1.0,0,0,2,-1.0160309427675156,1.6102222774544273,-0.2282714497218605,1.2103155828379757,19,22
-0.36821205212873787,-0.4354095841106673,-0.3248064928978649,0.31691363106618653,1.0,0,0,2,-0.28962086500469025,-0.08221491718494388,-0.7554495502883577,1.214391719801448,34,73
0.7758969183563824,2.4404333223789236,2.135173998327857,-0.1439011584106645,2.0,0,0,2,2.616019446046611,-0.6795456917635454,1.4191601145484432,1.1236976723641885,31,36
-0.36821205212873787,-0.4354095841106673,0.6396176769576737,-0.029945154514764524,1.0,0,0,2,-0.4494310821125118,1.908887664743728,-0.49186050000510906,1.2072584801153714,34,59
-0.36821205212873787,1.0025118691341282,-0.5204867592453655,0.03743029304412525,1.0,0,0,4,-0.9143335318807201,0.6395597687641996,0.06826623184679415,-0.8359051728251414,19,22
-1.5123210226138581,-1.5138506740442639,-1.694568357330369,-0.6146974956740178,1.0,0,0,2,-1.3647077800936718,-0.6795456917635454,-0.49186050000510906,1.2072584801153714,34,48
0.7758969183563824,-0.7948899474218662,-0.017308931494649706,0.8722758592985167,1.0,0,0,2,-0.4203746790019988,0.6893373333124164,-0.3600659748634848,1.1909539322614822,14,13
-1.5123210226138581,-1.5138506740442639,-1.7225226810942975,-0.5703350610673413,1.0,0,0,4,-1.3937641832041847,-0.6795456917635454,-0.5907063938613273,1.2001252404292948,31,33
-0.36821205212873787,0.6430315058229292,-0.21298919784215029,-0.011922915455802239,1.0,0,0,3,-0.3767900743362293,0.26622803465257366,0.5295470698424791,-0.8359051728251414,18,18
0.7758969183563824,0.6430315058229292,1.5201788755214263,0.057670653833421355,2.0,0,0,2,1.9767785776153248,-0.6795456917635454,1.1226224329797885,1.2052204116336354,32,42
0.7758969183563824,0.2835511425117304,-0.0033317696126853795,0.0540662060216289,1.0,0,0,2,-0.3332054696704598,0.5648934219418744,0.463649807271667,-0.8359051728251414,18,19
-1.5123210226138581,-0.7948899474218662,-0.5065095973634012,-1.0139594071341054,1.5,0,2,3,-0.49301568677828134,-0.057326134910835484,-2.106343432990007,1.1919729665023502,34,57
0.7758969183563824,0.2835511425117304,0.7933664576592813,0.4461192218581315,2.0,0,0,3,1.2213120967419864,-0.6795456917635454,0.5624957011278853,-0.8359051728251414,3,6
-0.36821205212873787,-1.5138506740442639,-1.4290022815730468,0.4247698002036685,1.0,0,0,2,-1.088671950543798,-0.6795456917635454,-0.12942555586564228,1.1644590419989118,34,65
0.7758969183563824,-0.7948899474218662,-0.12912622655036432,-0.8096149427271021,2.0,0,0,3,0.262450794095057,-0.6795456917635454,-1.7439084888505398,-0.8359051728251414,34,52
-0.36821205212873787,-0.07592922079946847,-0.674235539946973,-1.3466776666841782,1.5,0,0,2,-0.3041490665599468,-0.6795456917635454,-2.304035220702443,1.2052204116336354,34,49
-0.36821205212873787,-0.4354095841106673,-0.841961482530545,1.6206146780698891,1.0,0,0,2,-0.47848748522302487,-0.6795456917635454,-0.06352829329483015,1.1991062061884268,14,2
-0.36821205212873787,0.6430315058229292,-0.0033317696126853795,-1.6383606742230756,2.0,0,0,2,-0.5220720898887944,0.8884475915052836,1.1555710642651946,-0.8359051728251414,34,73
0.7758969183563824,-1.5138506740442639,-0.6882127018289375,-1.0139594071341054,1.5,0,0,3,-0.31867726811520325,-0.6795456917635454,-1.5132680698526972,-0.8359051728251414,34,54
0.7758969183563824,0.6430315058229292,1.0729096952985677,0.4305923697457948,2.0,0,0,2,1.5118761278471164,-0.6795456917635454,1.1226224329797885,1.2052204116336354,30,30
0.7758969183563824,0.6430315058229292,0.1364398492069579,-0.9293935161651284,1.5,0,0,3,-0.04264143856532965,0.31600559920079047,-1.4473708072818852,1.1950300692249545,34,46
-0.36821205212873787,0.2835511425117304,-0.5763954067732228,-1.6669189915011235,3.0,0,0,2,-0.2024516556731512,-0.6795456917635454,1.1226224329797885,1.2052204116336354,34,46
-0.36821205212873787,-0.4354095841106673,-0.9817331013501883,0.06737493640363182,1.0,0,0,2,-0.6237695007755899,-0.6795456917635454,0.5624957011278853,1.202163308911031,19,22
-0.36821205212873787,0.6430315058229292,1.4502930661116047,1.3109094314720295,1.0,0,0,2,0.16075338320826144,2.3071081811294625,0.8260847514111338,-0.8359051728251414,32,41
0.7758969183563824,-1.5138506740442639,-0.4645781117175082,-0.4871554961798231,1.5,0,0,3,-0.08622604323109917,-0.6795456917635454,-0.7883981815737637,1.1909539322614822,34,55
0.7758969183563824,-0.4354095841106673,0.37405160120035147,0.2337340661786683,1.5,0,0,4,-0.3767900743362293,1.3115568901651264,-0.920192706715388,-0.8359051728251414,34,68
-1.5123210226138581,-1.5138506740442639,-1.5827510622746543,-1.0888210155328717,1.0,0,0,2,-1.2484821676516198,-0.6795456917635454,-1.7109598575651337,-0.8359051728251414,34,49
-0.36821205212873787,-0.4354095841106673,-0.35276081666179354,-1.3466776666841782,1.0,0,0,4,-1.1467847567648242,1.3364456724392348,-1.5791653324235095,1.1573258023128352,34,58
-0.36821205212873787,-1.5138506740442639,-0.8559386444125093,-1.007027776726812,2.0,0,0,2,-0.49301568677828134,-0.6795456917635454,-2.304035220702443,1.2072584801153714,34,58
-0.36821205212873787,-0.4354095841106673,-0.758098511238759,0.4000931959537048,1.0,0,3,3,-1.1903693614305937,0.6893373333124164,-1.9086516452775701,1.1909539322614822,31,34
0.7758969183563824,0.6430315058229292,1.2224653274355861,0.6024968038466658,2.0,0,0,2,1.6673278844883612,-0.6795456917635454,0.8590333826965398,-0.8359051728251414,17,16
0.7758969183563824,2.0809529590677247,1.897562246334463,-0.5110003047809116,2.0,0,1,2,1.0179172749683953,1.6351110597285357,1.1885196955506006,-0.8359051728251414,19,22
-0.36821205212873787,0.6430315058229292,0.09450836356106491,0.539280334532152,2.0,0,0,3,0.4949020189791611,-0.6795456917635454,0.7272388575549156,-0.8359051728251414,21,23
-0.36821205212873787,0.6430315058229292,0.5417775437839234,0.09759684497943011,2.0,0,0,2,0.9598044687473694,-0.6795456917635454,1.0896738016943823,-0.8359051728251414,16,15
0.7758969183563824,0.2835511425117304,0.1923484967348152,0.025785153959872697,2.0,0,0,3,0.5965994298659566,-0.6795456917635454,0.2330093882738245,-0.8359051728251414,18,20
-0.36821205212873787,-0.4354095841106673,0.1364398492069579,2.7291210128042156,1.0,0,0,3,0.5384866236449306,-0.6795456917635454,-0.5577577625759212,1.1848397268162736,6,67
0.7758969183563824,1.361992232445327,0.37405160120035147,0.9823501501663324,1.0,0,0,2,0.7854660500842913,-0.6795456917635454,-0.3271173435780787,1.214391719801448,31,35
-1.5123210226138581,0.6430315058229292,0.6256405150757094,0.5869699517343291,1.0,0,2,2,1.0469736780789083,-0.6795456917635454,1.3532628519776309,-0.8359051728251414,30,31
-0.36821205212873787,2.0809529590677247,2.0373338651541064,0.7821646640037052,2.0,0,0,2,2.005834980725838,0.1915616878302485,1.386211483263037,1.1124882957146396,24,36
0.7758969183563824,0.6430315058229292,-0.3807151404257222,0.22347525317587438,1.0,0,0,3,0.0009431661004398731,-0.6795456917635454,0.2659580195592306,1.202163308911031,10,72
-0.36821205212873787,0.6430315058229292,0.6983217568619239,0.5916834604112885,2.0,0,2,2,1.1225203261662422,-0.6795456917635454,1.1555710642651946,-0.8359051728251414,14,0
-0.36821205212873787,-1.5138506740442639,-0.758098511238759,1.543257682724497,1.0,0,0,3,-0.3913182758914858,-0.6795456917635454,-0.06352829329483015,-0.8359051728251414,41,43
0.7758969183563824,-0.4354095841106673,1.1847269903542825,0.7328114555037777,2.0,0,0,3,1.6281017402891687,-0.6795456917635454,0.2659580195592306,1.202163308911031,32,41
-1.5123210226138581,-0.7948899474218662,-1.5408195766287613,-1.6425196524674515,2.0,0,0,2,-1.2048975629858503,-0.6795456917635454,1.1555710642651946,-0.8359051728251414,34,62
-0.36821205212873787,-1.5138506740442639,-1.2612763389894748,-0.31331020556491,1.0,0,0,2,-1.1322565552095676,-0.30621395765191944,-0.7554495502883577,1.214391719801448,34,59
-1.5123210226138581,-0.4354095841106673,0.5417775437839234,-0.4871554961798231,1.5,0,2,2,0.08811237543197892,0.8137812446829584,-1.4803194385672913,1.202163308911031,34,63
0.7758969183563824,0.6430315058229292,-0.17105771219625732,-0.2073948929414701,2.0,0,0,2,0.21886618942928748,-0.6795456917635454,0.7931361201257278,-0.8359051728251414,18,25
0.7758969183563824,0.6430315058229292,0.22030282049874386,-0.34214578805924967,2.0,0,0,2,0.6256558329764697,-0.6795456917635454,0.6613415949841034,1.211334617078844,16,17
0.7758969183563824,0.6430315058229292,1.2266584760001753,0.705084933874605,1.0,0,0,3,0.0735841738767224,2.0582203583883785,0.10121486313220021,-0.8359051728251414,3,5
-0.36821205212873787,-0.4354095841106673,0.22030282049874386,-0.7020360388059119,2.0,0,0,2,-0.07169784167584266,0.5151158573936577,-0.7554495502883577,1.2154107540423162,34,73
1.9200058888415028,1.361992232445327,0.23427998238070818,0.12698695790635323,1.0,0,0,2,-0.5947130976650769,1.4360008015356684,1.4191601145484432,1.1236976723641885,6,68
0.7758969183563824,1.361992232445327,0.7095034863674953,0.6496318906162595,2.0,0,0,4,1.1341428874104473,-0.6795456917635454,-0.29416871229267266,-0.8359051728251414,19,22
1.9200058888415028,2.0809529590677247,2.666306149842501,0.2833645398948875,2.0,0,0,2,3.168091105146358,-0.6795456917635454,1.0237765391235703,-0.8359051728251414,32,41
-0.36821205212873787,-0.07592922079946847,0.12246268732499356,0.23872484007191938,1.0,0,0,2,-0.9288617334359766,1.8093325356472945,-0.2282714497218605,1.2103155828379757,3,7
-0.36821205212873787,-1.5138506740442639,-0.7301441874748303,-0.6091521913481832,1.0,0,0,3,-1.088671950543798,0.5648934219418744,-0.458911868719703,-0.8359051728251414,34,61
0.7758969183563824,0.6430315058229292,0.9610924002428531,0.725325294663901,2.0,0,0,2,1.3956505154050645,-0.6795456917635454,0.5624957011278853,1.202163308911031,16,42
1.9200058888415028,-0.4354095841106673,-0.059240417140542685,-0.6257881043256869,1.5,0,0,2,-0.827164322549181,1.3115568901651264,-2.106343432990007,1.2164297882831843,34,49
-1.5123210226138581,-1.5138506740442639,-1.6246825479205473,0.24732006177696295,1.0,0,0,4,-1.2920667723173893,-0.6795456917635454,-0.7225009190029515,1.1868777952980099,35,66
-0.36821205212873787,0.6430315058229292,0.1923484967348152,-0.8664543120669063,2.0,0,0,2,0.5965994298659566,-0.6795456917635454,0.9578792765527581,-0.8359051728251414,32,41
0.7758969183563824,1.0025118691341282,1.8696079225705344,1.5590618000531256,2.0,0,0,2,2.3399836164967374,-0.6795456917635454,1.452108745833849,-0.8359051728251414,19,21
-0.36821205212873787,0.6430315058229292,-0.19901203596018596,0.2459337356955043,2.0,0,0,2,0.18980978631877446,-0.6795456917635454,0.6283929636986973,-0.8359051728251414,32,41
-1.5123210226138581,-0.4354095841106673,-0.9957102632321526,-0.6257881043256869,1.0,0,0,4,-1.1613129583200807,0.2164504701043569,-1.6121139637089155,-0.8359051728251414,31,34
0.7758969183563824,0.6430315058229292,2.2609684552655356,0.21931627493149847,2.0,0,0,2,2.7467732600439194,-0.6795456917635454,1.2214683268360067,-0.8359051728251414,37,37
-0.36821205212873787,0.6430315058229292,-0.22836407591231106,0.018576258336287784,2.0,0,0,2,0.1593005630527358,-0.6795456917635454,1.386211483263037,1.1124882957146396,1,44
-0.36821205212873787,0.6430315058229292,-0.35276081666179354,-1.4575837532008693,3.0,0,0,2,0.029999569210952887,-0.6795456917635454,-2.0074975391337886,1.2001252404292948,34,47
0.7758969183563824,0.6430315058229292,1.3943844185837473,3.033835485508824,2.0,0,0,2,1.8460247636180163,-0.6795456917635454,0.924930645267352,1.2082775143562396,32,42
6.496441770781984,3.5188744123125204,2.6523289879605367,-0.07458485433773264,2.5,0,0,2,1.148671088965704,2.7551062620634137,-1.0519872318570123,1.2052204116336354,34,46
-0.36821205212873787,-0.4354095841106673,-1.0935503964059028,0.22791149663654203,1.0,0,0,3,-0.739995113217642,-0.6795456917635454,0.43070117598626095,-0.8359051728251414,18,18
-0.36821205212873787,0.6430315058229292,0.48586889625606605,-0.33992766632891586,2.0,0,0,2,0.9016916625263433,-0.6795456917635454,1.3532628519776309,-0.8359051728251414,11,11
-1.5123210226138581,-0.4354095841106673,-0.5484410830092942,-0.8961216902101211,1.0,0,0,3,-0.6818823069966159,0.1915616878302485,-2.0404461704191945,-0.8359051728251414,34,54
-0.36821205212873787,0.6430315058229292,0.024622554151243276,-0.10702488464386475,2.0,0,0,2,0.42226101120287857,-0.6795456917635454,0.891982013981946,-0.8359051728251414,35,66
-0.36821205212873787,0.6430315058229292,1.0449553715346391,0.6912216730600186,1.0,0,0,3,-0.07169784167584266,1.9835540115660533,0.29890665084463663,-0.8359051728251414,19,22
0.7758969183563824,1.0025118691341282,0.9610924002428531,-0.2991696795340319,2.0,0,0,2,1.3956505154050645,-0.6795456917635454,1.4191601145484432,1.1236976723641885,26,26
-1.5123210226138581,-1.5138506740442639,-1.6386597098025117,-1.1800412716928501,1.0,0,0,2,-1.3065949738726457,-0.6795456917635454,-1.875703013992164,1.1848397268162736,34,63
-0.36821205212873787,0.2835511425117304,-0.059240417140542685,-0.01580462848388642,1.0,0,0,3,-0.6237695007755899,0.9631139383276088,0.10121486313220021,-0.8359051728251414,34,59
-0.36821205212873787,-0.7948899474218662,-0.8978701300584023,-1.6555511176331628,3.0,0,0,2,-0.5366002914440509,-0.6795456917635454,0.9908279078381641,-0.8359051728251414,34,46
-0.36821205212873787,-0.07592922079946847,-0.8279843206485806,0.3460264787768179,1.0,0,0,2,-0.46395928366776834,-0.6795456917635454,-1.2826276508548549,-0.8359051728251414,33,68
0.7758969183563824,-0.07592922079946847,-0.18503487407822164,-1.1886364933978937,1.0,0,0,3,-0.9579181365464896,1.3115568901651264,-1.5462167011381034,-0.8359051728251414,34,53
-0.36821205212873787,0.2835511425117304,-0.04526325525857836,-0.9141439292690834,1.5,0,0,2,-0.6673541054413594,1.0626690674240424,-2.1392920642754127,1.212353651319712,34,58
-1.5123210226138581,-0.4354095841106673,-1.526842414746797,-1.0860483633699545,1.0,0,0,2,-1.3937641832041847,-0.33110273992602784,-1.9086516452775701,1.1960491034658225,34,49
3.064114859326623,-0.7948899474218662,-0.0033317696126853795,0.31691363106618653,1.0,0,0,2,-0.9143335318807201,1.5604447129062105,0.03531760056138807,-0.8359051728251414,6,64
-0.36821205212873787,-1.5138506740442639,-0.8559386444125093,0.2670058921336756,1.0,0,0,2,-0.49301568677828134,-0.6795456917635454,-0.3600659748634848,1.1909539322614822,10,72
0.7758969183563824,0.6430315058229292,0.2482571442626725,-0.9723696246903462,2.0,0,0,2,0.6547122360869827,-0.6795456917635454,0.9908279078381641,-0.8359051728251414,34,55
-0.36821205212873787,-0.07592922079946847,-0.9817331013501883,1.1769903320031252,1.0,0,0,3,-0.6237695007755899,-0.6795456917635454,0.463649807271667,-0.8359051728251414,30,30
-0.36821205212873787,-0.4354095841106673,-1.0236645869960812,0.5068403042260199,1.0,0,0,3,-0.6673541054413594,-0.6795456917635454,-0.06352829329483015,-0.8359051728251414,14,13
-0.36821205212873787,-1.5138506740442639,-1.3171849865173322,-0.34852288803395937,1.0,0,0,2,-0.9724463381017461,-0.6795456917635454,-0.887244075429982,1.2042013773927673,34,47
-0.36821205212873787,-0.4354095841106673,-0.017308931494649706,0.5681159170264917,1.0,0,0,2,-0.9579181365464896,1.6102222774544273,0.463649807271667,-0.8359051728251414,1,0
-0.36821205212873787,-1.5138506740442639,-1.0935503964059028,1.2601698968906434,1.0,0,0,3,-0.739995113217642,-0.6795456917635454,-1.2496790195694487,1.1593638707945715,34,48
-0.36821205212873787,1.361992232445327,-0.758098511238759,-1.7126677521892586,2.0,0,0,2,-0.7545233147728985,-0.057326134910835484,1.1885196955506006,-0.8359051728251414,34,56
0.7758969183563824,-0.07592922079946847,-1.009687425114117,1.0655297150538507,1.0,0,0,3,-0.652825903886103,-0.6795456917635454,-0.49186050000510906,1.211334617078844,3,5
0.7758969183563824,-1.5138506740442639,0.09450836356106491,-0.7156220344042066,1.5,0,0,2,-0.5947130976650769,1.1871129787945844,-1.776857120135946,1.1878968295388779,34,56
-0.36821205212873787,-1.5138506740442639,-0.8279843206485806,1.0572117585650989,1.0,0,0,3,-0.46395928366776834,-0.6795456917635454,0.2659580195592306,1.202163308911031,18,18
-1.5123210226138581,-0.7948899474218662,-1.4709337672189398,-1.511650470377756,2.0,0,0,2,-1.1322565552095676,-0.6795456917635454,0.9578792765527581,-0.8359051728251414,34,61
-0.36821205212873787,-0.4354095841106673,-0.17105771219625732,-1.1803185369091418,1.5,0,0,3,0.21886618942928748,-0.6795456917635454,-2.2051893268462246,-0.8359051728251414,34,49
-0.36821205212873787,0.6430315058229292,0.5138232200199947,0.039093884341875614,2.0,0,0,2,0.9307480656368563,-0.6795456917635454,1.0237765391235703,-0.8359051728251414,37,37
-0.36821205212873787,-0.7948899474218662,0.26223430614463683,-0.26811597530935843,1.0,0,0,3,-0.6382977023308464,1.5604447129062105,-0.6895522877175455,1.1868777952980099,34,50
-0.36821205212873787,0.6430315058229292,-0.2828750072519719,-1.0139594071341054,2.0,0,0,2,0.10264057698723542,-0.6795456917635454,1.452108745833849,-0.8359051728251414,34,64
0.7758969183563824,-0.7948899474218662,0.4020059249642801,0.6207963081219199,1.0,0,0,3,-0.24603626033892073,1.1373354142463676,-0.5248091312905151,1.1807635898528013,3,3
1.9200058888415028,-0.4354095841106673,-0.9398016157042953,-0.7644207124715506,1.5,0,0,2,-0.5801848961098204,-0.6795456917635454,-1.4473708072818852,1.2052204116336354,34,57
-0.36821205212873787,-0.4354095841106673,1.380407256701783,0.5858608908691622,1.0,0,0,3,-0.05716964012058615,2.5559960038705465,0.36480391341544877,-0.8359051728251414,3,5
0.7758969183563824,0.6430315058229292,1.33847577105589,0.1499999708585666,2.0,0,0,2,1.7879119573969902,-0.6795456917635454,1.1555710642651946,-0.8359051728251414,3,5
-0.36821205212873787,-0.4354095841106673,-0.24094352160607893,1.5573982087553753,1.0,0,0,3,-0.6237695007755899,0.6395597687641996,-0.09647692458023621,-0.8359051728251414,3,4
1.9200058888415028,0.6430315058229292,0.5837090294298164,-0.9030533206174143,2.0,0,0,2,1.0033890734131388,-0.6795456917635454,0.7601874888403216,-0.8359051728251414,34,52
-0.36821205212873787,0.2835511425117304,-0.08719474090447134,0.483272760841223,1.0,0,0,2,-0.31867726811520325,0.39067194602311567,0.2659580195592306,-0.8359051728251414,5,9
-1.5123210226138581,-1.5138506740442639,0.3181429536724941,1.5812430173564638,1.0,0,0,2,-0.43490288055725534,1.3115568901651264,-0.06352829329483015,1.1991062061884268,39,68
0.7758969183563824,-0.4354095841106673,0.4579145724921374,-0.06987134566077328,1.0,0,1,3,-0.7690515163281549,2.1328867052107037,-0.7554495502883577,1.189934898020614,19,21
0.7758969183563824,0.6430315058229292,2.526534531022858,0.4000931959537048,1.0,0,0,2,0.8726352594158303,3.0039940848044977,1.1226224329797885,1.2052204116336354,31,35
-0.36821205212873787,0.6430315058229292,1.1847269903542825,1.3050868619299032,2.0,0,0,2,1.6281017402891687,-0.6795456917635454,1.2873655894068188,-0.8359051728251414,19,22
0.7758969183563824,-0.4354095841106673,2.079265350799999,-0.01580462848388642,1.0,0,3,4,0.16075338320826144,3.42710338346434,-0.7554495502883577,-0.8359051728251414,34,59
-0.36821205212873787,0.6430315058229292,1.0030238858887461,-1.3502821144959707,2.0,0,0,2,0.24792259253980048,1.3613344547133432,-1.6450625949943216,1.1807635898528013,34,57
-1.5123210226138581,-1.5138506740442639,-1.56877390039269,0.323567996257188,1.0,0,0,3,-1.2339539660963632,-0.6795456917635454,-0.3600659748634848,-0.8359051728251414,14,13
-0.36821205212873787,0.6430315058229292,0.5138232200199947,-0.4871554961798231,1.5,0,0,3,0.4949020189791611,0.0671177764597065,-1.6121139637089155,-0.8359051728251414,34,63
-0.36821205212873787,-0.7948899474218662,-1.1774133676976888,0.6496318906162595,1.0,0,0,3,-0.827164322549181,-0.6795456917635454,-0.06352829329483015,-0.8359051728251414,9,25
0.7758969183563824,0.6430315058229292,0.22030282049874386,0.8453811333182191,2.0,0,0,2,0.6256558329764697,-0.6795456917635454,0.5295470698424791,-0.8359051728251414,32,41
-0.36821205212873787,0.6430315058229292,-0.017308931494649706,0.5331804997737339,2.0,0,0,2,0.37867640653710904,-0.6795456917635454,0.5954443324132913,1.202163308911031,31,34
-0.36821205212873787,0.6430315058229292,0.38802876308231576,0.10064676235863912,2.0,0,0,2,0.7999942516395477,-0.6795456917635454,0.7931361201257278,-0.8359051728251414,30,30
1.9200058888415028,1.0025118691341282,1.0309782096526747,-0.9585063638757598,2.0,0,0,2,1.4682915231813471,-0.6795456917635454,1.452108745833849,-0.8359051728251414,31,36
-1.5123210226138581,-1.5138506740442639,-1.5967282241566187,-0.5592444524156722,1.0,0,0,3,-1.2630103692068761,-0.6795456917635454,-1.4803194385672913,1.1695542132032524,34,56
-0.36821205212873787,-1.5138506740442639,-1.2612763389894748,-0.6374332434099395,1.0,0,0,4,-0.9143335318807201,-0.6795456917635454,-0.5907063938613273,1.2001252404292948,34,47
-0.36821205212873787,0.6430315058229292,0.8464796728107458,-0.7366941908423779,2.0,0,0,2,1.2765192626519613,-0.6795456917635454,1.4191601145484432,1.1236976723641885,1,44
1.9200058888415028,-0.4354095841106673,1.897562246334463,1.2873418880872327,1.5,0,0,2,2.3690400196072505,-0.6795456917635454,0.10121486313220021,1.2154107540423162,30,30
0.7758969183563824,0.6430315058229292,0.22030282049874386,-0.5717213871487999,2.0,0,0,2,0.6256558329764697,-0.6795456917635454,1.2214683268360067,-0.8359051728251414,18,19
-1.5123210226138581,-1.5138506740442639,-0.8559386444125093,0.311368326740352,1.0,0,0,2,-0.49301568677828134,-0.6795456917635454,-0.5577577625759212,-0.8359051728251414,34,69
3.064114859326623,1.0025118691341282,1.0170010477707105,0.31691363106618653,1.0,0,0,4,-0.1588670510073817,2.083109140662487,-0.26122008100726657,-0.8359051728251414,3,5
-0.36821205212873787,0.6430315058229292,-0.29685216913393625,-0.901389729319664,2.0,0,0,2,0.08811237543197892,-0.6795456917635454,0.7931361201257278,-0.8359051728251414,16,17
0.7758969183563824,0.6430315058229292,1.1987041522362467,-0.45887444411806694,2.0,0,0,2,1.642629941844425,-0.6795456917635454,1.2873655894068188,-0.8359051728251414,31,36
-0.36821205212873787,-0.7948899474218662,-1.1354818820517958,-0.07125767174223191,1.0,0,0,2,-0.7835797178834115,-0.6795456917635454,-0.49186050000510906,1.2072584801153714,3,6
-0.36821205212873787,-0.7948899474218662,-0.10117190278643567,0.19574873154670164,1.0,0,0,2,-0.6673541054413594,0.9631139383276088,-0.2282714497218605,1.2103155828379757,39,71
0.7758969183563824,-0.7948899474218662,-0.2688978453700076,0.009703771414952505,1.0,0,0,2,-0.9288617334359766,1.1124466319722592,-0.26122008100726657,1.2052204116336354,33,68
-0.36821205212873787,0.6430315058229292,1.0309782096526747,0.7832737248688721,1.0,0,0,2,1.4682915231813471,-0.6795456917635454,0.5624957011278853,1.202163308911031,32,41
0.7758969183563824,1.0025118691341282,0.5557547056658877,-0.9252345379207525,2.0,0,0,2,0.9743326703026258,-0.6795456917635454,1.1555710642651946,-0.8359051728251414,16,17
-1.5123210226138581,-1.5138506740442639,-1.0655960726419742,0.46247786961934345,1.0,0,2,2,-0.710938710107129,-0.6795456917635454,-1.9416002765629763,1.1807635898528013,10,72
0.7758969183563824,0.6430315058229292,0.4020059249642801,-0.7222763995952081,2.0,0,0,2,0.8145224531948042,-0.6795456917635454,1.0237765391235703,-0.8359051728251414,31,36
-0.36821205212873787,0.6430315058229292,-0.8140071587666163,-1.4428886967374077,3.0,0,0,2,-0.4494310821125118,-0.6795456917635454,1.1555710642651946,-0.8359051728251414,34,55
-1.5123210226138581,-1.5138506740442639,-1.2752535008714392,0.2337340661786683,1.0,0,0,2,-0.9288617334359766,-0.6795456917635454,-0.9860899692862002,1.1980871719475588,34,68
-0.36821205212873787,-0.4354095841106673,-0.8699158062944736,1.523017321935201,1.0,0,0,2,-0.5075438883335378,-0.6795456917635454,0.7601874888403216,-0.8359051728251414,31,36
-0.36821205212873787,-1.5138506740442639,-0.9118472919403666,0.7322569250711943,1.0,0,0,2,-0.5511284929993073,-0.6795456917635454,-0.06352829329483015,1.1991062061884268,41,40
0.7758969183563824,0.6430315058229292,0.7234806482494597,-0.8345688121933577,2.0,0,0,2,1.148671088965704,-0.6795456917635454,1.4191601145484432,1.1236976723641885,30,30
-0.36821205212873787,0.2835511425117304,-0.03128609337661403,-1.0469539678728208,2.0,0,0,2,0.3641482049818525,-0.6795456917635454,1.2873655894068188,-0.8359051728251414,18,19
0.7758969183563824,1.361992232445327,1.5760875230492837,-0.6257881043256869,2.0,0,0,2,2.0348913838363507,-0.6795456917635454,1.0237765391235703,-0.8359051728251414,9,25
0.7758969183563824,0.6430315058229292,1.0449553715346391,-0.47634215274444575,2.0,0,0,2,1.4828197247366035,-0.6795456917635454,1.4191601145484432,1.1236976723641885,26,26
0.7758969183563824,-1.5138506740442639,-0.35276081666179354,-0.897230751075288,1.5,0,0,2,0.029999569210952887,-0.6795456917635454,-1.6121139637089155,1.202163308911031,34,46
-0.36821205212873787,-0.4354095841106673,-0.07321757902250701,-0.2487074101689375,1.0,0,0,3,-0.8998053303254635,1.41111201926156,-0.8213468128591698,-0.8359051728251414,34,53
-0.36821205212873787,0.6430315058229292,-0.03128609337661403,-1.432352618518322,2.0,0,0,2,0.3641482049818525,-0.6795456917635454,1.452108745833849,-0.8359051728251414,16,17
0.7758969183563824,-0.4354095841106673,-0.07321757902250701,0.10397394495413985,1.0,0,0,3,-0.6964105085518725,1.0626690674240424,0.2659580195592306,1.202163308911031,14,13
-0.36821205212873787,0.2835511425117304,-0.017308931494649706,0.2678376877825508,2.0,0,0,3,0.37867640653710904,-0.6795456917635454,0.6283929636986973,-0.8359051728251414,5,9
-0.36821205212873787,-0.4354095841106673,0.695526324485531,-0.6257881043256869,2.0,0,0,3,0.14622518165300494,0.9880027206017172,-0.8213468128591698,-0.8359051728251414,34,55
-0.36821205212873787,2.0809529590677247,1.5201788755214263,-0.8803175728814927,2.0,0,0,2,0.6111276314212132,1.659999842002644,-0.5248091312905151,1.2062394458745034,34,73
-0.36821205212873787,-0.7948899474218662,-0.9467901966452774,-1.6311517785994907,3.0,0,0,2,-0.5874489968874487,-0.6795456917635454,1.1226224329797885,1.2052204116336354,34,59
-0.36821205212873787,-1.5138506740442639,-1.2193448533435818,0.6496318906162595,1.0,0,0,3,-0.8707489272149506,-0.6795456917635454,-0.26122008100726657,-0.8359051728251414,14,13
1.9200058888415028,0.2835511425117304,0.611663353193745,2.2888238493329527,2.0,0,0,3,1.032445476523652,-0.6795456917635454,0.36480391341544877,-0.8359051728251414,3,5
0.7758969183563824,0.6430315058229292,0.4998460581380304,1.0857700758431468,2.0,0,0,3,0.9162198640815998,-0.6795456917635454,0.5954443324132913,-0.8359051728251414,31,35
1.9200058888415028,-1.5138506740442639,-0.3108293310159006,0.5109992824703957,1.5,0,0,3,-0.49301568677828134,0.29111681692668206,-1.4473708072818852,1.1950300692249545,34,60
0.7758969183563824,-0.4354095841106673,-0.19901203596018596,1.2804102576799394,1.0,0,0,3,-0.24603626033892073,0.0671177764597065,-0.030579662009424073,-0.8359051728251414,16,15
0.7758969183563824,0.6430315058229292,1.0743074114867643,-0.7644207124715506,2.0,0,0,2,1.5133289480026422,-0.6795456917635454,1.452108745833849,-0.8359051728251414,1,44
-1.5123210226138581,-1.5138506740442639,-1.1494590439337602,-1.1248654936507962,1.0,0,0,2,-0.798107919438668,-0.6795456917635454,-1.4803194385672913,1.2042013773927673,34,57
-0.36821205212873787,-0.07592922079946847,0.09450836356106491,-1.1229246371367543,1.0,0,0,3,-0.8126361209939245,1.5604447129062105,-1.776857120135946,-0.8359051728251414,34,46
0.7758969183563824,-0.4354095841106673,0.22030282049874386,0.25147904002133886,1.0,0,0,3,-0.856220725659694,1.8591101001955113,-0.2282714497218605,-0.8359051728251414,30,30
-0.36821205212873787,-1.5138506740442639,-1.2193448533435818,0.05988877556375517,1.0,0,0,2,-0.8707489272149506,-0.6795456917635454,-0.3600659748634848,1.1909539322614822,10,72
0.7758969183563824,2.0809529590677247,2.5684660166687507,0.34491741791165104,2.0,0,0,2,3.0663936942595624,-0.6795456917635454,1.2544169581214126,-0.8359051728251414,19,21
0.7758969183563824,-0.4354095841106673,-0.24094352160607893,-0.291960783910447,1.0,0,2,3,-0.6964105085518725,0.7640036801347416,-0.6566036564321395,1.1848397268162736,34,70
-0.36821205212873787,0.6430315058229292,-0.8140071587666163,-1.665532665419665,3.0,0,0,2,-0.5656566945545639,-0.48043543357067825,1.1885196955506006,-0.8359051728251414,34,62
-0.36821205212873787,0.2835511425117304,-0.758098511238759,-1.6006526048074006,3.0,0,0,2,-0.3913182758914858,-0.6795456917635454,1.2214683268360067,-0.8359051728251414,34,46
0.7758969183563824,2.0809529590677247,1.9954023795082134,0.695935181736978,2.0,0,0,2,1.148671088965704,1.5853334951803189,0.6613415949841034,1.211334617078844,14,13
-0.36821205212873787,0.6430315058229292,0.3181429536724941,-1.1803185369091418,1.5,0,0,2,-0.5801848961098204,1.5604447129062105,-2.0074975391337886,1.21337268556058,34,56
-0.36821205212873787,0.6430315058229292,-0.5344639211273298,-1.022554628839149,2.0,0,0,2,-0.1588670510073817,-0.6795456917635454,1.3532628519776309,-0.8359051728251414,1,1
0.7758969183563824,0.2835511425117304,-0.04526325525857836,-0.01580462848388642,1.0,0,0,2,-0.4203746790019988,0.6395597687641996,0.2330093882738245,1.2062394458745034,34,64
-0.36821205212873787,-1.5138506740442639,-1.2472991771075106,0.4533281174817165,1.0,0,0,3,-1.2484821676516198,-0.08221491718494388,-0.3930146061488909,1.1736303501667247,14,13
0.7758969183563824,-1.5138506740442639,0.06655403979713626,0.20351215760287,1.5,0,0,2,0.4658456158686481,-0.6795456917635454,-0.26122008100726657,1.2052204116336354,31,35
0.7758969183563824,1.0025118691341282,-0.25492068348804325,-0.6036068870223487,1.5,0,0,2,0.13169698009774844,-0.6795456917635454,-2.2051893268462246,1.2072584801153714,34,58
-0.36821205212873787,1.0025118691341282,0.6396176769576737,0.5700567735405337,1.0,0,0,4,-0.3913182758914858,1.8093325356472945,-0.920192706715388,-0.8359051728251414,34,61
0.7758969183563824,1.0025118691341282,1.6180190086951767,-0.387617283531093,2.0,0,0,2,2.0784759885021202,-0.6795456917635454,1.320314220692225,-0.8359051728251414,32,41
-1.5123210226138581,0.6430315058229292,-1.0935503964059028,-1.4398387793581986,2.0,0,0,2,-0.739995113217642,-0.6795456917635454,1.1226224329797885,1.2052204116336354,1,0
-0.36821205212873787,0.6430315058229292,-0.4226466260716152,0.1921442837349092,1.0,0,0,2,-0.49301568677828134,0.0920065587338149,0.4965984385570731,-0.8359051728251414,18,25
-0.36821205212873787,0.6430315058229292,0.8912065908330316,0.880039285354685,2.0,0,0,2,1.323009507628782,-0.6795456917635454,0.6283929636986973,-0.8359051728251414,18,19
-0.36821205212873787,-1.5138506740442639,-1.3032078246353678,0.34796733529086,1.0,0,0,2,-0.9579181365464896,-0.6795456917635454,0.6942902262695095,-0.8359051728251414,12,12
0.7758969183563824,0.2835511425117304,-0.24094352160607893,0.6501864210488429,2.0,0,0,2,0.14622518165300494,-0.6795456917635454,0.5624957011278853,1.202163308911031,31,35
0.7758969183563824,0.2835511425117304,-0.08719474090447134,0.6718131079195977,1.0,0,0,3,-0.710938710107129,1.0626690674240424,-0.3600659748634848,-0.8359051728251414,19,22
-1.5123210226138581,-1.5138506740442639,-1.5408195766287613,-0.9030533206174143,1.0,0,0,2,-1.2048975629858503,-0.6795456917635454,-0.49186050000510906,1.2072584801153714,34,55
-1.5123210226138581,0.2835511425117304,-1.0655960726419742,-1.7317990521133877,2.0,0,0,2,-0.710938710107129,-0.6795456917635454,1.2873655894068188,-0.8359051728251414,16,15
-2.6564299930989783,-1.8733310373554628,-2.1697918613171563,2.146864058591588,1.0,0,0,2,-1.8586666329723929,-0.6795456917635454,-0.2282714497218605,1.2103155828379757,6,68
-0.36821205212873787,-0.4354095841106673,-1.3591164721632252,0.23539765747641866,1.0,0,0,2,-1.0160309427675156,-0.6795456917635454,-0.26122008100726657,1.2052204116336354,30,30
-0.36821205212873787,0.6430315058229292,0.4439374106101731,-0.9704287681763041,2.0,0,0,2,0.8581070578605737,-0.6795456917635454,1.1885196955506006,-0.8359051728251414,31,36
-0.36821205212873787,-1.5138506740442639,-1.009687425114117,-1.0893755459654553,1.5,0,0,3,-0.652825903886103,-0.6795456917635454,-1.5132680698526972,-0.8359051728251414,34,49
0.7758969183563824,0.2835511425117304,0.47189173437410176,-0.5975070522639306,1.0,0,0,4,-0.46395928366776834,1.6351110597285357,-0.5248091312905151,-0.8359051728251414,34,73
0.7758969183563824,0.6430315058229292,0.569731867547852,-0.10009325423657157,2.0,0,0,2,0.9888608718578823,-0.6795456917635454,1.0237765391235703,-0.8359051728251414,31,36
1.9200058888415028,1.0025118691341282,1.4782473898755333,0.04519371910029362,2.0,0,0,2,1.9331939729495553,-0.6795456917635454,0.8590333826965398,-0.8359051728251414,31,36
-0.36821205212873787,0.6430315058229292,1.1567726665903537,2.805923477717024,2.0,0,0,2,1.5990453371786555,-0.6795456917635454,1.0567251704089764,-0.8359051728251414,31,33
0.7758969183563824,0.2835511425117304,0.16439417297088654,0.6449183819393002,2.0,0,2,2,0.16075338320826144,0.017340211911489708,-0.16237418715104837,1.1950300692249545,10,72
0.7758969183563824,0.2835511425117304,0.653594838839638,-0.5287452786235822,1.5,0,0,3,-0.28962086500469025,1.659999842002644,-1.348524913425667,-0.8359051728251414,34,55
-0.36821205212873787,-1.5138506740442639,-0.9817331013501883,0.23761577920675248,1.0,0,0,3,-0.6237695007755899,-0.6795456917635454,-0.6236550251467333,1.201144274670163,3,3
-0.36821205212873787,-1.5138506740442639,-1.5128652528648328,-0.0973206020736543,1.0,0,0,2,-1.175841159875337,-0.6795456917635454,-0.7225009190029515,1.1960491034658225,35,66
0.7758969183563824,0.6430315058229292,0.6396176769576737,-0.23040790589368348,2.0,0,0,2,1.0615018796341649,-0.6795456917635454,0.9578792765527581,-0.8359051728251414,1,44
-0.36821205212873787,-1.5138506740442639,-0.9537787775862596,0.5182081780939807,1.0,0,0,2,-0.5947130976650769,-0.6795456917635454,-0.030579662009424073,1.212353651319712,41,43
-1.5123210226138581,-0.4354095841106673,-0.45060094983554383,-0.26534332314644116,1.0,0,0,2,-0.943389934991233,0.8137812446829584,-0.953141338000794,1.1960491034658225,34,50
4.208223829811743,5.316276228868515,2.4706258834950003,0.10813292319851575,2.0,0,1,2,2.964696283372767,-0.6795456917635454,-0.7225009190029515,1.1858587610571416,20,66
-0.36821205212873787,1.0025118691341282,2.051311027036071,-0.01580462848388642,2.0,0,2,2,1.1777274920762169,1.6351110597285357,1.2873655894068188,-0.8359051728251414,31,33
-0.36821205212873787,-0.7948899474218662,-1.2892306627534036,0.11811447098501794,1.5,0,0,4,-0.943389934991233,-0.6795456917635454,-0.5577577625759212,-0.8359051728251414,34,59
1.9200058888415028,1.361992232445327,1.1427955047083895,-0.9585063638757598,1.5,0,0,4,0.13169698009774844,1.8093325356472945,-1.4473708072818852,-0.8359051728251414,34,53
0.7758969183563824,-0.07592922079946847,1.6879048181049983,0.8817028766524354,1.0,0,0,3,0.5530148252001871,2.0582203583883785,-0.3600659748634848,-0.8359051728251414,22,24
-1.5123210226138581,-1.5138506740442639,-1.1913905295796532,-1.041685928763278,1.0,0,3,2,-0.8416925241044375,-0.6795456917635454,-1.5132680698526972,1.21337268556058,34,46
0.7758969183563824,0.6430315058229292,1.5341560374033907,0.16829947513382063,2.0,0,0,2,1.9913067791705812,-0.6795456917635454,0.9578792765527581,-0.8359051728251414,32,41
0.7758969183563824,1.0025118691341282,0.2482571442626725,0.41423372198458286,1.0,0,0,2,-0.21697985722840774,0.8137812446829584,-0.26122008100726657,1.2052204116336354,5,9
0.7758969183563824,-0.07592922079946847,1.0170010477707105,-0.930779842246587,1.5,0,0,3,-0.26056446189417726,2.2573306165812457,-1.5462167011381034,-0.8359051728251414,34,52
0.7758969183563824,-0.07592922079946847,0.38802876308231576,0.36016700480769603,1.0,0,1,3,-0.652825903886103,1.8093325356472945,-0.5248091312905151,1.1807635898528013,34,73
-0.36821205212873787,-1.5138506740442639,-1.0935503964059028,-0.6812411475840323,1.5,0,0,3,-0.739995113217642,-0.6795456917635454,-1.0519872318570123,-0.8359051728251414,1,1
0.7758969183563824,0.6430315058229292,0.8632522670691029,-0.5703350610673413,2.0,0,0,2,1.293953104518269,-0.6795456917635454,1.2873655894068188,-0.8359051728251414,31,36
-0.36821205212873787,0.6430315058229292,0.6256405150757094,-0.11783822807924213,2.0,0,0,2,1.0469736780789083,-0.6795456917635454,1.0567251704089764,-0.8359051728251414,37,37
-0.36821205212873787,1.0025118691341282,0.8632522670691029,1.0821656280313543,2.0,0,0,2,1.293953104518269,-0.6795456917635454,0.7931361201257278,-0.8359051728251414,35,66
-0.36821205212873787,-1.5138506740442639,-0.43662378795357953,0.6080421081725004,1.5,0,0,2,-0.05716964012058615,-0.6795456917635454,-1.381473544711073,1.1552877338310992,34,68
-0.36821205212873787,-1.5138506740442639,-1.4150251196910824,1.9805049288165513,1.0,0,0,3,-1.0741437489885417,-0.6795456917635454,0.2330093882738245,-0.8359051728251414,1,0
0.7758969183563824,0.6430315058229292,0.9051837527149958,-0.9282844552999615,2.0,0,0,2,1.3375377091840386,-0.6795456917635454,1.4191601145484432,1.1236976723641885,19,21
0.7758969183563824,0.6430315058229292,-0.059240417140542685,0.3460264787768179,1.0,0,0,2,-0.5366002914440509,0.8137812446829584,0.33185528213004273,-0.8359051728251414,30,30
-0.36821205212873787,-0.07592922079946847,-1.0236645869960812,0.6402048732623408,1.0,0,0,2,-0.6673541054413594,-0.6795456917635454,0.8260847514111338,-0.8359051728251414,27,27
-0.36821205212873787,-0.4354095841106673,-1.0935503964059028,0.6496318906162595,1.0,0,0,2,-0.739995113217642,-0.6795456917635454,0.29890665084463663,1.2164297882831843,26,26
0.7758969183563824,2.0809529590677247,1.8835850844524988,-0.18133196261004772,2.0,0,0,2,2.3545118180519937,-0.6795456917635454,1.2214683268360067,-0.8359051728251414,3,5
0.7758969183563824,0.6430315058229292,2.4286943978491076,-0.07125767174223191,2.0,0,0,2,2.9211116787069975,-0.6795456917635454,1.1555710642651946,-0.8359051728251414,32,42
-0.36821205212873787,-0.4354095841106673,-0.7301441874748303,0.2337340661786683,2.0,0,0,2,-0.36226187278097277,-0.6795456917635454,0.4965984385570731,-0.8359051728251414,21,23
-0.36821205212873787,-1.5138506740442639,-0.8559386444125093,0.483272760841223,1.0,0,0,2,-0.49301568677828134,-0.6795456917635454,-0.12942555586564228,1.1644590419989118,1,0
-0.36821205212873787,2.0809529590677247,1.0868868571805321,-1.0486175591705713,2.0,0,0,2,-0.013585035454816633,1.9586652292919449,1.1555710642651946,-0.8359051728251414,16,15
-0.36821205212873787,-1.5138506740442639,-0.9957102632321526,1.5923336260081329,1.0,0,0,3,-0.6382977023308464,-0.6795456917635454,-0.49186050000510906,1.211334617078844,35,61
-1.5123210226138581,-1.5138506740442639,-1.4849109291009042,-0.30693310559020026,1.0,0,0,2,-1.1467847567648242,-0.6795456917635454,-0.953141338000794,1.1960491034658225,34,48
0.7758969183563824,-0.7948899474218662,-0.017308931494649706,0.7605379771329505,1.0,0,0,3,-0.856220725659694,1.4360008015356684,-0.5248091312905151,1.1807635898528013,3,5
0.7758969183563824,1.0025118691341282,1.0729096952985677,-0.34852288803395937,2.0,0,0,3,0.6401840345317261,0.8137812446829584,-1.9745489078483822,-0.8359051728251414,34,54
0.7758969183563824,0.6430315058229292,2.3867629122032143,0.9202427417169855,2.0,0,0,2,2.877527074041228,-0.6795456917635454,0.9578792765527581,-0.8359051728251414,32,42
0.7758969183563824,0.2835511425117304,0.1923484967348152,1.615623904176638,1.0,0,0,3,0.0590559723214659,0.2413392523784653,-0.09647692458023621,-0.8359051728251414,22,24
0.7758969183563824,-0.07592922079946847,0.3181429536724941,-0.26534332314644116,1.5,0,1,3,0.7273532438632652,-0.6795456917635454,-1.381473544711073,-0.8359051728251414,34,54
-0.36821205212873787,-0.07592922079946847,0.8492751051871386,-0.01580462848388642,1.5,0,3,3,-0.08622604323109917,1.659999842002644,-2.1392920642754127,-0.8359051728251414,34,63
-0.36821205212873787,-0.4354095841106673,-0.21298919784215029,1.618673821555847,1.0,0,0,3,0.17528158476351796,-0.6795456917635454,0.43070117598626095,-0.8359051728251414,18,25
0.7758969183563824,0.6430315058229292,0.5278003819019591,-1.022277363622857,1.5,0,0,2,-0.24603626033892073,1.3613344547133432,-1.414422175996479,1.2164297882831843,34,46
-0.36821205212873787,-0.07592922079946847,-0.800029996884652,-0.5925162783706795,1.5,0,0,3,-1.088671950543798,0.44044951057133247,-1.5132680698526972,-0.8359051728251414,34,54
1.9200058888415028,1.7214725957565258,1.939493731980356,1.1320733669638652,2.0,0,0,3,1.1922556936314734,1.41111201926156,0.9578792765527581,-0.8359051728251414,18,25
-0.36821205212873787,-0.07592922079946847,-0.25492068348804325,2.2854966667374517,1.0,0,0,2,-0.24603626033892073,-0.03243735263672709,0.39775254470085486,-0.8359051728251414,32,42
-0.36821205212873787,1.0025118691341282,0.22030282049874386,0.3041594311167671,2.0,0,0,2,0.6256558329764697,-0.6795456917635454,1.386211483263037,1.1124882957146396,11,11
-0.36821205212873787,0.6430315058229292,0.024622554151243276,0.24205202266742012,2.0,0,0,3,0.42226101120287857,-0.6795456917635454,0.6613415949841034,-0.8359051728251414,18,25
0.7758969183563824,-0.4354095841106673,0.7095034863674953,0.025785153959872697,1.0,0,0,2,-0.07169784167584266,1.3862232369874516,0.2659580195592306,-0.8359051728251414,18,20
-1.5123210226138581,-0.4354095841106673,-0.6043497305371515,0.38484360905765974,1.0,0,0,3,-0.23150805878366423,-0.6795456917635454,-0.2282714497218605,-0.8359051728251414,9,25
-1.5123210226138581,-1.5138506740442639,-1.0935503964059028,-0.9030533206174143,1.0,0,0,2,-0.739995113217642,-0.6795456917635454,-0.7554495502883577,1.214391719801448,34,73
0.7758969183563824,-1.5138506740442639,-1.0236645869960812,-1.4101714012149837,1.5,0,0,2,-0.6673541054413594,-0.6795456917635454,-1.2167303882840426,-0.8359051728251414,34,61
-0.36821205212873787,-0.7948899474218662,-1.0236645869960812,-0.6812411475840323,1.0,0,0,3,-0.6673541054413594,-0.6795456917635454,-0.26122008100726657,-0.8359051728251414,3,6
-0.36821205212873787,0.6430315058229292,1.8276764369246414,0.2104437880101632,2.0,0,0,2,1.816968360507503,0.1417841232820317,1.1226224329797885,1.2052204116336354,37,37
0.7758969183563824,2.0809529590677247,1.4502930661116047,2.0043497374176398,2.0,0,0,2,0.9888608718578823,0.8884475915052836,0.891982013981946,-0.8359051728251414,22,24
-0.36821205212873787,1.7214725957565258,-0.7301441874748303,-1.6647008697707897,3.0,0,0,2,-0.36226187278097277,-0.6795456917635454,1.1555710642651946,-0.8359051728251414,34,46
-1.5123210226138581,-1.5138506740442639,-1.56877390039269,-0.6812411475840323,1.0,0,0,2,-1.2339539660963632,-0.6795456917635454,-0.7225009190029515,1.1960491034658225,34,60
0.7758969183563824,0.6430315058229292,1.0170010477707105,0.8858618548968114,2.0,0,0,2,1.4537633216260906,-0.6795456917635454,0.7601874888403216,-0.8359051728251414,30,30
-0.36821205212873787,-0.4354095841106673,-0.08719474090447134,0.483272760841223,1.0,0,0,4,0.3060353987608265,-0.6795456917635454,-0.3930146061488909,-0.8359051728251414,34,69
0.7758969183563824,0.6430315058229292,1.4922245517574977,-0.4738467657978202,2.0,0,0,2,1.9477221745048117,-0.6795456917635454,1.1885196955506006,-0.8359051728251414,24,33
-0.36821205212873787,-1.5138506740442639,-1.1494590439337602,0.1954714663304099,1.0,0,0,2,-0.798107919438668,-0.6795456917635454,-0.26122008100726657,1.2052204116336354,34,64
-0.36821205212873787,0.6430315058229292,-0.24094352160607893,0.3679304308638644,1.5,0,0,4,0.14622518165300494,-0.6795456917635454,-1.0849358631424184,-0.8359051728251414,6,65
0.7758969183563824,-1.5138506740442639,-0.758098511238759,0.9823501501663324,1.5,0,0,3,-0.3913182758914858,-0.6795456917635454,-0.953141338000794,1.2001252404292948,34,69
-1.5123210226138581,-1.5138506740442639,-1.3730936340451894,0.12060985793164349,1.0,0,0,2,-1.0305591443227722,-0.6795456917635454,-1.4473708072818852,1.2052204116336354,34,68
0.7758969183563824,0.2835511425117304,0.17837133485285087,1.1445503016969931,1.0,0,0,3,-0.6673541054413594,1.4608895838097768,-0.26122008100726657,-0.8359051728251414,14,13
0.7758969183563824,-0.07592922079946847,0.653594838839638,-0.34852288803395937,2.0,0,0,2,1.0760300811894215,-0.6795456917635454,-1.875703013992164,1.1461164256632863,5,9
0.7758969183563824,0.2835511425117304,0.6815491626035667,0.18576718376019943,1.0,0,0,3,-0.3767900743362293,1.8591101001955113,0.10121486313220021,-0.8359051728251414,35,61
0.7758969183563824,-0.7948899474218662,-0.18503487407822164,-1.1123885589176685,1.5,0,0,3,0.20433798787403096,-0.6795456917635454,-1.348524913425667,-0.8359051728251414,34,46
-1.5123210226138581,-1.5138506740442639,-1.7085455192123333,-1.6985272261583804,2.0,0,0,3,-1.3792359816489284,-0.6795456917635454,-0.887244075429982,-0.8359051728251414,34,45
0.7758969183563824,0.2835511425117304,0.3181429536724941,-0.45942897455065035,1.0,0,0,4,-0.8416925241044375,2.0084427938401617,-0.7554495502883577,-0.8359051728251414,34,57
-0.36821205212873787,0.2835511425117304,0.17837133485285087,0.38345728297620113,1.0,0,0,3,0.5820712283107001,-0.6795456917635454,-0.12942555586564228,-0.8359051728251414,19,21
0.7758969183563824,0.6430315058229292,1.7018819799869624,-0.3801311226912163,2.0,0,0,2,2.1656451978336593,-0.6795456917635454,1.452108745833849,-0.8359051728251414,31,36
1.9200058888415028,0.2835511425117304,0.4998460581380304,0.04519371910029362,1.0,0,0,2,-0.5366002914440509,1.8093325356472945,0.10121486313220021,1.2154107540423162,31,35
-0.36821205212873787,-0.4354095841106673,-1.0935503964059028,0.8897435679248955,1.0,0,0,4,-0.739995113217642,-0.6795456917635454,-0.3600659748634848,-0.8359051728251414,3,5
1.9200058888415028,0.6430315058229292,1.380407256701783,-0.46830146147198565,2.0,0,0,2,0.9598044687473694,0.8137812446829584,-2.106343432990007,1.2164297882831843,34,52
0.7758969183563824,-0.7948899474218662,-0.758098511238759,-0.01580462848388642,1.0,0,0,2,-0.7545233147728985,-0.057326134910835484,-0.16237418715104837,1.1950300692249545,34,61
1.9200058888415028,1.361992232445327,2.4286943978491076,0.9221835982310276,1.0,0,0,4,0.5820712283107001,3.3275482543679065,-0.5907063938613273,1.2001252404292948,20,66
1.9200058888415028,-0.07592922079946847,0.5557547056658877,0.9684868893517461,1.0,0,0,3,-0.6818823069966159,2.157775487484812,-0.26122008100726657,-0.8359051728251414,17,16
-0.36821205212873787,-1.5138506740442639,-0.9817331013501883,1.3996343006853822,1.0,0,0,2,-0.6237695007755899,-0.6795456917635454,-0.49186050000510906,1.1919729665023502,3,3
-1.5123210226138581,-1.5138506740442639,-1.0935503964059028,-0.7921472341007233,1.0,0,0,3,-0.739995113217642,-0.6795456917635454,-2.1392920642754127,-0.8359051728251414,34,52
-1.5123210226138581,-1.5138506740442639,-1.4429794434550112,-0.5647897567415068,1.0,0,0,3,-1.1032001520990546,-0.6795456917635454,-0.458911868719703,-0.8359051728251414,34,64
0.7758969183563824,0.6430315058229292,0.7095034863674953,-0.667377886769446,2.0,0,0,2,1.1341428874104473,-0.6795456917635454,1.4191601145484432,1.1236976723641885,30,30
0.7758969183563824,0.2835511425117304,0.3460972774364228,0.011090097496411142,2.0,0,0,2,0.7564096469737782,-0.6795456917635454,0.463649807271667,-0.8359051728251414,32,41
0.7758969183563824,1.7214725957565258,1.9674480557442848,1.007304019632588,1.5,0,0,2,0.8435788563053173,2.0582203583883785,-0.2282714497218605,1.202163308911031,30,30
-0.36821205212873787,0.6430315058229292,0.42996024872820876,-0.23872586238243532,2.0,0,0,2,0.8435788563053173,-0.6795456917635454,1.0567251704089764,-0.8359051728251414,37,37
-1.5123210226138581,-1.8733310373554628,-1.778431328622155,-0.5592444524156722,1.0,0,0,3,-1.4518769894252108,-0.6795456917635454,-1.9086516452775701,1.1909539322614822,18,20
-0.36821205212873787,-0.4354095841106673,-0.08719474090447134,-0.018854545863095425,1.0,0,0,2,-0.5656566945545639,0.8137812446829584,-0.3600659748634848,1.1909539322614822,34,56
0.7758969183563824,0.6430315058229292,0.569731867547852,-0.23207149719143386,1.0,0,2,2,-0.10075424478635567,1.1871129787945844,-0.19532281843645444,1.202163308911031,35,69
-0.36821205212873787,-0.07592922079946847,-0.883892968176438,1.141500384317784,1.5,0,0,4,-0.5220720898887944,-0.6795456917635454,-1.2167303882840426,-0.8359051728251414,33,68
-0.36821205212873787,-1.5138506740442639,-1.2892306627534036,0.625787082015171,1.0,0,0,2,-0.943389934991233,-0.6795456917635454,-0.030579662009424073,1.212353651319712,31,36
-0.36821205212873787,-0.4354095841106673,-0.12912622655036432,-0.5977843174802224,1.0,0,0,4,-0.8998053303254635,1.3115568901651264,-0.5907063938613273,1.2001252404292948,34,50
-0.36821205212873787,1.7214725957565258,1.7577906275148198,-0.547322048115128,2.0,0,0,2,2.2237580040546856,-0.6795456917635454,1.2214683268360067,-0.8359051728251414,16,17
-1.5123210226138581,-1.5138506740442639,-1.4709337672189398,-0.2528663884133134,1.0,0,0,2,-1.1322565552095676,-0.6795456917635454,-1.6780112262797278,1.203182343151899,34,48
-0.36821205212873787,-0.07592922079946847,0.20632565861677954,1.1417776495340757,1.0,0,0,2,0.6111276314212132,-0.6795456917635454,1.0567251704089764,-0.8359051728251414,12,12
1.9200058888415028,1.0025118691341282,1.5341560374033907,0.11700541011985104,2.0,0,0,2,1.9913067791705812,-0.6795456917635454,1.452108745833849,-0.8359051728251414,32,42
0.7758969183563824,0.2835511425117304,0.611663353193745,-0.34852288803395937,1.0,0,2,2,-0.31867726811520325,1.6351110597285357,-0.3600659748634848,1.1909539322614822,34,69
0.7758969183563824,-0.07592922079946847,0.3460972774364228,-0.9390977987353389,1.0,0,0,2,-0.9288617334359766,2.207553052033029,-2.304035220702443,1.2072584801153714,34,58
-1.5123210226138581,-0.7948899474218662,-0.15708055031429297,0.44639648707442325,2.0,0,0,2,0.23339439098454398,-0.6795456917635454,-1.6121139637089155,1.202163308911031,39,68
-0.36821205212873787,-0.07592922079946847,0.4439374106101731,1.9455695115637937,1.0,0,0,3,-0.23150805878366423,1.1871129787945844,-0.19532281843645444,-0.8359051728251414,22,24
-0.36821205212873787,-0.07592922079946847,-0.7301441874748303,0.10120129279122257,1.0,0,0,3,-0.36226187278097277,-0.6795456917635454,0.43070117598626095,-0.8359051728251414,31,35
0.7758969183563824,0.6430315058229292,1.2126813141182111,0.9784684371382483,1.0,0,0,2,-0.3477336712257163,2.7551062620634137,0.002368969275982,1.2164297882831843,3,7
0.7758969183563824,0.6430315058229292,0.38802876308231576,0.3349358701251488,1.0,0,0,2,-0.24603626033892073,1.1124466319722592,0.6613415949841034,1.211334617078844,1,44
0.7758969183563824,0.6430315058229292,1.0170010477707105,-0.9030533206174143,2.0,0,0,2,1.4537633216260906,-0.6795456917635454,1.0237765391235703,-0.8359051728251414,30,31
0.7758969183563824,0.2835511425117304,-0.14310338843232864,0.6177463907427109,1.0,0,0,3,-0.6673541054413594,0.8884475915052836,0.6283929636986973,-0.8359051728251414,14,13
-0.36821205212873787,-1.5138506740442639,-0.4226466260716152,0.8448266028856356,1.0,0,0,4,-0.04264143856532965,-0.6795456917635454,-0.5577577625759212,-0.8359051728251414,35,66
0.7758969183563824,0.2835511425117304,-0.19901203596018596,-0.01497283283501124,1.0,0,0,3,-0.798107919438668,1.0128915028758256,0.10121486313220021,-0.8359051728251414,20,66
0.7758969183563824,1.0025118691341282,2.5964203404326796,0.9460284068321162,2.0,0,0,2,3.0954500973700756,-0.6795456917635454,0.9578792765527581,-0.8359051728251414,32,42
0.7758969183563824,-1.8733310373554628,-0.6882127018289375,1.675513190895651,1.0,0,0,2,-0.31867726811520325,-0.6795456917635454,-0.7225009190029515,1.1960491034658225,6,67
-1.5123210226138581,0.6430315058229292,0.3041657917905298,-0.41506653994397397,1.0,0,0,2,0.7128250423080087,-0.6795456917635454,1.320314220692225,-0.8359051728251414,30,31
0.7758969183563824,0.6430315058229292,0.5278003819019591,-0.8811493685303678,2.0,0,0,2,0.9452762671921128,-0.6795456917635454,1.2544169581214126,-0.8359051728251414,34,55
-0.36821205212873787,-0.4354095841106673,-1.0655960726419742,0.25646981391458995,1.0,0,0,2,-0.710938710107129,-0.6795456917635454,-0.26122008100726657,1.2052204116336354,35,66
-0.36821205212873787,0.6430315058229292,-0.04526325525857836,0.4122928654705408,2.0,0,0,2,0.34962000342659605,-0.6795456917635454,0.5624957011278853,1.202163308911031,32,41
-1.5123210226138581,-1.5138506740442639,-1.7225226810942975,-0.7089676692132051,1.0,0,0,4,-1.3937641832041847,-0.6795456917635454,-0.5577577625759212,-0.8359051728251414,31,33
0.7758969183563824,-1.5138506740442639,-0.758098511238759,2.9786597074667704,1.0,0,0,2,-0.3913182758914858,-0.6795456917635454,-0.49186050000510906,1.2154107540423162,18,20
-0.36821205212873787,-0.7948899474218662,-1.0935503964059028,0.3307768918807729,1.0,0,0,3,-0.739995113217642,-0.6795456917635454,-0.6236550251467333,1.201144274670163,34,70
-0.36821205212873787,-0.07592922079946847,-0.7441213493567947,0.38345728297620113,1.0,0,0,4,-0.3767900743362293,-0.6795456917635454,-0.06352829329483015,-0.8359051728251414,14,2
-0.36821205212873787,-0.4354095841106673,0.5557547056658877,1.354162805213539,1.0,0,0,2,-0.3913182758914858,1.659999842002644,0.43070117598626095,1.211334617078844,41,40
-0.36821205212873787,-0.4354095841106673,0.5278003819019591,1.0932562366830234,1.0,0,0,3,-0.04264143856532965,1.0128915028758256,0.2659580195592306,1.202163308911031,18,18
-1.5123210226138581,-1.5138506740442639,-0.9537787775862596,-0.9515747334684667,1.0,0,0,2,-1.175841159875337,0.31600559920079047,-1.348524913425667,-0.8359051728251414,34,55
-1.5123210226138581,-1.5138506740442639,-1.3451393102812608,-0.747784799494047,1.0,0,0,3,-1.001502741212259,-0.6795456917635454,-2.0733948017046004,-0.8359051728251414,34,46
0.7758969183563824,0.6430315058229292,-0.16965999600806086,-0.7974152732102662,2.0,0,0,2,0.22031900958481312,-0.6795456917635454,1.2214683268360067,-0.8359051728251414,31,32
3.064114859326623,4.237835138934918,2.107219674563928,-0.7644207124715506,2.0,0,0,2,2.3545118180519937,-0.28132517537781104,1.2214683268360067,-0.8359051728251414,31,34
0.7758969183563824,-0.4354095841106673,0.09450836356106491,-0.3396504011126241,1.0,0,2,2,-0.5220720898887944,1.0626690674240424,-0.3600659748634848,1.1909539322614822,34,64
0.7758969183563824,0.6430315058229292,2.0932425126819636,0.8040686160907516,2.0,0,0,2,2.5724348413808413,-0.6795456917635454,0.9908279078381641,-0.8359051728251414,19,22
-0.36821205212873787,0.2835511425117304,-0.7301441874748303,1.9000980160919503,1.0,0,2,2,-0.710938710107129,-0.08221491718494388,0.5624957011278853,1.202163308911031,37,37
0.7758969183563824,0.6430315058229292,0.2762114680266012,0.011921893145286324,1.0,0,0,3,-0.6237695007755899,1.5604447129062105,-0.2282714497218605,-0.8359051728251414,3,4
-1.5123210226138581,0.6430315058229292,-0.63230405430108,-1.6325381046809493,3.0,0,0,2,-0.26056446189417726,-0.6795456917635454,1.2873655894068188,-0.8359051728251414,30,30
-0.36821205212873787,0.6430315058229292,-0.5204867592453655,-0.8476002773590688,2.0,0,0,2,-0.1443388494521252,-0.6795456917635454,1.0896738016943823,-0.8359051728251414,21,23
-0.36821205212873787,-0.7948899474218662,0.1364398492069579,0.45000093488621573,1.0,0,0,2,-0.47848748522302487,1.0626690674240424,-0.2282714497218605,1.2103155828379757,34,50
-0.36821205212873787,-0.4354095841106673,-0.5204867592453655,-0.8894673250191196,1.5,0,2,2,-0.9579181365464896,0.7142261155865248,-1.4473708072818852,1.2052204116336354,34,60
1.9200058888415028,0.6430315058229292,1.7438134656328554,1.8158093903392651,2.0,0,0,3,2.209229802499429,-0.6795456917635454,0.6613415949841034,-0.8359051728251414,19,21
-0.36821205212873787,-0.4354095841106673,-0.5763954067732228,2.1718179280578433,1.0,0,0,3,-0.2024516556731512,-0.6795456917635454,-0.06352829329483015,-0.8359051728251414,21,23
-1.5123210226138581,-0.7948899474218662,-1.1774133676976888,-0.9030533206174143,1.0,0,0,2,-1.001502741212259,-0.38088030447424465,-0.6236550251467333,1.1960491034658225,34,54
0.7758969183563824,0.2835511425117304,1.9115394082164274,0.3072093484959761,3.0,0,0,2,2.383568221162507,-0.6795456917635454,1.452108745833849,-0.8359051728251414,34,60
-0.36821205212873787,-0.7948899474218662,-0.800029996884652,-1.7667344693661453,3.0,0,0,2,-0.43490288055725534,-0.6795456917635454,1.2544169581214126,-0.8359051728251414,34,46
-0.36821205212873787,0.6430315058229292,0.5976861913117807,-0.7261581126232922,2.0,0,3,2,1.0179172749683953,-0.6795456917635454,0.8590333826965398,-0.8359051728251414,34,53
-0.36821205212873787,-0.4354095841106673,0.09450836356106491,0.8110002464980449,1.0,0,0,4,-0.3767900743362293,0.8137812446829584,-0.2282714497218605,-0.8359051728251414,19,21
-0.36821205212873787,-1.5138506740442639,-0.63230405430108,-0.07735750650064992,2.0,0,0,3,-0.26056446189417726,-0.6795456917635454,-0.6895522877175455,1.1868777952980099,42,3
1.9200058888415028,3.5188744123125204,2.624374664196608,0.21127558365903837,2.0,0,0,2,3.1245065004805883,-0.6795456917635454,1.2544169581214126,-0.8359051728251414,32,42
-0.36821205212873787,1.361992232445327,-0.35276081666179354,-1.576807796206312,3.0,0,0,2,0.029999569210952887,-0.6795456917635454,1.452108745833849,-0.8359051728251414,34,46
0.7758969183563824,0.6430315058229292,0.695526324485531,-0.6959362040474939,2.0,0,0,2,1.119614685855191,-0.6795456917635454,1.2544169581214126,-0.8359051728251414,16,15
-0.36821205212873787,-1.5138506740442639,-0.7441213493567947,0.2337340661786683,1.5,0,0,2,-0.3767900743362293,-0.6795456917635454,-0.8542954441445759,-0.8359051728251414,34,59
0.7758969183563824,-0.07592922079946847,-0.059240417140542685,-0.2647887927138577,2.0,0,0,2,0.3350918018713395,-0.6795456917635454,0.891982013981946,-0.8359051728251414,18,18
0.7758969183563824,0.6430315058229292,-0.059240417140542685,1.380503000761253,1.0,0,0,2,-0.6237695007755899,0.9631139383276088,0.2659580195592306,-0.8359051728251414,26,26
0.7758969183563824,1.361992232445327,3.2533469488850026,3.1691409110591873,2.0,0,0,2,3.778275570467131,-0.6795456917635454,0.8590333826965398,-0.8359051728251414,32,42
-0.36821205212873787,-0.7948899474218662,-0.2688978453700076,-0.8476002773590688,1.5,0,0,3,-0.02811323701007314,-0.43065786902246145,-1.6450625949943216,-0.8359051728251414,34,55
-1.5123210226138581,-1.5138506740442639,-0.6043497305371515,-0.8697814946624071,1.5,0,0,2,-1.1322565552095676,0.8635588092311752,-1.381473544711073,1.1552877338310992,31,34
-0.36821205212873787,0.6430315058229292,1.5481331992853549,-0.006932141562551144,2.0,0,0,2,2.005834980725838,-0.6795456917635454,1.0896738016943823,-0.8359051728251414,1,44
-0.36821205212873787,-0.7948899474218662,-0.12912622655036432,0.7577653249700332,2.0,0,0,4,0.262450794095057,-0.6795456917635454,-0.29416871229267266,-0.8359051728251414,34,69
1.9200058888415028,-0.7948899474218662,-0.2828750072519719,0.5470437605883204,1.0,0,0,2,-0.943389934991233,1.1124466319722592,-0.26122008100726657,1.2052204116336354,31,35
-0.36821205212873787,0.6430315058229292,0.9191609145969603,3.2503796194326635,1.0,0,0,3,1.352065910739295,-0.6795456917635454,0.20006075698841844,1.1940110349840865,18,25
-1.5123210226138581,-1.5138506740442639,-1.4849109291009042,-0.7366941908423779,1.0,0,0,3,-1.1467847567648242,-0.6795456917635454,-0.920192706715388,1.1838206925754056,34,60
0.7758969183563824,-0.4354095841106673,0.23427998238070818,1.2989870271714852,1.0,0,0,2,-0.9143335318807201,1.9835540115660533,-0.19532281843645444,1.202163308911031,34,48
0.7758969183563824,0.6430315058229292,1.7997221131607128,0.1713493925130296,1.5,0,0,3,2.2673426087204547,-0.6795456917635454,-0.12942555586564228,-0.8359051728251414,3,7
0.7758969183563824,2.4404333223789236,1.8835850844524988,1.0378031934246779,2.0,0,0,2,0.9598044687473694,1.7097774065508609,1.2544169581214126,-0.8359051728251414,19,21
0.7758969183563824,0.6430315058229292,0.38802876308231576,-0.664327969390237,2.0,0,0,2,0.7999942516395477,-0.6795456917635454,1.4191601145484432,1.1236976723641885,34,55
-1.5123210226138581,-1.5138506740442639,-1.0795732345239386,-0.34852288803395937,1.0,0,0,3,-1.1613129583200807,0.0671177764597065,-0.920192706715388,1.1838206925754056,34,53
0.7758969183563824,-0.4354095841106673,1.3943844185837473,1.1936262449806287,1.0,0,3,2,0.015471367655696379,2.456440874774113,-0.7554495502883577,1.214391719801448,34,55
0.7758969183563824,1.0025118691341282,0.08053120167910058,-0.0013868372367165944,1.0,0,0,2,-0.5656566945545639,1.1124466319722592,0.9578792765527581,-0.8359051728251414,1,1
0.7758969183563824,1.7214725957565258,1.6599504943410694,-0.6257881043256869,2.0,0,0,2,1.032445476523652,1.1871129787945844,1.1555710642651946,-0.8359051728251414,34,53
-0.36821205212873787,-1.5138506740442639,-0.9677559394682239,-1.041685928763278,1.0,0,0,3,-0.6092412992203334,-0.6795456917635454,-1.414422175996479,-0.8359051728251414,34,46
0.7758969183563824,0.6430315058229292,1.7857449512787484,2.1219101891253325,2.0,0,0,2,2.2528144071651983,-0.6795456917635454,0.8260847514111338,-0.8359051728251414,32,41
0.7758969183563824,0.6430315058229292,-0.1151490646684,-0.5026823482921599,2.0,0,0,4,0.2769789956503135,-0.6795456917635454,0.36480391341544877,-0.8359051728251414,19,22
-0.36821205212873787,0.2835511425117304,-0.6183268924191158,-0.7583208777131326,2.0,0,0,2,-0.24603626033892073,-0.6795456917635454,1.2873655894068188,-0.8359051728251414,17,16
-0.36821205212873787,-1.5138506740442639,-1.3870707959271538,0.8625715767283062,1.0,0,0,2,-1.0450873458780285,-0.6795456917635454,-0.16237418715104837,1.1950300692249545,30,30
-0.36821205212873787,-0.7948899474218662,-0.3807151404257222,0.42698792193400237,1.0,0,0,3,0.0009431661004398731,-0.6795456917635454,-0.458911868719703,-0.8359051728251414,3,3
-0.36821205212873787,-0.4354095841106673,-0.5344639211273298,-0.9917781898307672,1.0,0,0,2,-0.885277128770207,0.5648934219418744,-1.414422175996479,1.21337268556058,34,55
-0.36821205212873787,0.6430315058229292,1.0309782096526747,1.6527774431597295,1.0,0,0,3,1.4682915231813471,-0.6795456917635454,0.5954443324132913,-0.8359051728251414,18,25
0.7758969183563824,0.6430315058229292,1.5201788755214263,2.9259793163713423,1.0,0,0,2,-0.08622604323109917,2.8546613911598473,0.29890665084463663,1.2164297882831843,20,66
-0.36821205212873787,1.7214725957565258,-0.6462812161830445,-1.6696916436640408,2.0,0,0,2,-0.6964105085518725,0.042228994185598105,1.2544169581214126,-0.8359051728251414,34,50
0.7758969183563824,0.6430315058229292,0.5976861913117807,-0.8012969862383503,2.0,0,0,2,1.0179172749683953,-0.6795456917635454,1.0896738016943823,-0.8359051728251414,41,40
-1.5123210226138581,-1.5138506740442639,-1.5547967385107258,-0.27920658396102754,1.0,0,0,3,-1.2194257645411066,-0.6795456917635454,-1.5791653324235095,-0.8359051728251414,34,62
-0.36821205212873787,-0.4354095841106673,0.569731867547852,0.8977842591973556,1.0,0,0,3,0.9888608718578823,-0.6795456917635454,-0.09647692458023621,-0.8359051728251414,22,24
-0.36821205212873787,-0.4354095841106673,-0.6043497305371515,1.3061959227950701,1.0,0,0,2,-0.23150805878366423,-0.6795456917635454,1.452108745833849,-0.8359051728251414,4,8
5.352332800296863,1.0025118691341282,1.1987041522362467,-0.15582356271120879,1.0,0,0,2,-0.2750926634494337,2.6057735684187633,0.2330093882738245,1.2062394458745034,35,61
-0.36821205212873787,-1.5138506740442639,-0.6462812161830445,-0.20989027988809564,1.0,0,0,3,-0.2750926634494337,-0.6795456917635454,-0.5577577625759212,1.1848397268162736,6,67
0.7758969183563824,1.0025118691341282,-0.5344639211273298,-0.9030533206174143,1.5,0,0,2,-0.1588670510073817,-0.6795456917635454,-1.3155762821402608,1.1991062061884268,34,47
1.9200058888415028,1.361992232445327,0.5138232200199947,0.26534230083592525,2.0,0,0,2,0.9307480656368563,-0.6795456917635454,1.4191601145484432,1.1236976723641885,14,0
0.7758969183563824,-1.5138506740442639,-0.800029996884652,-0.34852288803395937,1.5,0,0,2,-0.43490288055725534,-0.6795456917635454,-1.7439084888505398,1.211334617078844,34,53
-0.36821205212873787,1.7214725957565258,1.1707498284723181,-0.2714431579048591,2.0,0,0,2,0.4658456158686481,1.286668107891018,1.1885196955506006,-0.8359051728251414,31,33
-0.36821205212873787,-0.4354095841106673,-0.33878365477982925,-1.6050888482680683,2.0,0,0,2,-0.4058464774467423,0.0920065587338149,1.2544169581214126,-0.8359051728251414,34,50
0.7758969183563824,0.6430315058229292,2.079265350799999,0.3182999571476452,2.0,0,0,2,2.557906639825585,-0.6795456917635454,0.9908279078381641,-0.8359051728251414,32,41
-1.5123210226138581,-0.4354095841106673,0.20632565861677954,-0.6812411475840323,1.0,0,0,4,-0.8416925241044375,1.8093325356472945,-1.5462167011381034,-0.8359051728251414,34,55
0.7758969183563824,0.6430315058229292,-0.25492068348804325,-0.6870637171261587,2.0,0,0,2,0.13169698009774844,-0.6795456917635454,1.2873655894068188,-0.8359051728251414,17,16
-0.36821205212873787,0.6430315058229292,-0.33878365477982925,-1.563499065824309,2.0,0,0,2,-0.739995113217642,0.664448551038308,1.452108745833849,-0.8359051728251414,16,17
-0.36821205212873787,0.6430315058229292,0.48586889625606605,0.044361923451418435,2.0,0,0,2,0.9016916625263433,-0.6795456917635454,0.924930645267352,1.2082775143562396,1,0
-1.5123210226138581,-1.5138506740442639,-1.4429794434550112,-0.6257881043256869,1.0,0,0,2,-1.1032001520990546,-0.6795456917635454,-0.8542954441445759,-0.8359051728251414,34,55
0.7758969183563824,1.0025118691341282,0.6815491626035667,-0.41146209213218154,2.0,0,0,2,1.1050864842999344,-0.6795456917635454,1.1555710642651946,-0.8359051728251414,21,23
-0.36821205212873787,0.2835511425117304,0.05257687791517193,-1.353054766658888,2.0,0,0,2,0.029999569210952887,0.042228994185598105,1.2544169581214126,-0.8359051728251414,34,50
-0.36821205212873787,-1.5138506740442639,-0.8559386444125093,0.02328976701324715,1.0,0,0,2,-0.49301568677828134,-0.6795456917635454,0.39775254470085486,-0.8359051728251414,35,66
-0.36821205212873787,-0.07592922079946847,-0.6183268924191158,0.30887293979372643,1.5,0,0,2,-0.24603626033892073,-0.6795456917635454,0.463649807271667,-0.8359051728251414,18,19
-0.36821205212873787,-0.7948899474218662,-0.3108293310159006,-0.7644207124715506,1.5,0,0,2,-0.36226187278097277,0.0671177764597065,-1.381473544711073,1.1552877338310992,34,56
0.7758969183563824,0.6430315058229292,0.15041701108892222,0.0008312844936172254,2.0,0,0,3,0.5530148252001871,-0.6795456917635454,-0.2282714497218605,-0.8359051728251414,35,61
0.7758969183563824,0.2835511425117304,0.6675720007216023,0.31691363106618653,2.0,0,0,4,1.0905582827446778,-0.6795456917635454,-0.16237418715104837,-0.8359051728251414,3,7
0.7758969183563824,-0.7948899474218662,-0.4645781117175082,0.5634024083495323,1.0,0,0,3,-0.08622604323109917,-0.6795456917635454,-0.3600659748634848,-0.8359051728251414,1,1
0.7758969183563824,0.2835511425117304,0.06655403979713626,2.170708867192676,2.0,0,0,2,0.4658456158686481,-0.6795456917635454,0.36480391341544877,1.2154107540423162,32,41
-0.36821205212873787,-0.4354095841106673,-0.6882127018289375,1.5612799217834594,1.0,0,2,2,-0.827164322549181,0.1915616878302485,-0.3930146061488909,1.2062394458745034,39,68
-0.36821205212873787,-1.5138506740442639,-1.2333220152255462,0.08872435805809484,1.0,0,0,2,-0.885277128770207,-0.6795456917635454,0.43070117598626095,1.211334617078844,14,13
-0.36821205212873787,0.6430315058229292,-0.0033317696126853795,-0.7644207124715506,2.0,0,0,2,0.39320460809236557,-0.6795456917635454,0.6613415949841034,1.211334617078844,16,17
0.7758969183563824,0.6430315058229292,0.024622554151243276,-1.2865111147488735,1.5,0,0,3,-0.5947130976650769,1.0626690674240424,-1.9745489078483822,-0.8359051728251414,34,49
-0.36821205212873787,-0.4354095841106673,-0.12912622655036432,0.37264393954082375,1.0,0,0,2,-1.0741437489885417,1.6102222774544273,-2.1392920642754127,1.2164297882831843,34,56
0.7758969183563824,-0.7948899474218662,-0.07321757902250701,-0.2930698447756139,1.0,0,2,4,-0.31867726811520325,0.41556072829722407,-0.5248091312905151,-0.8359051728251414,34,64
1.9200058888415028,1.0025118691341282,2.191082645855714,-0.6146974956740178,2.0,0,2,2,1.8750811667285292,0.6893373333124164,-1.414422175996479,1.2092965485971077,34,60
-0.36821205212873787,-1.5138506740442639,-1.0236645869960812,1.6200601476373055,1.0,0,0,2,-0.6673541054413594,-0.6795456917635454,-0.887244075429982,1.2042013773927673,39,68
-0.36821205212873787,-0.4354095841106673,0.2482571442626725,1.1071194974976097,1.0,0,0,3,0.6547122360869827,-0.6795456917635454,-0.29416871229267266,1.203182343151899,22,24
-0.36821205212873787,-0.07592922079946847,-0.4226466260716152,0.09482419281651283,1.0,0,0,2,-0.04264143856532965,-0.6795456917635454,1.1885196955506006,-0.8359051728251414,34,55
0.7758969183563824,0.2835511425117304,0.38802876308231576,0.11312369709176685,2.0,0,0,3,0.7999942516395477,-0.6795456917635454,-0.06352829329483015,-0.8359051728251414,3,5
0.7758969183563824,-0.4354095841106673,-0.674235539946973,0.3307768918807729,1.0,0,0,2,-0.3041490665599468,-0.6795456917635454,-0.3271173435780787,1.214391719801448,16,15
0.7758969183563824,0.6430315058229292,0.4020059249642801,-0.05351269789956136,2.0,0,0,2,0.8145224531948042,-0.6795456917635454,0.5954443324132913,1.202163308911031,16,17
-0.36821205212873787,0.6430315058229292,0.4998460581380304,-1.0486175591705713,2.0,0,0,2,0.9162198640815998,-0.6795456917635454,1.1885196955506006,-0.8359051728251414,16,17
-0.36821205212873787,-0.7948899474218662,-0.5204867592453655,0.011921893145286324,1.0,0,0,3,-0.8998053303254635,0.6146709864900912,-0.19532281843645444,-0.8359051728251414,1,0
-0.36821205212873787,-0.7948899474218662,-0.7021898637109018,0.20600754454949555,1.0,0,0,3,-0.3332054696704598,-0.6795456917635454,-0.458911868719703,-0.8359051728251414,3,6
-0.36821205212873787,-0.07592922079946847,0.2901886299085655,-0.6471375259801498,1.0,0,0,3,-0.856220725659694,1.9835540115660533,-1.381473544711073,-0.8359051728251414,34,46
1.9200058888415028,1.0025118691341282,1.8276764369246414,-0.10924300637419858,2.0,0,0,2,2.296399011830968,-0.6795456917635454,1.4191601145484432,1.1236976723641885,31,33
1.9200058888415028,0.6430315058229292,0.8073436195412456,0.21987080536408193,1.0,0,0,3,-0.24603626033892073,1.8591101001955113,0.2330093882738245,-0.8359051728251414,19,22
0.7758969183563824,2.0809529590677247,1.0030238858887461,-1.1636826239316382,2.0,0,0,2,0.5820712283107001,0.78889246240885,1.0237765391235703,-0.8359051728251414,34,46
0.7758969183563824,1.0025118691341282,0.48586889625606605,-1.221908319352901,1.5,0,0,3,-0.1733952525626382,1.162224196520476,-1.3155762821402608,-0.8359051728251414,34,53
0.7758969183563824,0.6430315058229292,1.939493731980356,1.2876191533035244,2.0,0,0,4,1.439235120070834,0.9880027206017172,0.2330093882738245,-0.8359051728251414,3,5
-1.5123210226138581,0.6430315058229292,-1.2333220152255462,-1.5659944527709346,2.0,0,0,2,-0.885277128770207,-0.6795456917635454,1.1555710642651946,-0.8359051728251414,34,63
-0.36821205212873787,1.0025118691341282,0.7933664576592813,0.033548580016041066,1.0,0,0,4,-0.3913182758914858,2.083109140662487,-0.7225009190029515,1.1868777952980099,34,69
3.064114859326623,-0.07592922079946847,0.15041701108892222,0.9856773327618332,1.0,0,0,3,0.5530148252001871,-0.6795456917635454,-0.887244075429982,-0.8359051728251414,31,33
-0.36821205212873787,-1.5138506740442639,-1.3591164721632252,0.01580360617337051,1.0,0,0,4,-1.0160309427675156,-0.6795456917635454,-0.3271173435780787,-0.8359051728251414,1,1
-0.36821205212873787,-0.4354095841106673,-0.12912622655036432,1.159799888593038,1.0,0,0,3,-0.46395928366776834,0.5648934219418744,0.2330093882738245,-0.8359051728251414,31,36
0.7758969183563824,0.6430315058229292,0.06655403979713626,-0.3737540227165066,2.0,0,0,2,0.4658456158686481,-0.6795456917635454,1.0896738016943823,-0.8359051728251414,18,19
1.9200058888415028,-0.4354095841106673,0.3041657917905298,-0.02384531975634652,1.0,0,0,3,-0.28962086500469025,1.037780285149934,0.002368969275982,-0.8359051728251414,18,19
-2.6564299930989783,-1.5138506740442639,-1.652636871684476,-0.9030533206174143,1.0,0,0,2,-1.3211231754279023,-0.6795456917635454,-1.7109598575651337,-0.8359051728251414,34,62
-1.5123210226138581,-1.5138506740442639,-1.5547967385107258,-0.9463066943589238,1.0,0,0,3,-1.2194257645411066,-0.6795456917635454,-1.776857120135946,-0.8359051728251414,34,61
-0.36821205212873787,0.2835511425117304,-0.43662378795357953,-1.7140540782707172,3.0,0,0,2,-0.1733952525626382,-0.48043543357067825,1.2873655894068188,-0.8359051728251414,16,17
-0.36821205212873787,0.6430315058229292,-0.716167025592866,2.1052742761478287,1.0,0,0,3,-0.9288617334359766,0.31600559920079047,-0.2282714497218605,-0.8359051728251414,18,20
-0.36821205212873787,0.6430315058229292,0.0385997160332076,-1.0472312330891127,2.0,0,0,2,0.4367892127581351,-0.6795456917635454,1.1226224329797885,1.2052204116336354,31,33
-0.36821205212873787,0.2835511425117304,-0.883892968176438,-1.7606346346077273,2.0,0,0,2,-0.9579181365464896,0.0671177764597065,1.1885196955506006,-0.8359051728251414,34,45
-1.5123210226138581,-0.7948899474218662,-1.2053676914616176,0.6615542949168037,1.0,0,0,2,-0.856220725659694,-0.6795456917635454,0.4965984385570731,-0.8359051728251414,18,18
-1.5123210226138581,-0.4354095841106673,0.08053120167910058,-0.9030533206174143,1.0,0,0,4,-0.827164322549181,1.5604447129062105,-0.5907063938613273,1.2001252404292948,34,46
-0.36821205212873787,0.2835511425117304,-0.017308931494649706,0.13336405788106295,1.0,0,0,2,-0.2024516556731512,0.31600559920079047,-0.16237418715104837,1.1950300692249545,6,65
-0.36821205212873787,0.2835511425117304,-0.5763954067732228,-1.673573356692125,3.0,0,0,2,-0.2024516556731512,-0.6795456917635454,1.4191601145484432,1.1236976723641885,34,49
0.7758969183563824,0.6430315058229292,0.4439374106101731,-0.9263435987859194,2.0,0,0,2,0.8581070578605737,-0.6795456917635454,1.452108745833849,-0.8359051728251414,1,44
-1.5123210226138581,-0.7948899474218662,-0.4226466260716152,-0.9640516682015944,1.0,0,0,3,-1.1177283536543112,1.162224196520476,-0.9860899692862002,1.203182343151899,34,49
-1.5123210226138581,-0.4354095841106673,0.16439417297088654,1.2873418880872327,1.0,0,0,3,0.5675430267554437,-0.6795456917635454,-0.6566036564321395,1.1848397268162736,3,3
-0.36821205212873787,1.361992232445327,1.4083615804657117,-0.7305943560839598,2.0,0,0,3,0.8290506547500608,1.0875578496981508,0.5954443324132913,-0.8359051728251414,34,47
-1.5123210226138581,0.2835511425117304,-0.9118472919403666,-1.7805977301807316,2.0,0,0,2,-0.8416925241044375,-0.18177004628137747,1.2873655894068188,-0.8359051728251414,34,56
-0.36821205212873787,-1.5138506740442639,-1.009687425114117,-0.7003724475081615,1.5,0,0,2,-0.652825903886103,-0.6795456917635454,-2.271086589417037,-0.8359051728251414,34,55
-0.36821205212873787,-0.4354095841106673,-1.2053676914616176,0.2337340661786683,1.0,0,0,3,-0.856220725659694,-0.6795456917635454,-0.4259632374342969,1.203182343151899,1,1
0.7758969183563824,0.6430315058229292,0.6815491626035667,0.8395585637760928,1.0,0,4,2,0.0590559723214659,1.1124466319722592,-0.3930146061488909,1.2062394458745034,6,64
-0.36821205212873787,0.6430315058229292,0.17837133485285087,-0.7924244993170151,2.0,0,0,2,0.5820712283107001,-0.6795456917635454,1.2214683268360067,-0.8359051728251414,37,37
-1.5123210226138581,-0.4354095841106673,-1.1494590439337602,-1.5205229572990915,2.0,0,0,2,-0.798107919438668,-0.6795456917635454,1.452108745833849,-0.8359051728251414,34,50
-0.36821205212873787,-0.7948899474218662,-0.9957102632321526,0.011921893145286324,1.0,0,0,2,-0.6382977023308464,-0.6795456917635454,0.10121486313220021,1.2154107540423162,1,0
4.208223829811743,3.1593940490013215,2.4286943978491076,-0.9030533206174143,2.0,0,1,2,1.6571581433996816,1.4857783660838852,-0.19532281843645444,1.202163308911031,34,73
0.7758969183563824,1.361992232445327,1.2685899616460683,-0.8697814946624071,1.5,0,0,3,0.5820712283107001,1.2617793256169096,-1.2826276508548549,-0.8359051728251414,34,56
-1.5123210226138581,-1.5138506740442639,-0.2269663597241146,-0.4810556614214051,1.5,0,0,3,-1.0160309427675156,1.3364456724392348,-0.887244075429982,-0.8359051728251414,34,70
-2.6564299930989783,-1.5138506740442639,-1.5128652528648328,0.21987080536408193,1.0,0,0,1,-1.175841159875337,-0.6795456917635454,-2.106343432990007,-0.8359051728251414,34,56
-0.36821205212873787,-0.4354095841106673,-0.9398016157042953,-0.20989027988809564,1.0,0,0,3,-0.5801848961098204,-0.6795456917635454,-0.12942555586564228,-0.8359051728251414,3,7
0.7758969183563824,0.6430315058229292,0.3041657917905298,1.3228318357725737,2.0,0,0,3,0.7128250423080087,-0.6795456917635454,0.39775254470085486,1.21337268556058,30,30
0.7758969183563824,-0.4354095841106673,-0.25492068348804325,-0.4871554961798231,1.5,0,0,4,-0.885277128770207,1.0626690674240424,-1.4473708072818852,-0.8359051728251414,34,55
0.7758969183563824,-0.07592922079946847,0.7514349720133883,-0.6036068870223487,1.5,0,0,2,0.45131741431339156,0.5648934219418744,-0.7225009190029515,1.189934898020614,34,48
1.9200058888415028,-0.7948899474218662,0.26223430614463683,0.12282797966197731,1.5,0,0,4,0.6692404376422392,-0.6795456917635454,-0.26122008100726657,-0.8359051728251414,31,35
-0.36821205212873787,-0.4354095841106673,-0.7021898637109018,0.4458419566418398,1.0,0,0,2,-0.3332054696704598,-0.6795456917635454,-0.6566036564321395,1.2072584801153714,34,59
-0.36821205212873787,0.6430315058229292,-0.9258244538223309,-1.31645575810838,2.0,0,0,2,-0.5656566945545639,-0.6795456917635454,1.1226224329797885,1.2052204116336354,34,48
0.7758969183563824,0.6430315058229292,0.23427998238070818,0.31691363106618653,1.0,0,0,3,-0.6092412992203334,1.4608895838097768,0.20006075698841844,1.1940110349840865,41,40
1.9200058888415028,1.0025118691341282,1.3244986091739257,0.30693208327968435,2.0,0,0,2,1.7733837558417336,-0.6795456917635454,1.1885196955506006,-0.8359051728251414,31,36
0.7758969183563824,0.6430315058229292,1.4950199841338905,-0.33687774894970685,2.0,0,0,2,1.9506278148158631,-0.6795456917635454,1.1226224329797885,1.2052204116336354,18,19
-0.36821205212873787,-1.5138506740442639,-0.883892968176438,-1.0278226679486917,1.5,0,0,2,-0.5220720898887944,-0.6795456917635454,-1.414422175996479,1.21337268556058,34,47
-0.36821205212873787,-0.07592922079946847,-0.7441213493567947,-0.2930698447756139,1.0,0,0,2,-1.3937641832041847,1.0626690674240424,-0.7225009190029515,1.1960491034658225,35,61
0.7758969183563824,0.6430315058229292,1.6459733324591053,-0.30915122732053407,2.0,0,0,2,2.1075323916126334,-0.6795456917635454,1.1226224329797885,1.2052204116336354,30,30
-0.36821205212873787,-0.4354095841106673,0.16439417297088654,1.2751422185703967,1.0,0,0,2,-0.28962086500469025,0.78889246240885,-0.26122008100726657,1.2052204116336354,3,5
0.7758969183563824,-0.4354095841106673,-0.29685216913393625,0.4139564567682911,1.0,0,0,2,-1.1613129583200807,1.4608895838097768,0.03531760056138807,-0.8359051728251414,19,22
0.7758969183563824,1.361992232445327,1.8276764369246414,-0.469965052769736,2.0,0,0,2,2.296399011830968,-0.6795456917635454,1.4191601145484432,1.1236976723641885,32,42
-0.36821205212873787,-0.4354095841106673,-0.15708055031429297,-0.4871554961798231,1.0,0,0,3,-0.05716964012058615,-0.18177004628137747,-0.4259632374342969,1.203182343151899,34,53
1.9200058888415028,0.6430315058229292,0.12945126826597572,0.13946389263948095,2.0,0,0,2,0.5312225228673023,-0.6795456917635454,1.2214683268360067,-0.8359051728251414,27,27
-0.36821205212873787,-1.5138506740442639,-0.3807151404257222,-0.013031976320969148,1.0,0,0,2,-0.8126361209939245,0.7142261155865248,-0.2282714497218605,1.2103155828379757,1,0
0.7758969183563824,2.0809529590677247,1.2685899616460683,-0.7264353778395839,3.0,0,0,2,1.7152709496207077,-0.6795456917635454,1.2544169581214126,-0.8359051728251414,34,59
-0.36821205212873787,-0.07592922079946847,-0.017308931494649706,0.2268024357713751,1.0,0,0,3,-0.21697985722840774,0.34089438147489887,-0.030579662009424073,-0.8359051728251414,14,13
0.7758969183563824,-1.5138506740442639,-0.800029996884652,1.6954762864686554,1.0,0,0,2,-0.43490288055725534,-0.6795456917635454,-0.49186050000510906,1.2072584801153714,17,16
3.064114859326623,2.0809529590677247,2.330854264675357,-0.10591582377869785,2.0,0,0,2,1.5699889340681425,1.4608895838097768,1.1226224329797885,1.2052204116336354,37,37
-1.5123210226138581,-0.4354095841106673,-0.63230405430108,-0.5925162783706795,1.0,0,0,3,-1.1903693614305937,0.913336373779392,-0.6236550251467333,1.201144274670163,34,54
-0.36821205212873787,-1.5138506740442639,-0.9957102632321526,-0.6812411475840323,1.0,0,0,2,-0.6382977023308464,-0.6795456917635454,-2.271086589417037,-0.8359051728251414,34,58
0.7758969183563824,0.6430315058229292,-0.18503487407822164,0.2337340661786683,2.0,0,0,2,0.20433798787403096,-0.6795456917635454,0.924930645267352,1.2082775143562396,21,23
0.7758969183563824,1.7214725957565258,0.16439417297088654,-0.6257881043256869,2.0,0,0,3,-0.4203746790019988,1.0128915028758256,0.5624957011278853,-0.8359051728251414,34,52
0.7758969183563824,0.6430315058229292,0.737457810131424,0.025785153959872697,2.0,0,0,2,1.1631992905209605,-0.6795456917635454,0.6283929636986973,-0.8359051728251414,14,13
-1.5123210226138581,-1.5138506740442639,-1.694568357330369,-0.8415004426006508,1.0,0,0,3,-1.3647077800936718,-0.6795456917635454,-0.920192706715388,1.1838206925754056,31,33
0.7758969183563824,0.6430315058229292,0.37405160120035147,0.5933470517090388,2.0,0,0,2,0.7854660500842913,-0.6795456917635454,0.5624957011278853,1.202163308911031,1,0
1.9200058888415028,1.0025118691341282,1.2546127997641041,-0.5398358872752513,2.0,0,0,2,1.7007427480654511,-0.6795456917635454,1.1885196955506006,-0.8359051728251414,30,30
-0.36821205212873787,2.0809529590677247,-0.4645781117175082,-1.6153476612708622,2.0,0,0,2,-0.6092412992203334,0.2164504701043569,1.1885196955506006,-0.8359051728251414,34,55
-0.36821205212873787,-1.5138506740442639,-0.8279843206485806,2.3132231883666248,1.0,0,0,3,-0.46395928366776834,-0.6795456917635454,0.2659580195592306,1.202163308911031,18,25
-0.36821205212873787,-0.4354095841106673,-1.2333220152255462,-0.30693310559020026,1.5,0,0,3,-1.0305591443227722,-0.43065786902246145,-1.381473544711073,-0.8359051728251414,34,54
-0.36821205212873787,0.6430315058229292,1.2546127997641041,-0.19990873210159346,2.0,0,0,2,1.7007427480654511,-0.6795456917635454,0.6283929636986973,-0.8359051728251414,41,40
-0.36821205212873787,0.6430315058229292,-0.39469230230768654,-0.1588734800904178,2.0,0,0,2,-0.013585035454816633,-0.6795456917635454,0.6942902262695095,-0.8359051728251414,18,19
-0.36821205212873787,-0.07592922079946847,-1.3591164721632252,0.5886335430320795,1.0,0,0,2,-1.0160309427675156,-0.6795456917635454,-0.6895522877175455,1.2001252404292948,34,64
1.9200058888415028,1.0025118691341282,1.85563076068857,1.2318888448288872,1.0,0,0,2,-0.04264143856532965,3.3773258189161233,-0.19532281843645444,1.202163308911031,3,7
1.9200058888415028,-0.07592922079946847,-0.12912622655036432,0.5498164127512376,1.0,0,0,3,-0.1733952525626382,0.0671177764597065,-0.920192706715388,1.1593638707945715,34,61
0.7758969183563824,2.0809529590677247,3.183461139475181,0.8459356637508025,2.0,0,0,2,3.705634562690849,-0.6795456917635454,1.1885196955506006,-0.8359051728251414,3,7
-0.36821205212873787,0.6430315058229292,-0.25492068348804325,-0.013586506753552602,2.0,0,0,2,0.13169698009774844,-0.6795456917635454,0.7931361201257278,-0.8359051728251414,31,32
-0.36821205212873787,-0.07592922079946847,-1.1494590439337602,0.8991705852788142,1.0,0,0,4,-0.798107919438668,-0.6795456917635454,0.2659580195592306,-0.8359051728251414,26,26
0.7758969183563824,-0.4354095841106673,-0.47855527359947253,0.9055476852535239,2.0,0,0,3,-0.10075424478635567,-0.6795456917635454,-1.5791653324235095,-0.8359051728251414,35,61
-0.36821205212873787,-0.4354095841106673,0.08053120167910058,-0.47051958320231946,1.0,0,0,3,-0.8126361209939245,1.535555930632102,-1.0190386005716063,1.1909539322614822,34,47
-1.5123210226138581,-0.4354095841106673,-0.03128609337661403,-1.0760668155834523,2.0,0,0,2,0.3641482049818525,-0.6795456917635454,0.33185528213004273,-0.8359051728251414,21,23
0.7758969183563824,1.7214725957565258,2.1771054839737496,-0.06460330655123046,2.0,0,0,2,2.6596040507123804,-0.6795456917635454,1.1885196955506006,-0.8359051728251414,32,42
-0.36821205212873787,-1.5138506740442639,-1.4988880909828683,-0.6091521913481832,1.5,0,0,2,-1.1613129583200807,-0.6795456917635454,-1.414422175996479,1.21337268556058,34,61
-0.36821205212873787,-1.5138506740442639,-0.8978701300584023,-0.19159077561284163,1.0,0,0,4,-0.5366002914440509,-0.6795456917635454,0.20006075698841844,-0.8359051728251414,14,13
0.7758969183563824,0.6430315058229292,1.897562246334463,-0.2195945624583061,2.0,0,0,2,2.3690400196072505,-0.6795456917635454,1.0567251704089764,-0.8359051728251414,32,42
-0.36821205212873787,-0.7948899474218662,0.1923484967348152,-0.51876373083708,1.0,0,0,3,-0.7545233147728985,1.6351110597285357,-0.7225009190029515,-0.8359051728251414,34,55
-0.36821205212873787,-1.5138506740442639,-0.6043497305371515,-0.9030533206174143,1.0,0,0,2,-1.1032001520990546,0.8137812446829584,-1.4803194385672913,1.2042013773927673,34,55
0.7758969183563824,-0.4354095841106673,0.06655403979713626,0.483272760841223,1.0,0,0,1,-0.26056446189417726,0.5648934219418744,0.2659580195592306,-0.8359051728251414,14,13
0.7758969183563824,1.361992232445327,2.2609684552655356,1.4057341354438002,1.5,0,0,3,0.7564096469737782,2.7302174797893053,0.6613415949841034,-0.8359051728251414,5,9
0.7758969183563824,1.0025118691341282,1.4922245517574977,-0.49547345266857495,2.0,0,0,2,1.9477221745048117,-0.6795456917635454,1.1555710642651946,-0.8359051728251414,21,23
1.9200058888415028,-0.4354095841106673,0.09450836356106491,-0.9723696246903462,2.0,0,0,3,0.4949020189791611,-0.6795456917635454,-1.6121139637089155,-0.8359051728251414,34,46
1.9200058888415028,0.6430315058229292,0.22030282049874386,-0.7095221996457886,2.0,0,0,2,0.6256558329764697,-0.6795456917635454,0.924930645267352,1.2082775143562396,21,23
-0.36821205212873787,-1.5138506740442639,-1.0935503964059028,-1.1803185369091418,1.0,0,0,4,-0.739995113217642,-0.6795456917635454,-2.106343432990007,-0.8359051728251414,34,46
-0.36821205212873787,-0.4354095841106673,0.09450836356106491,0.7328114555037777,1.0,0,2,3,-0.26056446189417726,0.6146709864900912,-0.4259632374342969,1.203182343151899,25,67
1.9200058888415028,0.2835511425117304,-0.08719474090447134,1.1517591973205779,1.0,0,0,3,-0.710938710107129,1.0626690674240424,-0.29416871229267266,1.203182343151899,20,66
-0.36821205212873787,-0.7948899474218662,-0.33878365477982925,0.5231989519872318,1.0,0,0,3,-0.7545233147728985,0.6893373333124164,-0.458911868719703,-0.8359051728251414,17,16
-1.5123210226138581,-1.5138506740442639,-1.694568357330369,-0.01580462848388642,1.0,0,0,4,-1.3647077800936718,-0.6795456917635454,-0.887244075429982,-0.8359051728251414,31,35
-0.36821205212873787,-0.7948899474218662,-0.6602583780650088,0.40286584811662207,1.0,0,0,2,-0.28962086500469025,-0.6795456917635454,-0.49186050000510906,1.2072584801153714,6,67
-0.36821205212873787,-0.07592922079946847,-0.35276081666179354,0.323567996257188,1.0,0,0,2,0.029999569210952887,-0.6795456917635454,0.7601874888403216,-0.8359051728251414,12,12
-0.36821205212873787,1.361992232445327,0.7514349720133883,0.042421066937376344,2.0,0,0,4,0.29150719720557,0.8386700269570668,0.2330093882738245,-0.8359051728251414,34,55
-0.36821205212873787,-1.5138506740442639,-1.174617935321296,0.06737493640363182,1.5,0,0,2,-0.8242586822381297,-0.6795456917635454,-1.7109598575651337,-0.8359051728251414,34,48
-1.5123210226138581,-1.5138506740442639,-1.3591164721632252,0.24842912264212985,1.0,0,0,2,-1.0160309427675156,-0.6795456917635454,-0.7554495502883577,1.214391719801448,35,66
-0.36821205212873787,-0.07592922079946847,0.2901886299085655,-0.01580462848388642,1.0,0,0,3,-0.26056446189417726,0.9631139383276088,-0.12942555586564228,-0.8359051728251414,31,33
-2.6564299930989783,-1.5138506740442639,-1.8762714617959053,-1.7811522606133152,1.0,0,0,3,-1.5535744003120062,-0.6795456917635454,-1.4473708072818852,1.1950300692249545,34,58
0.7758969183563824,0.6430315058229292,0.48586889625606605,-0.6257881043256869,2.0,0,0,2,0.9016916625263433,-0.6795456917635454,1.1885196955506006,-0.8359051728251414,21,23
0.7758969183563824,-0.07592922079946847,-0.5204867592453655,0.06737493640363182,1.0,0,0,3,-0.1443388494521252,-0.6795456917635454,-0.06352829329483015,-0.8359051728251414,19,22
-0.36821205212873787,-0.7948899474218662,-0.6602583780650088,-0.6146974956740178,1.0,0,0,2,-0.8126361209939245,0.2164504701043569,0.03531760056138807,-0.8359051728251414,34,61
0.7758969183563824,0.6430315058229292,0.16718960534727942,-0.9798557855302228,2.0,0,0,2,0.5704486670664949,-0.6795456917635454,1.452108745833849,-0.8359051728251414,14,2
0.7758969183563824,1.361992232445327,0.2762114680266012,-0.25841169273914794,1.0,0,0,4,-0.31867726811520325,1.037780285149934,-0.7225009190029515,1.1868777952980099,34,54
-0.36821205212873787,0.6430315058229292,0.38802876308231576,0.08317905373226028,2.0,0,0,2,0.7999942516395477,-0.6795456917635454,0.6283929636986973,-0.8359051728251414,14,13
-0.36821205212873787,-0.4354095841106673,1.3244986091739257,3.0607302114891217,1.0,0,0,2,-0.11528244634161218,2.5559960038705465,-0.3930146061488909,1.2062394458745034,39,68
-0.36821205212873787,0.2835511425117304,-0.5484410830092942,-0.5320724612190829,1.0,0,0,4,-1.2920667723173893,1.2368905433428012,-0.5248091312905151,-0.8359051728251414,34,53
0.7758969183563824,0.6430315058229292,1.1148411809444607,1.3874346311685464,2.0,0,0,2,1.555460732512886,-0.6795456917635454,0.6942902262695095,-0.8359051728251414,5,9
-0.36821205212873787,-0.7948899474218662,-1.05161891076001,1.4049023397949252,1.0,0,0,2,-1.2484821676516198,0.26622803465257366,0.36480391341544877,1.2154107540423162,32,41
0.7758969183563824,0.6430315058229292,1.0729096952985677,-0.5841983218819278,2.0,0,0,2,1.5118761278471164,-0.6795456917635454,1.2214683268360067,-0.8359051728251414,31,36
-0.36821205212873787,-1.5138506740442639,-0.6882127018289375,-0.6257881043256869,2.0,0,0,2,-0.31867726811520325,-0.6795456917635454,-1.9745489078483822,1.2082775143562396,34,46
0.7758969183563824,-0.07592922079946847,0.5557547056658877,-0.27920658396102754,1.0,0,0,3,-0.3767900743362293,1.6351110597285357,-0.953141338000794,1.2001252404292948,18,18
0.7758969183563824,0.6430315058229292,0.3041657917905298,0.502681325981644,2.0,0,0,3,0.7128250423080087,-0.6795456917635454,0.4965984385570731,-0.8359051728251414,30,30
0.7758969183563824,0.6430315058229292,-0.059240417140542685,0.1691312707826958,2.0,0,0,2,0.3350918018713395,-0.6795456917635454,0.8590333826965398,-0.8359051728251414,21,23
-0.36821205212873787,-0.4354095841106673,-0.4645781117175082,0.8381722376946342,1.0,0,0,2,-0.885277128770207,0.6893373333124164,0.2330093882738245,1.2062394458745034,19,22
0.7758969183563824,2.0809529590677247,0.8632522670691029,0.39953866552112133,2.0,0,0,2,1.293953104518269,-0.6795456917635454,1.2214683268360067,-0.8359051728251414,37,37
-0.36821205212873787,-0.7948899474218662,-0.8559386444125093,0.23761577920675248,1.0,0,0,2,-0.49301568677828134,-0.6795456917635454,-0.6236550251467333,1.1960491034658225,3,3
0.7758969183563824,0.6430315058229292,0.4998460581380304,-0.1439011584106645,2.0,0,0,2,0.9162198640815998,-0.6795456917635454,0.8590333826965398,-0.8359051728251414,16,17
-0.36821205212873787,0.2835511425117304,-0.3108293310159006,-0.8642361903365725,2.0,0,0,2,0.0735841738767224,-0.6795456917635454,1.1226224329797885,1.2052204116336354,16,17
-0.36821205212873787,-0.4354095841106673,-0.6183268924191158,-0.09066623688265284,1.0,0,0,3,-0.24603626033892073,-0.6795456917635454,0.6613415949841034,-0.8359051728251414,18,18
0.7758969183563824,-0.07592922079946847,-0.674235539946973,0.31691363106618653,1.5,0,0,3,-0.3041490665599468,-0.6795456917635454,-0.26122008100726657,-0.8359051728251414,19,22
-2.6564299930989783,-1.5138506740442639,-1.1075275582878672,-0.15443723662975015,1.5,0,0,2,-0.7545233147728985,-0.6795456917635454,-1.6450625949943216,1.1807635898528013,34,46
1.9200058888415028,1.361992232445327,-0.17105771219625732,-1.1803185369091418,2.0,0,0,2,0.21886618942928748,-0.6795456917635454,0.924930645267352,1.2082775143562396,34,56
0.7758969183563824,0.6430315058229292,1.2126813141182111,1.545475804454831,2.0,0,0,2,1.6571581433996816,-0.6795456917635454,1.0237765391235703,-0.8359051728251414,11,11
-0.36821205212873787,2.0809529590677247,1.8416535988066058,-0.34852288803395937,2.0,0,0,2,1.2213120967419864,1.1871129787945844,1.0237765391235703,-0.8359051728251414,34,62
-0.36821205212873787,1.0025118691341282,-1.1634362058157246,-1.8041652735655287,2.0,0,0,2,-1.2775385707621327,0.1168953410079233,1.2544169581214126,-0.8359051728251414,34,48
0.7758969183563824,0.2835511425117304,0.3321201155544585,0.13308679266477122,2.0,0,0,2,0.7418814454185217,-0.6795456917635454,0.5624957011278853,1.202163308911031,32,41
-0.36821205212873787,0.2835511425117304,-0.9118472919403666,-1.7462168433605576,3.0,0,0,2,-0.5511284929993073,-0.6795456917635454,1.1555710642651946,-0.8359051728251414,34,46
-0.36821205212873787,0.6430315058229292,0.9331380764789245,-0.7627571211738002,2.0,0,0,2,1.3665941122945515,-0.6795456917635454,1.0896738016943823,-0.8359051728251414,17,16
0.7758969183563824,-1.5138506740442639,-0.4645781117175082,0.8112775117143366,1.0,0,0,3,-0.08622604323109917,-0.6795456917635454,-0.12942555586564228,-0.8359051728251414,1,1
-0.36821205212873787,-0.07592922079946847,-0.7301441874748303,-0.6812411475840323,1.0,0,0,2,-0.36226187278097277,-0.6795456917635454,-0.9860899692862002,1.1980871719475588,34,55
0.7758969183563824,0.6430315058229292,1.4642702279935689,2.49705002676804,2.0,0,0,2,1.9186657713942987,-0.6795456917635454,0.6283929636986973,-0.8359051728251414,3,5
-0.36821205212873787,0.6430315058229292,0.9750695621248175,-0.3964897704524282,2.0,0,0,2,1.410178716960321,-0.6795456917635454,1.0237765391235703,-0.8359051728251414,30,31
-1.5123210226138581,0.6430315058229292,1.1707498284723181,0.14528646218160723,2.0,0,0,2,1.613573538733912,-0.6795456917635454,1.1885196955506006,-0.8359051728251414,30,31
-0.36821205212873787,-0.7948899474218662,-0.25492068348804325,1.4537010178622691,1.0,0,0,2,-0.739995113217642,0.8137812446829584,-0.5248091312905151,1.2072584801153714,13,14
-0.36821205212873787,-0.7948899474218662,0.42996024872820876,-0.9585063638757598,2.0,0,0,2,-0.4203746790019988,1.4857783660838852,-1.348524913425667,-0.8359051728251414,34,53
0.7758969183563824,0.6430315058229292,1.2266584760001753,1.0339214803965937,2.0,0,0,2,1.6716863449549382,-0.6795456917635454,0.891982013981946,-0.8359051728251414,32,42
-0.36821205212873787,-0.4354095841106673,0.15041701108892222,-0.34852288803395937,1.0,0,0,4,-0.7835797178834115,1.6102222774544273,-0.3930146061488909,-0.8359051728251414,34,54
-1.5123210226138581,-1.5138506740442639,-1.4290022815730468,0.7242162337987342,1.0,0,0,2,-1.088671950543798,-0.6795456917635454,-0.4259632374342969,1.202163308911031,31,35
-0.36821205212873787,-0.4354095841106673,-1.05161891076001,-0.8808721033140762,1.0,0,0,3,-1.3065949738726457,0.36578316374900727,-1.381473544711073,-0.8359051728251414,34,55
0.7758969183563824,-0.4354095841106673,0.09450836356106491,-0.9030533206174143,1.5,0,0,4,-0.3041490665599468,0.6893373333124164,-1.4473708072818852,-0.8359051728251414,34,60
0.7758969183563824,1.0025118691341282,0.6675720007216023,-0.34852288803395937,1.0,0,0,4,-0.36226187278097277,1.8093325356472945,-0.6566036564321395,-0.8359051728251414,34,49
-0.36821205212873787,-1.5138506740442639,-0.9118472919403666,0.2570243443471734,1.5,0,0,3,-0.5511284929993073,-0.6795456917635454,-0.7554495502883577,1.189934898020614,35,66
-0.36821205212873787,0.6430315058229292,-0.3667379785437579,-1.0236636897043159,2.0,0,0,2,0.015471367655696379,-0.6795456917635454,0.9578792765527581,-0.8359051728251414,41,40
-0.36821205212873787,0.6430315058229292,-0.43662378795357953,0.11894626663389313,2.0,0,0,2,-0.05716964012058615,-0.6795456917635454,0.6283929636986973,-0.8359051728251414,21,23
-0.36821205212873787,0.6430315058229292,-0.3807151404257222,-0.9058259727803316,2.0,0,0,2,0.0009431661004398731,-0.6795456917635454,1.2873655894068188,-0.8359051728251414,34,56
-0.36821205212873787,-0.4354095841106673,-0.14310338843232864,0.197412322844452,1.0,0,0,2,-1.0596155474332851,1.5604447129062105,-0.6566036564321395,1.2103155828379757,31,32
-0.36821205212873787,-1.5138506740442639,-1.3451393102812608,0.13447311874622986,1.0,0,0,3,-1.001502741212259,-0.6795456917635454,-0.09647692458023621,-0.8359051728251414,14,2
-0.36821205212873787,0.6430315058229292,-0.19901203596018596,-1.26349810179666,2.0,0,0,2,0.18980978631877446,-0.6795456917635454,1.320314220692225,-0.8359051728251414,16,15
-0.36821205212873787,1.0025118691341282,0.3460972774364228,0.07264297551317464,1.0,0,0,3,-0.5075438883335378,1.4857783660838852,0.36480391341544877,-0.8359051728251414,30,30
1.9200058888415028,-0.7948899474218662,0.82132078142321,-0.41700739645801604,1.5,0,0,3,-0.21697985722840774,1.8342213179214029,-1.381473544711073,-0.8359051728251414,12,12
-1.5123210226138581,-1.5138506740442639,-1.5408195766287613,-1.2637753670129517,1.0,0,0,2,-1.2048975629858503,-0.6795456917635454,0.8590333826965398,-0.8359051728251414,21,23
-0.36821205212873787,-1.5138506740442639,-0.4645781117175082,-0.3618316184159623,1.0,0,0,3,-0.739995113217642,0.44044951057133247,-0.19532281843645444,-0.8359051728251414,34,48
1.9200058888415028,1.361992232445327,1.205692733177229,2.1748678454370522,2.0,0,0,2,1.6498940426220534,-0.6795456917635454,0.8590333826965398,-0.8359051728251414,11,11
3.064114859326623,1.0025118691341282,2.3448314265573216,2.862208316624245,1.0,0,4,4,0.5965994298659566,3.153326778449148,-0.3600659748634848,-0.8359051728251414,32,42
-0.36821205212873787,-1.5138506740442639,-0.3248064928978649,-0.2498164710341044,1.5,0,0,2,0.0590559723214659,-0.6795456917635454,-2.0733948017046004,1.1848397268162736,34,56
0.7758969183563824,0.6430315058229292,1.3664300948198187,-0.21571284943022193,2.0,0,0,2,1.816968360507503,-0.6795456917635454,1.1885196955506006,-0.8359051728251414,37,37
-0.36821205212873787,-0.7948899474218662,-0.39469230230768654,0.7486155728324062,1.0,0,0,3,-0.8126361209939245,0.6893373333124164,-0.29416871229267266,1.203182343151899,34,59
-2.6564299930989783,-1.5138506740442639,-1.694568357330369,-0.5980615826965141,1.0,0,0,2,-1.3647077800936718,-0.6795456917635454,-2.0733948017046004,1.1848397268162736,34,55
-0.36821205212873787,-1.5138506740442639,-1.3730936340451894,-0.8337370165444824,1.5,0,0,4,-1.0305591443227722,-0.6795456917635454,-0.7225009190029515,1.1868777952980099,34,58
-0.36821205212873787,-0.4354095841106673,-0.5344639211273298,0.6829037165712668,1.0,0,0,2,-0.885277128770207,0.5648934219418744,0.20006075698841844,-0.8359051728251414,4,8
-0.36821205212873787,-0.07592922079946847,-0.04526325525857836,-0.16552784528141926,1.0,0,0,4,-1.0305591443227722,1.6848886242767525,-0.12942555586564228,-0.8359051728251414,21,23
-2.6564299930989783,-1.8733310373554628,-2.0999060519073343,-0.6119248435111004,1.0,0,0,1,-1.7860256251961104,-0.6795456917635454,-1.9086516452775701,-0.8359051728251414,7,10
-0.36821205212873787,-0.07592922079946847,0.09450836356106491,-0.07125767174223191,2.0,0,0,2,0.4949020189791611,-0.6795456917635454,-1.776857120135946,1.1878968295388779,34,62
0.7758969183563824,2.0809529590677247,2.5544888547867863,-0.6257881043256869,2.0,0,0,2,1.7443273527312206,1.5604447129062105,1.452108745833849,-0.8359051728251414,34,55
0.7758969183563824,-0.07592922079946847,-0.8140071587666163,-1.750930352037517,3.0,0,0,2,-0.4494310821125118,-0.6795456917635454,1.2544169581214126,-0.8359051728251414,16,17
0.7758969183563824,0.2835511425117304,0.8772294289510673,0.6859536339504758,2.0,0,0,3,1.3084813060735254,-0.6795456917635454,0.10121486313220021,-0.8359051728251414,19,22
1.9200058888415028,1.361992232445327,1.31890774442114,1.8493584815105641,1.0,0,2,3,0.45131741431339156,1.5753779822706755,0.10121486313220021,-0.8359051728251414,22,24
-0.36821205212873787,-1.5138506740442639,-1.0935503964059028,-0.028004298000722433,1.0,0,0,3,-0.739995113217642,-0.6795456917635454,-0.5577577625759212,1.1848397268162736,6,68
-0.36821205212873787,-0.07592922079946847,-0.841961482530545,-0.34852288803395937,1.0,0,0,3,-1.4954615940909803,1.0626690674240424,-2.304035220702443,1.1726113159258567,34,50
-0.36821205212873787,0.6430315058229292,-0.5484410830092942,-1.564608126689476,3.0,0,0,2,-0.2750926634494337,-0.5053242158447867,1.2544169581214126,-0.8359051728251414,34,46
-0.36821205212873787,1.0025118691341282,1.2406356378821397,-0.5292998090561657,2.0,0,0,2,1.6862145465101945,-0.6795456917635454,1.2544169581214126,-0.8359051728251414,30,30
-0.36821205212873787,0.6430315058229292,-0.7860528350026877,-1.637806143790492,2.0,0,0,2,-0.943389934991233,0.2164504701043569,1.2214683268360067,-0.8359051728251414,34,62
0.7758969183563824,0.6430315058229292,0.5571524218540841,-0.9512974682521749,2.0,0,0,2,0.9757854904581514,-0.6795456917635454,1.2214683268360067,-0.8359051728251414,31,35
-1.5123210226138581,-1.5138506740442639,-1.4429794434550112,0.36682136999869747,1.0,0,0,2,-1.1032001520990546,-0.6795456917635454,-1.7109598575651337,-0.8359051728251414,39,68
-0.36821205212873787,0.6430315058229292,0.3600744393183871,-0.6585053998481107,2.0,0,0,2,0.7709378485290347,-0.6795456917635454,0.9578792765527581,-0.8359051728251414,20,66
-1.5123210226138581,0.6430315058229292,-1.2333220152255462,-1.7268082782201366,2.0,0,0,2,-1.0305591443227722,-0.43065786902246145,1.2214683268360067,-0.8359051728251414,34,58
-0.36821205212873787,-0.7948899474218662,0.5557547056658877,1.2429794534805563,1.0,0,0,2,-0.47848748522302487,1.8093325356472945,-0.5248091312905151,1.2072584801153714,20,66
-0.36821205212873787,-0.07592922079946847,1.0729096952985677,-0.3152510620789521,1.0,0,0,3,-0.4494310821125118,2.6804399152410885,-0.26122008100726657,-0.8359051728251414,34,53
0.7758969183563824,-0.4354095841106673,0.3460972774364228,1.7390069254264566,1.0,0,0,2,-0.827164322549181,2.03333157611427,-0.458911868719703,1.203182343151899,20,66
-0.36821205212873787,-1.5138506740442639,-1.0795732345239386,1.2529610012670584,1.0,0,0,2,-0.7254669116623854,-0.6795456917635454,-0.06352829329483015,1.1991062061884268,41,43
0.7758969183563824,-1.5138506740442639,-0.5624182448912585,0.452773587049133,1.0,0,0,2,-0.9869745396570025,0.6893373333124164,-1.4803194385672913,1.2042013773927673,34,48
-0.36821205212873787,-0.07592922079946847,-0.800029996884652,-0.3540681923597939,1.5,0,0,2,-0.43490288055725534,-0.6795456917635454,-0.8213468128591698,1.2103155828379757,34,54
-0.36821205212873787,-0.4354095841106673,-1.009687425114117,0.2268024357713751,1.0,0,0,3,-0.652825903886103,-0.6795456917635454,0.43070117598626095,-0.8359051728251414,27,27
-0.36821205212873787,-0.4354095841106673,-0.5763954067732228,1.0613707368094747,1.0,0,0,2,-0.2024516556731512,-0.6795456917635454,0.43070117598626095,1.211334617078844,32,41
0.7758969183563824,-0.4354095841106673,0.26223430614463683,0.7012032208465208,1.0,0,0,2,-0.02811323701007314,0.5151158573936577,-0.09647692458023621,1.21337268556058,35,69
-0.36821205212873787,1.361992232445327,-0.10117190278643567,0.05073902342612817,1.0,0,0,4,-0.8998053303254635,1.3613344547133432,-0.5248091312905151,-0.8359051728251414,34,70
-0.36821205212873787,0.6430315058229292,0.4271648163518159,-0.013309241537260876,2.0,0,0,2,0.8406732159942659,-0.6795456917635454,1.3532628519776309,-0.8359051728251414,14,13
-0.36821205212873787,-0.07592922079946847,-0.63230405430108,0.06182963207779727,1.0,0,0,3,-0.26056446189417726,-0.6795456917635454,0.7272388575549156,-0.8359051728251414,21,23
-0.36821205212873787,0.6430315058229292,-0.07321757902250701,-0.07125767174223191,2.0,0,0,2,0.320563600316083,-0.6795456917635454,0.7601874888403216,-0.8359051728251414,18,19
-0.36821205212873787,-1.5138506740442639,-0.6602583780650088,-0.01580462848388642,1.0,0,0,2,-0.5801848961098204,-0.18177004628137747,-2.106343432990007,1.2164297882831843,34,46
0.7758969183563824,-0.7948899474218662,0.2762114680266012,0.4278197175828775,1.0,0,0,2,-0.8126361209939245,1.8839988824696197,-0.26122008100726657,1.2052204116336354,18,20
0.7758969183563824,-0.4354095841106673,0.024622554151243276,1.6810584952214858,1.0,0,0,3,-0.4203746790019988,0.7640036801347416,-0.030579662009424073,-0.8359051728251414,3,6
-0.36821205212873787,0.6430315058229292,0.4439374106101731,0.010258301847535959,2.0,0,0,2,0.8581070578605737,-0.6795456917635454,0.7931361201257278,-0.8359051728251414,1,44
-0.36821205212873787,-1.5138506740442639,-1.1634362058157246,0.7951961291694164,1.0,0,0,2,-0.8126361209939245,-0.6795456917635454,-0.030579662009424073,1.212353651319712,9,25
0.7758969183563824,0.6430315058229292,1.7158591418689269,1.1431639756155343,2.0,0,0,2,2.180173399388916,-0.6795456917635454,0.43070117598626095,1.211334617078844,32,41
0.7758969183563824,-0.4354095841106673,-0.716167025592866,-0.6257881043256869,1.5,0,0,3,-0.3477336712257163,-0.6795456917635454,-0.8213468128591698,-0.8359051728251414,34,55
-0.36821205212873787,0.2835511425117304,0.6256405150757094,1.2662697316490614,1.0,0,0,3,-0.3041490665599468,1.6351110597285357,0.06826623184679415,-0.8359051728251414,22,24
-0.36821205212873787,-0.07592922079946847,-0.9258244538223309,-1.0139594071341054,1.0,0,0,2,-0.5656566945545639,-0.6795456917635454,-0.2282714497218605,1.2103155828379757,34,58
0.7758969183563824,1.0025118691341282,0.779389295777317,2.932356416346052,2.0,0,2,2,-0.24603626033892073,1.8093325356472945,0.29890665084463663,1.2164297882831843,34,59
-0.36821205212873787,0.2835511425117304,1.0449553715346391,0.5281897258804829,1.0,0,0,2,-0.1298106478968687,2.083109140662487,0.2659580195592306,-0.8359051728251414,16,15
-0.36821205212873787,0.6430315058229292,0.4327556811046016,-0.6271744304071455,2.0,0,0,2,0.8464844966163686,-0.6795456917635454,1.3532628519776309,-0.8359051728251414,1,44
-0.36821205212873787,-0.4354095841106673,-1.1354818820517958,-0.4871554961798231,1.5,0,0,3,-0.7835797178834115,-0.6795456917635454,-1.4803194385672913,1.1695542132032524,34,62
-0.36821205212873787,1.361992232445327,-0.5051118811752047,-1.45287024452391,3.0,0,0,2,-0.12835782774134302,-0.6795456917635454,1.2544169581214126,-0.8359051728251414,34,59
-1.5123210226138581,-1.5138506740442639,-1.610705386038583,1.7309662341539966,1.0,0,0,3,-1.2775385707621327,-0.6795456917635454,-0.7883981815737637,1.1909539322614822,41,43
0.7758969183563824,0.6430315058229292,0.3181429536724941,0.15776339691473498,1.0,0,0,3,-0.3913182758914858,1.2368905433428012,0.20006075698841844,1.1940110349840865,20,66
-0.36821205212873787,-0.4354095841106673,-0.758098511238759,0.03937114955816734,1.0,0,0,3,-0.3913182758914858,-0.6795456917635454,0.16711212570301237,-0.8359051728251414,18,19
0.7758969183563824,0.6430315058229292,0.7514349720133883,-0.9554564464965508,2.0,0,0,2,1.1777274920762169,-0.6795456917635454,0.9578792765527581,-0.8359051728251414,37,37
0.7758969183563824,1.0025118691341282,1.9255165700983918,-0.30249686212953264,2.0,0,0,2,2.3980964227177632,-0.6795456917635454,1.2544169581214126,-0.8359051728251414,37,37
0.7758969183563824,-1.5138506740442639,-0.7301441874748303,-1.0760668155834523,1.5,0,0,4,-0.36226187278097277,-0.6795456917635454,-1.9416002765629763,1.1858587610571416,34,49
0.7758969183563824,1.0025118691341282,0.8912065908330316,0.0019403453587841352,2.0,0,0,2,0.08811237543197892,1.4360008015356684,0.924930645267352,1.2082775143562396,1,44
-0.36821205212873787,-1.5138506740442639,-0.6043497305371515,1.7309662341539966,1.0,0,0,3,-0.23150805878366423,-0.6795456917635454,-0.06352829329483015,-0.8359051728251414,31,36
0.7758969183563824,0.6430315058229292,1.9674480557442848,1.383830183356754,2.0,0,1,2,1.1777274920762169,1.4857783660838852,0.924930645267352,1.2082775143562396,34,60
0.7758969183563824,2.0809529590677247,2.1211968364458924,0.15942698821248533,2.0,0,0,2,2.6014912444913545,-0.6795456917635454,1.2214683268360067,-0.8359051728251414,3,5
-0.36821205212873787,1.361992232445327,0.9750695621248175,-0.6546236868200265,2.0,0,0,2,1.410178716960321,-0.6795456917635454,1.1885196955506006,-0.8359051728251414,30,30
0.7758969183563824,-0.07592922079946847,0.16439417297088654,-0.9030533206174143,1.5,0,0,4,-0.652825903886103,1.41111201926156,-0.953141338000794,-0.8359051728251414,34,63
0.7758969183563824,-0.4354095841106673,1.0729096952985677,0.1713493925130296,1.5,0,0,3,1.5118761278471164,-0.6795456917635454,-0.06352829329483015,-0.8359051728251414,31,35
-0.36821205212873787,1.0025118691341282,0.22030282049874386,0.655177194942094,1.0,0,0,2,-0.46395928366776834,1.1871129787945844,0.5624957011278853,1.202163308911031,14,13
-0.36821205212873787,-0.4354095841106673,-0.1151490646684,0.11839173620130967,1.0,0,0,2,-0.49301568677828134,0.6395597687641996,0.29890665084463663,1.2164297882831843,14,13
0.7758969183563824,1.7214725957565258,0.6815491626035667,-0.9030533206174143,1.5,0,0,4,0.3060353987608265,0.6893373333124164,-1.9416002765629763,1.1858587610571416,34,47
0.7758969183563824,-0.4354095841106673,-0.3667379785437579,0.7289297424756935,1.0,0,0,4,0.015471367655696379,-0.6795456917635454,-0.7554495502883577,-0.8359051728251414,34,59
-0.36821205212873787,1.7214725957565258,-0.7720756731207233,-1.7015771435375895,3.0,0,0,2,-0.4058464774467423,-0.6795456917635454,1.2544169581214126,-0.8359051728251414,34,46
-0.36821205212873787,-0.07592922079946847,-0.9677559394682239,0.9823501501663324,1.0,0,0,2,-0.6092412992203334,-0.6795456917635454,-0.09647692458023621,1.212353651319712,31,35
0.7758969183563824,0.6430315058229292,0.8632522670691029,-0.6895591040727842,2.0,0,0,2,1.293953104518269,-0.6795456917635454,1.1555710642651946,-0.8359051728251414,21,23
-0.36821205212873787,0.6430315058229292,0.48586889625606605,-1.318396614622422,2.0,0,0,2,0.320563600316083,0.31600559920079047,1.1885196955506006,-0.8359051728251414,16,15
0.7758969183563824,-0.07592922079946847,-0.4925324354814368,0.6443638515067167,1.0,0,0,2,-0.11528244634161218,-0.6795456917635454,-0.5577577625759212,-0.8359051728251414,19,21
-0.36821205212873787,-0.4354095841106673,-0.5903725686551872,-0.2487074101689375,1.0,0,0,3,-0.21697985722840774,-0.6795456917635454,-0.5248091312905151,1.1807635898528013,34,61
-0.36821205212873787,0.6430315058229292,0.5417775437839234,-1.383553940450978,3.0,0,0,2,0.9598044687473694,-0.6795456917635454,1.2873655894068188,-0.8359051728251414,34,69
0.7758969183563824,-0.4354095841106673,0.08053120167910058,-0.7020360388059119,1.5,0,0,3,-0.6818823069966159,1.3115568901651264,-0.8542954441445759,-0.8359051728251414,34,60
0.7758969183563824,0.6430315058229292,1.5341560374033907,0.3465810092094014,2.0,0,0,2,1.9913067791705812,-0.6795456917635454,1.0896738016943823,-0.8359051728251414,19,21
-0.36821205212873787,1.0025118691341282,0.9051837527149958,-0.5703350610673413,2.0,0,0,2,1.3375377091840386,-0.6795456917635454,1.2544169581214126,-0.8359051728251414,31,36
-0.36821205212873787,1.7214725957565258,1.0170010477707105,-0.9030533206174143,2.0,0,0,2,0.7418814454185217,0.540004639667766,1.0896738016943823,-0.8359051728251414,34,58
-0.36821205212873787,-0.07592922079946847,0.4439374106101731,0.1793900837854897,1.5,0,0,2,0.8581070578605737,-0.6795456917635454,0.924930645267352,1.2082775143562396,1,0
-0.36821205212873787,-0.07592922079946847,-0.5903725686551872,-0.0529581674669779,1.0,0,2,2,-0.6237695007755899,0.017340211911489708,0.10121486313220021,1.2154107540423162,34,59
-1.5123210226138581,-1.5138506740442639,-1.610705386038583,-0.6257881043256869,1.0,0,0,3,-1.2775385707621327,-0.6795456917635454,-0.887244075429982,-0.8359051728251414,34,64
-0.36821205212873787,0.6430315058229292,0.8912065908330316,-0.7366941908423779,2.0,0,0,2,1.323009507628782,-0.6795456917635454,1.452108745833849,-0.8359051728251414,1,44
0.7758969183563824,-0.4354095841106673,-0.4086694641896509,-0.8365096687073997,1.0,0,0,4,-1.0741437489885417,1.1124466319722592,-1.6121139637089155,-0.8359051728251414,34,55
-0.36821205212873787,-0.4354095841106673,-0.4925324354814368,0.24787459220954638,1.0,0,1,3,-0.8126361209939245,0.5151158573936577,-0.26122008100726657,-0.8359051728251414,10,72
-0.36821205212873787,-0.4354095841106673,-0.6043497305371515,1.7115576690135756,1.0,0,0,2,-0.23150805878366423,-0.6795456917635454,0.2330093882738245,1.2062394458745034,41,40
0.7758969183563824,1.0025118691341282,0.2901886299085655,0.8481537854811364,2.0,0,0,2,0.6982968407527522,-0.6795456917635454,0.7601874888403216,-0.8359051728251414,1,0
0.7758969183563824,0.2835511425117304,0.5837090294298164,3.145018837241807,2.0,0,0,3,1.0033890734131388,-0.6795456917635454,0.2330093882738245,-0.8359051728251414,17,16
-2.6564299930989783,-1.5138506740442639,-1.5547967385107258,-1.718213056515093,1.0,0,0,2,-1.3065949738726457,-0.5302129981188951,1.2214683268360067,-0.8359051728251414,34,60
-1.5123210226138581,-0.7948899474218662,-0.8279843206485806,-1.676623274071334,2.0,0,0,2,-0.7835797178834115,-0.1319924817331607,1.2544169581214126,-0.8359051728251414,34,63
0.7758969183563824,1.0025118691341282,0.6815491626035667,1.0272671152055923,1.0,0,0,2,-0.1879234541178947,1.535555930632102,0.2330093882738245,1.2062394458745034,3,6
-1.5123210226138581,-0.4354095841106673,-0.6882127018289375,-0.4372477572473122,1.0,0,0,3,-0.31867726811520325,-0.6795456917635454,0.2659580195592306,1.202163308911031,10,72
0.7758969183563824,0.6430315058229292,1.0170010477707105,-0.4871554961798231,2.0,0,2,2,1.4537633216260906,-0.6795456917635454,1.0896738016943823,-0.8359051728251414,16,17
-0.36821205212873787,0.6430315058229292,-0.12912622655036432,-1.2149766889456077,2.0,0,0,3,0.262450794095057,-0.6795456917635454,0.891982013981946,-0.8359051728251414,34,54
1.9200058888415028,1.361992232445327,1.3105214472919613,-0.8007424558057669,2.0,0,0,2,0.6256558329764697,1.2617793256169096,1.2214683268360067,-0.8359051728251414,5,9
1.9200058888415028,-0.4354095841106673,0.26223430614463683,0.3166363658498948,1.0,0,0,3,-0.49301568677828134,1.3115568901651264,-0.920192706715388,1.1838206925754056,35,61
-0.36821205212873787,0.6430315058229292,-0.12912622655036432,-1.1706142543389313,1.0,0,0,2,-1.0741437489885417,1.6102222774544273,-1.4473708072818852,1.2052204116336354,34,47
-0.36821205212873787,-0.4354095841106673,-0.059240417140542685,0.7383567598296122,1.0,0,0,2,-0.6237695007755899,0.9631139383276088,-0.8542954441445759,-0.8359051728251414,34,59
-0.36821205212873787,-0.4354095841106673,-1.2333220152255462,-0.3901126704777185,1.0,0,0,2,-0.885277128770207,-0.6795456917635454,0.33185528213004273,-0.8359051728251414,6,67
-0.36821205212873787,0.2835511425117304,-0.9258244538223309,-1.6222792916781554,2.0,0,0,2,-0.8707489272149506,-0.15688126400726907,1.452108745833849,-0.8359051728251414,34,47
-0.36821205212873787,-0.4354095841106673,-0.8699158062944736,0.5614615518354902,1.0,0,0,3,-0.5075438883335378,-0.6795456917635454,0.20006075698841844,1.1940110349840865,30,30
-0.36821205212873787,0.6430315058229292,0.611663353193745,-0.8476002773590688,2.0,0,0,2,1.032445476523652,-0.6795456917635454,1.452108745833849,-0.8359051728251414,21,23
-0.36821205212873787,0.2835511425117304,0.22030282049874386,2.146864058591588,1.0,0,0,2,0.6256558329764697,-0.6795456917635454,-0.29416871229267266,1.2062394458745034,26,26
0.7758969183563824,0.2835511425117304,0.4020059249642801,0.4477828131558819,1.0,0,0,3,-0.798107919438668,2.083109140662487,-0.29416871229267266,1.203182343151899,3,5
-0.36821205212873787,-0.07592922079946847,-1.1913905295796532,-0.005823080697384234,1.0,0,0,4,-0.8416925241044375,-0.6795456917635454,-0.7554495502883577,-0.8359051728251414,34,59
-0.36821205212873787,-0.07592922079946847,-0.883892968176438,1.966641668001965,1.0,0,0,2,-0.5220720898887944,-0.6795456917635454,-0.49186050000510906,1.2154107540423162,3,5
-1.5123210226138581,-1.5138506740442639,-0.9398016157042953,-0.7985243340754331,1.0,0,0,3,-0.5801848961098204,-0.6795456917635454,-0.7554495502883577,1.189934898020614,34,46
0.7758969183563824,0.6430315058229292,0.4159830868462444,0.8753257766777257,1.0,0,0,4,-0.3041490665599468,1.2617793256169096,0.13416349441760628,-0.8359051728251414,16,42
-1.5123210226138581,-1.5138506740442639,0.8492751051871386,-0.07125767174223191,1.0,0,0,4,-0.49301568677828134,2.3568857456776793,-0.920192706715388,-0.8359051728251414,34,56
1.9200058888415028,-1.5138506740442639,-1.0655960726419742,-0.13863311930112168,1.0,0,0,3,-1.2484821676516198,0.2413392523784653,-0.8542954441445759,-0.8359051728251414,34,59
-0.36821205212873787,-0.07592922079946847,-0.5484410830092942,0.191312488086034,1.0,0,0,2,-0.7835797178834115,0.36578316374900727,-0.29416871229267266,1.2062394458745034,5,9
-0.36821205212873787,0.6430315058229292,1.7438134656328554,0.1793900837854897,1.0,0,0,2,0.21886618942928748,2.7302174797893053,1.1885196955506006,-0.8359051728251414,31,33
-0.36821205212873787,-1.5138506740442639,-1.4010479578091182,-0.5814256697190104,1.5,0,0,4,-1.0596155474332851,-0.6795456917635454,-1.6780112262797278,1.1349070490137374,34,48
0.7758969183563824,-0.4354095841106673,0.42996024872820876,0.7289297424756935,1.5,0,0,3,0.8435788563053173,-0.6795456917635454,-0.16237418715104837,-0.8359051728251414,3,7
3.064114859326623,-0.07592922079946847,-0.3667379785437579,-1.1803185369091418,1.0,0,0,4,-1.1032001520990546,1.2368905433428012,-1.9416002765629763,1.1858587610571416,34,47
0.7758969183563824,1.7214725957565258,2.834032092426073,-0.0679304891467312,2.0,0,0,2,3.342429523809436,-0.6795456917635454,1.1555710642651946,-0.8359051728251414,32,42
-0.36821205212873787,-0.07592922079946847,-0.45060094983554383,-0.858690886010738,1.0,0,0,3,-0.943389934991233,0.8137812446829584,-1.7439084888505398,-0.8359051728251414,34,62
0.7758969183563824,0.6430315058229292,0.15041701108892222,-0.4549927310899827,2.0,0,0,2,0.5530148252001871,-0.6795456917635454,1.386211483263037,1.1124882957146396,17,16
0.7758969183563824,0.6430315058229292,0.15041701108892222,0.2794828268668033,2.0,0,0,2,0.5530148252001871,-0.6795456917635454,0.8590333826965398,-0.8359051728251414,34,64
-0.36821205212873787,-0.7948899474218662,-0.883892968176438,3.3011191540140494,1.0,0,0,2,-0.5220720898887944,-0.6795456917635454,-0.19532281843645444,1.202163308911031,30,30
0.7758969183563824,-1.5138506740442639,0.010645392269278948,0.6310551211247137,1.0,0,0,2,-0.8416925241044375,1.4608895838097768,-0.26122008100726657,1.2052204116336354,18,19
-0.36821205212873787,-0.7948899474218662,-0.39469230230768654,0.5886335430320795,1.0,0,0,4,-0.7690515163281549,0.6146709864900912,0.2659580195592306,-0.8359051728251414,31,35
-0.36821205212873787,-0.07592922079946847,-0.08719474090447134,-0.3737540227165066,1.0,0,0,2,-0.5656566945545639,0.8137812446829584,0.5295470698424791,-0.8359051728251414,18,18
0.7758969183563824,-0.7948899474218662,-0.6183268924191158,0.08401084938113547,2.0,0,0,2,-0.24603626033892073,-0.6795456917635454,-0.12942555586564228,1.1644590419989118,10,72
0.7758969183563824,2.4404333223789236,2.69426047360643,-0.494364391803408,2.5,0,0,2,3.197147508256871,-0.6795456917635454,1.2214683268360067,-0.8359051728251414,16,17
-0.36821205212873787,-0.4354095841106673,-1.1075275582878672,0.6573953166724279,1.0,0,0,3,-0.7545233147728985,-0.6795456917635454,-0.030579662009424073,-0.8359051728251414,14,13
-0.36821205212873787,0.6430315058229292,-0.35276081666179354,-1.3940900186700638,2.0,0,0,2,0.029999569210952887,-0.6795456917635454,1.2214683268360067,-0.8359051728251414,35,66
-1.5123210226138581,-0.7948899474218662,-1.2752535008714392,-1.5892847309394398,2.0,0,0,2,-0.9288617334359766,-0.6795456917635454,1.1226224329797885,1.2052204116336354,34,61
-0.36821205212873787,-0.07592922079946847,-0.7301441874748303,0.2054530141169121,1.0,0,0,3,-0.36226187278097277,-0.6795456917635454,-0.9860899692862002,1.203182343151899,39,70
-0.36821205212873787,0.6430315058229292,-0.6043497305371515,-0.5115548352134951,1.0,0,0,4,-1.1032001520990546,0.8137812446829584,-1.6450625949943216,-0.8359051728251414,34,62
-0.36821205212873787,-0.4354095841106673,-0.9817331013501883,0.2753238486224274,1.0,0,0,2,-0.6237695007755899,-0.6795456917635454,-0.12942555586564228,1.1644590419989118,31,35
-0.36821205212873787,1.361992232445327,0.0385997160332076,-1.6882684131555865,2.0,0,0,2,-0.08622604323109917,0.2164504701043569,1.2214683268360067,-0.8359051728251414,16,17
-1.5123210226138581,0.2835511425117304,-1.3032078246353678,-1.7611891650403109,3.0,0,0,2,-0.9579181365464896,-0.6795456917635454,1.1885196955506006,-0.8359051728251414,34,55
-0.36821205212873787,-0.4354095841106673,-0.12912622655036432,0.011921893145286324,1.0,0,0,2,0.262450794095057,-0.6795456917635454,-0.12942555586564228,1.1644590419989118,14,13
-0.36821205212873787,0.6430315058229292,-0.18503487407822164,-1.26349810179666,2.0,0,0,2,0.20433798787403096,-0.6795456917635454,1.3532628519776309,-0.8359051728251414,34,60
-0.36821205212873787,-0.4354095841106673,-0.45060094983554383,1.383552918140462,1.0,0,0,2,-0.07169784167584266,-0.6795456917635454,0.36480391341544877,1.2154107540423162,31,35
-0.36821205212873787,0.6430315058229292,-0.07321757902250701,0.1610905795102357,2.0,0,0,2,0.320563600316083,-0.6795456917635454,0.7931361201257278,-0.8359051728251414,31,32
-1.5123210226138581,-1.5138506740442639,-1.7644541667401905,-1.3527775014425962,1.0,0,0,2,-1.4373487878699542,-0.6795456917635454,-1.6780112262797278,1.203182343151899,34,60
0.7758969183563824,0.6430315058229292,0.653594838839638,0.12088712314793522,2.0,0,0,2,1.0760300811894215,-0.6795456917635454,1.0896738016943823,-0.8359051728251414,31,36
-1.5123210226138581,0.6430315058229292,-0.47855527359947253,-1.275697771313496,2.0,0,0,2,-0.6382977023308464,0.2413392523784653,1.2873655894068188,-0.8359051728251414,34,48
-0.36821205212873787,-0.4354095841106673,0.42996024872820876,0.24842912264212985,1.0,0,0,2,-0.7835797178834115,2.1079979229365953,-0.7225009190029515,1.1960491034658225,34,59
-0.36821205212873787,-0.7948899474218662,-1.2193448533435818,0.4940861042766004,1.0,0,0,2,-0.8707489272149506,-0.6795456917635454,0.10121486313220021,1.2154107540423162,31,35
-0.36821205212873787,-0.4354095841106673,-1.1075275582878672,-1.6791186610179596,2.0,0,0,2,-0.7545233147728985,-0.6795456917635454,1.452108745833849,-0.8359051728251414,34,50
-0.36821205212873787,0.2835511425117304,-0.14310338843232864,0.17744922727144763,1.0,0,0,3,-0.5366002914440509,0.664448551038308,0.5295470698424791,-0.8359051728251414,30,30
-1.5123210226138581,-1.5138506740442639,-1.526842414746797,-1.03558609400486,1.0,0,0,2,-1.1903693614305937,-0.6795456917635454,-0.7554495502883577,1.214391719801448,34,73
0.7758969183563824,0.6430315058229292,1.2098858817418183,-0.7719068733114273,2.0,0,0,2,1.6542525030886304,-0.6795456917635454,1.386211483263037,1.1124882957146396,31,32
0.7758969183563824,0.2835511425117304,0.1364398492069579,1.7309662341539966,1.0,0,0,2,-0.6237695007755899,1.3115568901651264,-0.2282714497218605,1.2103155828379757,31,36
0.7758969183563824,1.0025118691341282,0.37405160120035147,0.698985099116187,1.0,0,0,3,-0.8126361209939245,2.0582203583883785,-0.26122008100726657,-0.8359051728251414,3,5
0.7758969183563824,0.6430315058229292,1.9255165700983918,-0.513772956943829,2.0,0,0,2,2.3980964227177632,-0.6795456917635454,1.1226224329797885,1.2052204116336354,30,30
-0.36821205212873787,0.6430315058229292,-0.800029996884652,-1.730412726031929,3.0,0,0,2,-0.5075438883335378,-0.5551017803930034,1.0896738016943823,-0.8359051728251414,34,53
-0.36821205212873787,0.6430315058229292,1.0589325334166035,-0.8900218554517031,3.0,0,0,2,1.49734792629186,-0.6795456917635454,1.452108745833849,-0.8359051728251414,34,55
-0.36821205212873787,-1.5138506740442639,-0.8559386444125093,0.3307768918807729,1.0,0,0,2,-1.1322565552095676,0.41556072829722407,-0.29416871229267266,1.2062394458745034,14,13
-0.36821205212873787,-0.4354095841106673,-0.29685216913393625,-0.3765266748794239,1.0,0,1,2,-0.6382977023308464,0.5648934219418744,0.5295470698424791,-0.8359051728251414,34,62
-0.36821205212873787,-1.5138506740442639,-1.2472991771075106,-0.6257881043256869,1.0,0,0,2,-0.8998053303254635,-0.6795456917635454,-0.3600659748634848,1.1909539322614822,34,64
-0.36821205212873787,0.6430315058229292,-0.04526325525857836,-0.28641547958461244,2.0,0,0,2,0.34962000342659605,-0.6795456917635454,1.1555710642651946,-0.8359051728251414,32,42
-1.5123210226138581,-1.5138506740442639,-1.3451393102812608,1.7864192774123422,1.0,0,0,2,-1.001502741212259,-0.6795456917635454,-0.6895522877175455,1.2001252404292948,34,48
-0.36821205212873787,0.2835511425117304,-0.3807151404257222,-0.34852288803395937,1.0,0,0,2,-0.798107919438668,0.6893373333124164,0.29890665084463663,1.2164297882831843,34,58
-1.5123210226138581,-0.7948899474218662,-1.3730936340451894,-0.7297625604350847,1.0,0,0,3,-1.0305591443227722,-0.6795456917635454,-0.6895522877175455,1.1868777952980099,34,46
-0.36821205212873787,-0.4354095841106673,-0.9398016157042953,0.5792065256781607,1.0,0,0,3,-0.5801848961098204,-0.6795456917635454,-0.2282714497218605,-0.8359051728251414,18,18
-1.5123210226138581,0.2835511425117304,-0.6183268924191158,-0.13502867148932923,1.5,0,0,2,-0.24603626033892073,-0.6795456917635454,-1.4473708072818852,1.2052204116336354,34,50
0.7758969183563824,0.6430315058229292,0.5278003819019591,0.21432550103824738,2.0,0,0,2,0.9452762671921128,-0.6795456917635454,0.2659580195592306,-0.8359051728251414,11,11
-0.36821205212873787,0.6430315058229292,-0.18503487407822164,-1.1337379805721315,2.0,0,0,2,0.20433798787403096,-0.6795456917635454,1.452108745833849,-0.8359051728251414,37,37
0.7758969183563824,0.6430315058229292,0.8912065908330316,0.166913149052362,2.0,0,0,2,1.323009507628782,-0.6795456917635454,0.7272388575549156,-0.8359051728251414,21,23
0.7758969183563824,0.6430315058229292,1.380407256701783,0.7339205163689446,2.0,0,0,3,1.8314965620627597,-0.6795456917635454,0.6613415949841034,-0.8359051728251414,16,17
0.7758969183563824,-0.07592922079946847,-0.2828750072519719,-0.9352160857072547,1.0,0,0,4,-0.8707489272149506,0.9880027206017172,-1.5132680698526972,1.1573258023128352,34,46
-0.36821205212873787,-1.5138506740442639,-0.883892968176438,0.25036997915617193,1.0,0,0,3,-0.5220720898887944,-0.6795456917635454,-0.3271173435780787,1.203182343151899,31,33
0.7758969183563824,1.361992232445327,1.7018819799869624,0.5193172389591476,2.0,0,0,2,2.1656451978336593,-0.6795456917635454,1.0237765391235703,-0.8359051728251414,32,42
1.9200058888415028,1.0025118691341282,0.48586889625606605,0.8489855811300115,1.0,0,0,2,-0.5220720898887944,1.7595549710990777,-0.3600659748634848,1.1909539322614822,35,69
-0.36821205212873787,-0.4354095841106673,-0.7860528350026877,0.7328114555037777,1.0,0,0,3,-0.4203746790019988,-0.6795456917635454,0.43070117598626095,-0.8359051728251414,23,75
-0.36821205212873787,1.0025118691341282,1.1427955047083895,2.9867003987392304,1.0,0,2,4,0.21886618942928748,1.659999842002644,0.2659580195592306,-0.8359051728251414,3,5
1.9200058888415028,0.6430315058229292,0.42996024872820876,0.14223654480239822,1.0,0,0,2,-0.46395928366776834,1.5604447129062105,0.2659580195592306,-0.8359051728251414,19,22
-1.5123210226138581,-1.5138506740442639,-1.2333220152255462,-0.1821637582589229,1.5,0,0,2,-0.885277128770207,-0.6795456917635454,-0.19532281843645444,1.202163308911031,6,68
-0.36821205212873787,-0.4354095841106673,-0.63230405430108,0.3152500397684362,1.0,0,0,3,-0.26056446189417726,-0.6795456917635454,0.03531760056138807,-0.8359051728251414,30,30
-0.36821205212873787,0.6430315058229292,0.4159830868462444,-0.41783919210689124,2.0,0,0,2,0.8290506547500608,-0.6795456917635454,1.0896738016943823,-0.8359051728251414,19,21
-1.5123210226138581,-1.5138506740442639,-1.2472991771075106,-1.0139594071341054,1.0,0,0,3,-0.8998053303254635,-0.6795456917635454,-1.6780112262797278,1.1817826240936693,34,52
0.7758969183563824,0.6430315058229292,1.5760875230492837,0.7724603814334947,1.0,0,0,3,0.0590559723214659,2.705328697515197,-0.06352829329483015,-0.8359051728251414,35,61
-1.5123210226138581,-0.4354095841106673,-0.4645781117175082,-0.9030533206174143,1.0,0,0,4,-1.175841159875337,1.1871129787945844,-1.7109598575651337,-0.8359051728251414,34,52
-0.36821205212873787,0.2835511425117304,-0.9677559394682239,-1.7489894955234748,3.0,0,0,2,-0.6092412992203334,-0.6795456917635454,1.2544169581214126,-0.8359051728251414,34,46
-0.36821205212873787,0.6430315058229292,0.7933664576592813,0.03798482347670871,2.0,0,0,2,1.2213120967419864,-0.6795456917635454,0.6613415949841034,1.211334617078844,41,40
-0.36821205212873787,0.6430315058229292,0.9331380764789245,-0.6951044083986188,1.0,0,0,3,0.0590559723214659,1.5604447129062105,-0.6236550251467333,1.201144274670163,34,55
-0.36821205212873787,0.2835511425117304,-0.5344639211273298,-0.4841055788006141,2.0,0,0,2,-0.1588670510073817,-0.6795456917635454,0.5624957011278853,1.202163308911031,19,21
-0.36821205212873787,-1.5138506740442639,-0.5903725686551872,-0.325509875081746,1.0,0,0,3,-1.1613129583200807,0.9382251560535004,-0.9860899692862002,1.203182343151899,34,53
-1.5123210226138581,-1.5138506740442639,-1.6805911954484047,0.07513836245980018,1.0,0,0,2,-1.3501795785384152,-0.6795456917635454,-0.7883981815737637,-0.8359051728251414,34,53
0.7758969183563824,2.0809529590677247,1.6599504943410694,-0.6019432957245983,2.0,0,0,2,1.1922556936314734,0.913336373779392,1.2544169581214126,-0.8359051728251414,34,53
-0.36821205212873787,1.7214725957565258,-0.7301441874748303,-1.6666417262848319,3.0,0,0,2,-0.36226187278097277,-0.6795456917635454,1.1555710642651946,-0.8359051728251414,34,46
-0.36821205212873787,-0.4354095841106673,-0.758098511238759,3.0341127507251158,1.0,0,0,3,-0.3913182758914858,-0.6795456917635454,-0.26122008100726657,-0.8359051728251414,14,13
0.7758969183563824,1.0025118691341282,0.8632522670691029,0.3812391612458673,1.0,0,0,2,0.0590559723214659,1.4360008015356684,0.06826623184679415,1.2042013773927673,19,21
-0.36821205212873787,-0.07592922079946847,-0.7441213493567947,0.009981036631244231,1.0,0,0,3,-0.3767900743362293,-0.6795456917635454,-0.2282714497218605,-0.8359051728251414,3,7
-1.5123210226138581,-1.5138506740442639,-0.9258244538223309,-1.1248654936507962,1.0,0,0,3,-1.0160309427675156,0.0920065587338149,-1.6450625949943216,-0.8359051728251414,34,46
-0.36821205212873787,-0.7948899474218662,-0.6183268924191158,-0.7921472341007233,1.5,0,0,3,-0.24603626033892073,-0.6795456917635454,-2.106343432990007,1.1919729665023502,34,58
0.7758969183563824,0.6430315058229292,1.1288183428264251,-0.03244054146139007,2.0,0,0,2,1.5699889340681425,-0.6795456917635454,0.7601874888403216,-0.8359051728251414,32,41
0.7758969183563824,0.6430315058229292,1.8416535988066058,-0.7644207124715506,2.0,0,0,2,2.310927213386224,-0.6795456917635454,1.2873655894068188,-0.8359051728251414,31,36
-0.36821205212873787,0.2835511425117304,-0.4086694641896509,-0.01580462848388642,2.0,0,0,3,-0.02811323701007314,-0.6795456917635454,0.4965984385570731,-0.8359051728251414,3,6
-0.36821205212873787,-0.4354095841106673,-0.9677559394682239,0.21987080536408193,1.0,0,0,3,-0.6092412992203334,-0.6795456917635454,0.2659580195592306,1.202163308911031,32,41
-0.36821205212873787,0.2835511425117304,0.4159830868462444,0.4979678173046846,2.0,0,0,3,0.8290506547500608,-0.6795456917635454,0.5624957011278853,-0.8359051728251414,3,6
0.7758969183563824,0.6430315058229292,1.0142056153943175,-0.9141439292690834,2.0,0,0,2,1.4508576813150393,-0.6795456917635454,1.452108745833849,-0.8359051728251414,1,44
-2.6564299930989783,-1.5138506740442639,-1.736499842976262,-1.4714470140154556,1.0,0,0,2,-1.4082923847594413,-0.6795456917635454,-1.381473544711073,1.1552877338310992,34,55
-1.5123210226138581,-1.5138506740442639,0.14203071395974362,1.7010215907944901,1.0,1,4,4,-0.7269197318179111,1.4982227572209394,-0.7554495502883577,-0.8359051728251414,40,39
-0.36821205212873787,-0.4354095841106673,-0.47855527359947253,0.655177194942094,1.0,0,0,2,-0.10075424478635567,-0.6795456917635454,0.5954443324132913,1.202163308911031,31,36
-0.36821205212873787,-1.5138506740442639,-1.3591164721632252,-0.17273674090500418,1.0,0,0,2,-1.0160309427675156,-0.6795456917635454,-0.5907063938613273,1.2103155828379757,34,59
-0.36821205212873787,0.6430315058229292,-0.15708055031429297,-0.658228134631819,2.0,0,0,2,0.23339439098454398,-0.6795456917635454,1.1555710642651946,-0.8359051728251414,17,16
0.7758969183563824,0.6430315058229292,0.6256405150757094,1.744829494968583,2.0,0,0,2,1.0469736780789083,-0.6795456917635454,0.9578792765527581,-0.8359051728251414,33,71
-0.36821205212873787,-0.4354095841106673,-0.883892968176438,0.4278197175828775,1.0,0,0,3,-0.5220720898887944,-0.6795456917635454,-0.2282714497218605,-0.8359051728251414,3,7
-0.36821205212873787,0.6430315058229292,1.9255165700983918,-0.5426085394381686,2.0,0,2,2,1.1341428874104473,1.4857783660838852,1.2544169581214126,-0.8359051728251414,34,62
-1.5123210226138581,0.2835511425117304,-0.5484410830092942,-1.744553252062807,3.0,0,0,2,-0.1733952525626382,-0.6795456917635454,1.2214683268360067,-0.8359051728251414,34,58
0.7758969183563824,-0.7948899474218662,-0.35276081666179354,1.0719068150285604,1.0,0,0,2,-0.7690515163281549,0.6893373333124164,-0.3600659748634848,1.1909539322614822,35,69
3.064114859326623,0.2835511425117304,1.2406356378821397,2.3132231883666248,1.5,0,2,4,0.45131741431339156,1.4360008015356684,-0.9860899692862002,-0.8359051728251414,6,67
0.7758969183563824,-0.4354095841106673,0.4439374106101731,1.7351252123983725,1.0,0,0,3,0.7128250423080087,-0.43065786902246145,-0.9860899692862002,1.203182343151899,18,18
-0.36821205212873787,0.2835511425117304,-0.7301441874748303,-1.6303199829506154,2.0,0,0,2,-0.5366002914440509,-0.38088030447424465,1.1555710642651946,-0.8359051728251414,16,15
-0.36821205212873787,-0.4354095841106673,-0.6602583780650088,0.12282797966197731,1.0,0,0,2,-0.28962086500469025,-0.6795456917635454,0.29890665084463663,1.2164297882831843,30,30
-0.36821205212873787,-0.4354095841106673,-1.0655960726419742,0.2722739312432184,1.0,0,0,2,-0.710938710107129,-0.6795456917635454,0.36480391341544877,1.2154107540423162,9,25
-0.36821205212873787,-0.4354095841106673,-0.841961482530545,-0.2650660579301494,1.0,0,0,2,-0.47848748522302487,-0.6795456917635454,0.924930645267352,1.2082775143562396,1,1
-0.36821205212873787,-0.4354095841106673,-0.5065095973634012,-0.6604462563621528,1.0,0,0,3,-0.5075438883335378,-0.03243735263672709,0.2330093882738245,-0.8359051728251414,9,25
0.7758969183563824,1.7214725957565258,1.5760875230492837,-0.9313343726791705,2.0,0,0,2,0.9307480656368563,1.2120017610686928,1.452108745833849,-0.8359051728251414,16,15
-0.36821205212873787,0.2835511425117304,-0.4645781117175082,0.8270816290429651,1.0,0,0,2,-0.827164322549181,0.5897822042159828,0.29890665084463663,1.2164297882831843,19,22
-0.36821205212873787,0.6430315058229292,-0.29685216913393625,-1.4808740313693745,2.0,0,0,2,0.08811237543197892,-0.6795456917635454,1.1555710642651946,-0.8359051728251414,31,33
-0.36821205212873787,-0.7948899474218662,0.20632565861677954,-0.5581353915505054,1.0,0,0,2,-0.6818823069966159,1.535555930632102,-0.3600659748634848,1.1909539322614822,34,59
-0.36821205212873787,-1.5138506740442639,-1.0935503964059028,-0.6410376912217318,1.0,0,2,2,-0.739995113217642,-0.6795456917635454,-0.887244075429982,1.2042013773927673,34,60
-0.36821205212873787,0.6430315058229292,0.16439417297088654,-0.23207149719143386,1.0,0,3,2,0.10264057698723542,0.1168953410079233,-0.458911868719703,1.203182343151899,34,54
0.7758969183563824,0.2835511425117304,0.9191609145969603,0.7610925075655339,1.0,0,0,3,-0.46395928366776834,2.4315520925000045,-0.06352829329483015,-0.8359051728251414,17,16
-1.5123210226138581,-0.4354095841106673,-0.47855527359947253,-0.5880800349100119,1.5,0,3,2,-0.49301568677828134,-0.0075485703626186895,-1.414422175996479,1.21337268556058,34,73
-0.36821205212873787,-0.7948899474218662,0.010645392269278948,0.7292070076919853,1.0,0,0,3,-0.7545233147728985,1.3115568901651264,-0.030579662009424073,-0.8359051728251414,14,2
-0.36821205212873787,-1.5138506740442639,-1.2752535008714392,0.1710721272967379,1.0,0,0,2,-0.9288617334359766,-0.6795456917635454,-0.458911868719703,1.203182343151899,34,48
1.9200058888415028,0.6430315058229292,1.1567726665903537,0.21016652279387146,1.0,0,0,3,-0.08622604323109917,2.207553052033029,-0.3271173435780787,1.203182343151899,34,59
0.7758969183563824,-1.5138506740442639,0.1923484967348152,0.07264297551317464,1.0,0,0,2,-0.7254669116623854,1.5853334951803189,-0.2282714497218605,1.2103155828379757,3,7
-1.5123210226138581,-1.5138506740442639,-1.2333220152255462,-1.3073060059707529,1.0,0,0,2,-1.1322565552095676,-0.2564363931037027,-2.1722406955608187,-0.8359051728251414,34,58
-0.36821205212873787,0.2835511425117304,-0.4925324354814368,1.3641443530000412,1.0,0,0,2,-0.6673541054413594,0.26622803465257366,0.36480391341544877,1.2154107540423162,32,41
-0.36821205212873787,0.6430315058229292,0.6396176769576737,-1.4620199966615368,2.0,0,0,2,0.8145224531948042,-0.2564363931037027,1.2544169581214126,-0.8359051728251414,16,17
0.7758969183563824,1.361992232445327,2.330854264675357,0.5387258040995685,1.0,0,4,3,0.6401840345317261,3.0537716493527145,0.20006075698841844,1.1940110349840865,3,7
-0.36821205212873787,-0.4354095841106673,-0.7860528350026877,-0.38789454874738466,1.0,0,0,2,-0.4203746790019988,-0.6795456917635454,0.5624957011278853,1.202163308911031,10,72
-1.5123210226138581,-0.4354095841106673,-1.1634362058157246,0.09510145803280456,1.0,0,0,2,-0.8126361209939245,-0.6795456917635454,0.33185528213004273,-0.8359051728251414,10,72
0.7758969183563824,0.6430315058229292,1.5900646849312479,-0.2287443145959331,2.0,0,0,2,2.0494195853916075,-0.6795456917635454,1.1885196955506006,-0.8359051728251414,31,32
-0.36821205212873787,-0.7948899474218662,-0.6183268924191158,0.6579498471050114,1.0,0,0,3,-0.24603626033892073,-0.6795456917635454,-0.3600659748634848,-0.8359051728251414,17,16
-0.36821205212873787,-0.7948899474218662,-0.17105771219625732,-0.6036068870223487,1.0,0,0,2,-0.9143335318807201,1.2617793256169096,-0.3930146061488909,1.2062394458745034,34,53
0.7758969183563824,0.6430315058229292,0.3600744393183871,0.025785153959872697,2.5,0,0,4,0.7709378485290347,-0.6795456917635454,-0.3930146061488909,-0.8359051728251414,22,24
1.9200058888415028,1.7214725957565258,1.2406356378821397,-0.1852136756381319,1.5,0,0,2,0.9598044687473694,0.5648934219418744,-2.106343432990007,1.2164297882831843,34,56
0.7758969183563824,-0.4354095841106673,0.5837090294298164,1.2912236011153169,1.0,0,0,3,1.0033890734131388,-0.6795456917635454,-0.29416871229267266,1.203182343151899,22,24
-1.5123210226138581,-1.5138506740442639,-0.43662378795357953,0.5401121301810271,1.0,0,0,4,-1.175841159875337,1.2368905433428012,-1.6121139637089155,-0.8359051728251414,19,22
-1.5123210226138581,-0.4354095841106673,-0.8279843206485806,-0.7189492169997073,1.0,0,0,2,-0.46395928366776834,-0.6795456917635454,1.1226224329797885,1.2052204116336354,30,31
0.7758969183563824,0.6430315058229292,0.695526324485531,1.9805049288165513,1.0,0,0,4,0.015471367655696379,1.2120017610686928,-0.2282714497218605,-0.8359051728251414,3,6
-0.36821205212873787,-1.5138506740442639,-0.7301441874748303,0.2207026010129571,1.0,0,0,3,-0.36226187278097277,-0.6795456917635454,-0.6236550251467333,1.201144274670163,34,69
-0.36821205212873787,-0.4354095841106673,-0.08719474090447134,1.4207064571235535,1.0,0,0,3,0.3060353987608265,-0.6795456917635454,-0.4259632374342969,1.203182343151899,14,2
-0.36821205212873787,-1.5138506740442639,-1.1634362058157246,-0.8675633729320732,1.0,0,0,3,-1.3647077800936718,0.26622803465257366,-0.920192706715388,1.1838206925754056,34,60
-0.36821205212873787,-0.4354095841106673,0.0385997160332076,-0.6257881043256869,1.0,0,0,4,-0.9869745396570025,1.7595549710990777,-1.9416002765629763,1.1858587610571416,34,50
0.7758969183563824,-0.07592922079946847,-0.5763954067732228,-0.2930698447756139,1.5,0,0,2,-0.2024516556731512,-0.6795456917635454,-0.8213468128591698,1.212353651319712,34,53
0.7758969183563824,0.6430315058229292,0.3181429536724941,-0.543163069870752,2.5,0,0,3,0.7273532438632652,-0.6795456917635454,-2.238137958131631,-0.8359051728251414,34,58
-0.36821205212873787,-0.07592922079946847,-0.7720756731207233,0.3951024220604537,1.0,0,0,3,-0.4058464774467423,-0.6795456917635454,-0.12942555586564228,-0.8359051728251414,10,65
-0.36821205212873787,-1.5138506740442639,-1.1774133676976888,-1.1071205198081258,1.0,0,0,3,-0.827164322549181,-0.6795456917635454,-0.030579662009424073,-0.8359051728251414,1,44
-0.36821205212873787,0.6430315058229292,0.8492751051871386,-0.6881727779913255,2.0,0,0,2,1.2794249029630125,-0.6795456917635454,1.1885196955506006,-0.8359051728251414,18,25
0.7758969183563824,0.6430315058229292,0.611663353193745,0.7835509900851638,2.0,0,0,4,1.032445476523652,-0.6795456917635454,-0.12942555586564228,-0.8359051728251414,19,21
0.7758969183563824,0.6430315058229292,1.7298363037508913,0.351017252670069,2.0,0,0,2,2.1947016009441724,-0.6795456917635454,1.2544169581214126,-0.8359051728251414,19,21
-1.5123210226138581,-1.5138506740442639,-1.7085455192123333,-1.6913183305347954,2.0,0,0,3,-1.3792359816489284,-0.6795456917635454,-0.887244075429982,-0.8359051728251414,34,45
0.7758969183563824,1.361992232445327,1.1008640190624965,-0.9585063638757598,2.0,0,0,4,0.20433798787403096,1.6102222774544273,-1.6780112262797278,1.1349070490137374,34,53
0.7758969183563824,0.2835511425117304,0.024622554151243276,0.705084933874605,1.0,0,0,2,-0.47848748522302487,0.8635588092311752,-0.06352829329483015,1.1991062061884268,19,21
-2.6564299930989783,-1.5138506740442639,-1.5827510622746543,2.5089724310685844,1.0,0,0,1,-1.4228205863146979,-0.38088030447424465,-1.2826276508548549,-0.8359051728251414,34,68
-0.36821205212873787,-0.7948899474218662,-0.5903725686551872,0.20600754454949555,1.0,0,0,3,-0.21697985722840774,-0.6795456917635454,-0.458911868719703,-0.8359051728251414,3,6
-0.36821205212873787,0.6430315058229292,1.0449553715346391,0.16053604907765226,2.0,0,0,2,1.4828197247366035,-0.6795456917635454,0.6613415949841034,1.211334617078844,1,44
-0.36821205212873787,-1.5138506740442639,-0.3807151404257222,0.06737493640363182,1.0,0,0,3,-0.8707489272149506,0.8137812446829584,-0.9860899692862002,1.203182343151899,34,59
-1.5123210226138581,-1.5138506740442639,-1.2892306627534036,0.5439938432091114,1.0,0,0,3,-0.943389934991233,-0.6795456917635454,-0.3271173435780787,1.203182343151899,19,21
0.7758969183563824,0.6430315058229292,1.9185279891574096,2.469600770355159,1.5,0,0,4,0.8508429570829456,1.9586652292919449,-1.5791653324235095,1.1573258023128352,35,61
-1.5123210226138581,-0.4354095841106673,-0.3108293310159006,-0.8381732600051501,2.0,0,0,2,-0.47848748522302487,0.26622803465257366,-1.6450625949943216,1.1807635898528013,34,62
-0.36821205212873787,0.6430315058229292,-0.21298919784215029,-0.889190059802828,2.0,0,0,2,0.17528158476351796,-0.6795456917635454,1.0237765391235703,-0.8359051728251414,35,66
-0.36821205212873787,-0.4354095841106673,-0.6462812161830445,-0.6396513651402732,1.0,0,0,2,-0.9143335318807201,0.41556072829722407,0.463649807271667,-0.8359051728251414,34,61
-0.36821205212873787,-0.4354095841106673,0.5557547056658877,2.1169194152320814,1.0,0,0,2,0.45131741431339156,0.2164504701043569,0.33185528213004273,-0.8359051728251414,32,41
0.7758969183563824,-0.4354095841106673,0.737457810131424,-0.5980615826965141,1.5,0,0,4,-0.3041490665599468,1.8342213179214029,-2.0074975391337886,1.189934898020614,34,53
1.9200058888415028,2.4404333223789236,2.302899940911429,1.9458467767800853,2.0,0,0,2,2.2237580040546856,0.29111681692668206,0.9578792765527581,-0.8359051728251414,16,15
-0.36821205212873787,1.7214725957565258,-0.14310338843232864,-1.511927735594048,3.0,0,0,2,0.24792259253980048,-0.6795456917635454,1.452108745833849,-0.8359051728251414,34,55
-1.5123210226138581,-1.1543703107330652,-1.4988880909828683,-1.6580465045797883,2.0,0,0,2,-1.1613129583200807,-0.6795456917635454,1.2214683268360067,-0.8359051728251414,34,63
1.9200058888415028,0.6430315058229292,1.2406356378821397,0.5872472169506208,1.0,0,0,3,-0.1588670510073817,2.4813296570482213,-0.06352829329483015,-0.8359051728251414,3,5
-0.36821205212873787,-0.4354095841106673,-0.35276081666179354,-1.1803185369091418,1.0,0,2,3,-1.1903693614305937,1.41111201926156,-2.304035220702443,1.1726113159258567,34,46
0.7758969183563824,1.0025118691341282,0.9331380764789245,-1.2496348409820737,1.5,0,0,2,-0.05716964012058615,1.7595549710990777,-1.1178844944278243,-0.8359051728251414,34,51
-0.36821205212873787,1.0025118691341282,-0.8699158062944736,0.011921893145286324,1.0,0,0,2,-0.5075438883335378,-0.6795456917635454,-0.4259632374342969,1.202163308911031,3,7
0.7758969183563824,0.6430315058229292,1.3664300948198187,-0.2548072449273555,2.0,0,0,2,1.816968360507503,-0.6795456917635454,1.2544169581214126,-0.8359051728251414,31,36
-0.36821205212873787,-1.5138506740442639,-0.059240417140542685,-1.0888210155328717,1.5,0,0,3,-0.3913182758914858,0.5648934219418744,-2.271086589417037,-0.8359051728251414,34,46
-0.36821205212873787,0.6430315058229292,-0.39469230230768654,1.8185820425021826,2.0,0,0,2,-0.013585035454816633,-0.6795456917635454,0.924930645267352,1.2082775143562396,7,10
-0.36821205212873787,0.6430315058229292,1.5481331992853549,-0.7547164299013401,2.0,0,0,2,2.005834980725838,-0.6795456917635454,1.2214683268360067,-0.8359051728251414,31,33
0.7758969183563824,0.2835511425117304,0.09450836356106491,-0.9939963115611009,2.0,0,0,4,-0.013585035454816633,0.1915616878302485,-1.4473708072818852,-0.8359051728251414,34,55
0.7758969183563824,1.361992232445327,0.8352979433051743,0.7605379771329505,2.0,0,0,2,1.264896701407756,-0.6795456917635454,1.4191601145484432,1.1236976723641885,6,65
0.7758969183563824,-0.4354095841106673,0.6815491626035667,0.11506455360580894,1.0,0,0,2,-0.26056446189417726,1.659999842002644,0.29890665084463663,1.2164297882831843,16,15
-1.5123210226138581,-1.5138506740442639,-1.2193448533435818,0.25785613999604856,1.0,0,0,3,-0.8707489272149506,-0.6795456917635454,-0.5907063938613273,-0.8359051728251414,35,61
0.7758969183563824,-0.07592922079946847,0.23427998238070818,1.7220937472326614,1.0,0,0,4,-0.885277128770207,1.9337764470178365,-0.26122008100726657,-0.8359051728251414,34,59
-0.36821205212873787,-0.4354095841106673,-0.63230405430108,0.12282797966197731,1.0,0,0,2,-0.26056446189417726,-0.6795456917635454,0.16711212570301237,-0.8359051728251414,19,22
-1.5123210226138581,-1.5138506740442639,-1.6246825479205473,0.17994461421807317,1.0,0,0,3,-1.2920667723173893,-0.6795456917635454,-0.7225009190029515,-0.8359051728251414,35,66
0.7758969183563824,0.6430315058229292,1.2685899616460683,0.5814246474084945,2.0,0,0,2,1.7152709496207077,-0.6795456917635454,0.6613415949841034,1.211334617078844,32,41
-0.36821205212873787,0.6430315058229292,0.010645392269278948,-1.1218155762715873,2.0,0,0,2,0.40773280964762204,-0.6795456917635454,1.2873655894068188,-0.8359051728251414,16,15
0.7758969183563824,-0.4354095841106673,0.0385997160332076,0.1921442837349092,1.0,0,0,3,0.4367892127581351,-0.6795456917635454,-0.09647692458023621,-0.8359051728251414,14,13
-1.5123210226138581,-1.1543703107330652,-0.9677559394682239,-1.41599397075711,2.0,0,0,2,-0.6092412992203334,-0.6795456917635454,1.452108745833849,-0.8359051728251414,34,55
-1.5123210226138581,-0.7948899474218662,-1.3283667160229036,-1.7775478128015227,2.0,0,0,2,-1.2397652467184659,-0.24150312373923763,1.1885196955506006,-0.8359051728251414,34,61
-0.36821205212873787,0.6430315058229292,0.695526324485531,0.8991705852788142,2.0,0,1,2,1.119614685855191,-0.6795456917635454,0.6283929636986973,-0.8359051728251414,3,3
-0.36821205212873787,0.6430315058229292,-0.17105771219625732,-0.7389123125727116,2.0,0,0,2,0.21886618942928748,-0.6795456917635454,0.7272388575549156,-0.8359051728251414,16,17
0.7758969183563824,0.6430315058229292,0.8073436195412456,0.20378942281916174,1.0,0,0,2,-0.07169784167584266,1.5604447129062105,0.2659580195592306,-0.8359051728251414,18,20
-0.36821205212873787,-0.7948899474218662,-0.841961482530545,0.09510145803280456,1.0,0,0,3,-0.47848748522302487,-0.6795456917635454,-0.06352829329483015,-0.8359051728251414,14,13
-0.36821205212873787,-0.7948899474218662,-0.9258244538223309,-1.6203384351641132,3.0,0,0,2,-0.5656566945545639,-0.6795456917635454,1.2214683268360067,-0.8359051728251414,34,53
-0.36821205212873787,-0.4354095841106673,-0.5763954067732228,-0.24316210584310294,1.0,0,0,2,-1.2630103692068761,1.1373354142463676,-0.7225009190029515,1.1960491034658225,34,53
0.7758969183563824,-1.5138506740442639,-0.17105771219625732,0.06737493640363182,1.0,0,0,1,-0.36226187278097277,0.31600559920079047,-0.3600659748634848,-0.8359051728251414,34,68
0.7758969183563824,0.6430315058229292,0.8632522670691029,-0.7644207124715506,2.0,0,0,2,1.293953104518269,-0.6795456917635454,1.2873655894068188,-0.8359051728251414,31,36
-0.36821205212873787,-1.5138506740442639,-1.0935503964059028,-0.5980615826965141,2.0,0,0,2,-0.739995113217642,-0.6795456917635454,-1.9416002765629763,1.2072584801153714,34,62
-0.36821205212873787,-0.7948899474218662,-1.0236645869960812,-0.28197923612394477,1.0,0,0,2,-0.9143335318807201,-0.2564363931037027,-0.5907063938613273,1.2103155828379757,34,52
-1.5123210226138581,-1.5138506740442639,-1.2892306627534036,-0.5703350610673413,1.0,0,0,2,-0.943389934991233,-0.6795456917635454,-0.49186050000510906,1.2072584801153714,10,72
-0.36821205212873787,0.6430315058229292,0.0385997160332076,1.4470466526712678,2.0,0,0,3,0.4367892127581351,-0.6795456917635454,0.6283929636986973,-0.8359051728251414,24,33
-0.36821205212873787,-0.07592922079946847,-1.2333220152255462,0.7805010727059548,1.0,0,0,2,-0.885277128770207,-0.6795456917635454,0.5295470698424791,-0.8359051728251414,11,11
0.7758969183563824,1.361992232445327,1.4922245517574977,-0.9030533206174143,1.5,0,3,2,0.45131741431339156,1.8839988824696197,-1.875703013992164,1.2164297882831843,34,63
0.7758969183563824,-0.07592922079946847,-0.08719474090447134,-0.34852288803395937,1.5,0,0,2,0.3060353987608265,-0.6795456917635454,-0.458911868719703,1.203182343151899,34,59
-0.36821205212873787,-1.5138506740442639,-0.7441213493567947,-0.0529581674669779,1.0,0,0,2,-0.3767900743362293,-0.6795456917635454,-0.4259632374342969,1.202163308911031,34,59
0.7758969183563824,-0.4354095841106673,0.20632565861677954,-0.01580462848388642,1.0,0,0,3,-0.885277128770207,1.8839988824696197,-0.12942555586564228,-0.8359051728251414,1,0
-0.36821205212873787,-0.4354095841106673,-0.1151490646684,-0.5980615826965141,1.0,0,0,2,-0.9288617334359766,1.3862232369874516,-2.0074975391337886,1.2062394458745034,34,47
0.7758969183563824,0.2835511425117304,0.17837133485285087,0.007208384468326957,1.0,0,0,2,-0.6382977023308464,1.41111201926156,-0.2282714497218605,1.2154107540423162,35,66
-0.36821205212873787,-1.5138506740442639,-1.2193448533435818,0.5182081780939807,1.0,0,2,4,-0.8707489272149506,-0.6795456917635454,-0.458911868719703,-0.8359051728251414,12,12
-0.36821205212873787,0.6430315058229292,-1.3730936340451894,-1.7043497957005067,2.0,0,0,2,-1.0305591443227722,-0.6795456917635454,1.0896738016943823,-0.8359051728251414,34,45
0.7758969183563824,0.6430315058229292,1.380407256701783,0.12282797966197731,2.0,0,0,2,1.8314965620627597,-0.6795456917635454,1.0896738016943823,-0.8359051728251414,11,11
-0.36821205212873787,-0.07592922079946847,-0.8140071587666163,1.079392975868437,1.0,0,0,2,-0.798107919438668,-0.08221491718494388,0.8260847514111338,-0.8359051728251414,26,26
-0.36821205212873787,1.7214725957565258,1.5621103611673193,3.2259802803989914,1.0,1,4,3,-0.013585035454816633,2.8048838266116305,-0.26122008100726657,-0.8359051728251414,10,72
-1.5123210226138581,-0.4354095841106673,-0.2688978453700076,-0.5148820178089959,1.0,0,0,3,-0.9724463381017461,1.1871129787945844,-0.7883981815737637,1.1909539322614822,34,53
-0.36821205212873787,-0.07592922079946847,0.5837090294298164,-0.6036068870223487,1.5,0,0,2,0.17528158476351796,0.7391148978606332,-1.348524913425667,-0.8359051728251414,34,56
-1.5123210226138581,-1.5138506740442639,-1.4849109291009042,-0.5315179307864996,1.5,0,0,1,-1.1467847567648242,-0.6795456917635454,-2.106343432990007,-0.8359051728251414,34,63
-1.5123210226138581,-1.5138506740442639,-1.1215047201698316,-1.2801340147741638,1.0,0,0,3,-0.7690515163281549,-0.6795456917635454,-1.414422175996479,-0.8359051728251414,34,51
-0.36821205212873787,-0.4354095841106673,-0.43662378795357953,-0.8476002773590688,1.0,0,0,4,-1.2048975629858503,1.286668107891018,-0.8213468128591698,-0.8359051728251414,34,53
0.7758969183563824,-0.4354095841106673,-0.5624182448912585,0.4139564567682911,1.5,0,0,3,-0.1879234541178947,-0.6795456917635454,-0.06352829329483015,-0.8359051728251414,31,35
0.7758969183563824,-0.07592922079946847,-0.15708055031429297,0.5803155865433276,1.0,0,0,3,0.23339439098454398,-0.6795456917635454,-0.09647692458023621,-0.8359051728251414,30,30
-0.36821205212873787,-0.4354095841106673,-0.10117190278643567,-0.34852288803395937,2.0,0,2,3,0.29150719720557,-0.6795456917635454,-0.3600659748634848,-0.8359051728251414,34,63
0.7758969183563824,1.361992232445327,3.2533469488850026,2.9786597074667704,2.0,0,2,2,3.778275570467131,-0.6795456917635454,0.9908279078381641,-0.8359051728251414,22,24
-0.36821205212873787,-0.07592922079946847,-0.7720756731207233,-1.0139594071341054,3.0,0,0,2,-0.4058464774467423,-0.6795456917635454,1.4191601145484432,1.1236976723641885,34,58
-0.36821205212873787,-1.5138506740442639,-1.2892306627534036,-0.5148820178089959,1.0,0,0,2,-0.943389934991233,-0.6795456917635454,-0.3600659748634848,1.1909539322614822,34,63
-0.36821205212873787,1.0025118691341282,1.1567726665903537,0.3379857875043578,1.0,0,0,3,0.044527770766209396,1.9835540115660533,-0.09647692458023621,-0.8359051728251414,22,24
-0.36821205212873787,-1.5138506740442639,-1.2193448533435818,0.18382632724615736,1.0,0,0,3,-0.8707489272149506,-0.6795456917635454,-0.06352829329483015,-0.8359051728251414,34,48
-0.36821205212873787,1.361992232445327,0.569731867547852,-0.6252335738931034,2.0,0,0,2,0.9888608718578823,-0.6795456917635454,1.4191601145484432,1.1236976723641885,26,26
0.7758969183563824,0.6430315058229292,1.0030238858887461,1.1819811058963763,2.0,0,0,2,0.6547122360869827,0.664448551038308,0.5954443324132913,1.202163308911031,19,21
-0.36821205212873787,-1.5138506740442639,-1.05161891076001,0.27255119645951015,1.0,0,0,3,-0.6964105085518725,-0.6795456917635454,-0.09647692458023621,-0.8359051728251414,14,2
-0.36821205212873787,0.6430315058229292,-0.10117190278643567,-0.9890055376678498,2.0,0,0,2,0.29150719720557,-0.6795456917635454,0.9908279078381641,-0.8359051728251414,17,16
-0.36821205212873787,0.2835511425117304,-0.63230405430108,-0.5148820178089959,2.0,0,0,3,-0.26056446189417726,-0.6795456917635454,-1.842754382706758,1.1461164256632863,34,58
-1.5123210226138581,0.6430315058229292,-0.800029996884652,-1.6380834090067837,2.0,0,0,2,-0.885277128770207,0.0920065587338149,0.891982013981946,-0.8359051728251414,34,52
-1.5123210226138581,-1.5138506740442639,-1.0236645869960812,0.22347525317587438,1.0,0,0,3,-0.6673541054413594,-0.6795456917635454,-0.3930146061488909,1.1736303501667247,10,72
0.7758969183563824,-0.7948899474218662,1.0309782096526747,0.7677468727565354,2.0,0,0,2,1.4682915231813471,-0.6795456917635454,0.8590333826965398,-0.8359051728251414,1,44
0.7758969183563824,-0.4354095841106673,0.26223430614463683,-0.7228309300277914,1.0,0,1,2,-0.6818823069966159,1.6351110597285357,-0.6236550251467333,1.1960491034658225,34,55
0.7758969183563824,1.0025118691341282,0.8632522670691029,0.10508300581930675,1.0,0,0,2,-0.31867726811520325,2.083109140662487,0.5295470698424791,-0.8359051728251414,32,41
-0.36821205212873787,-1.5138506740442639,-0.883892968176438,-0.15166458446683287,1.0,0,0,3,-0.5220720898887944,-0.6795456917635454,-0.5907063938613273,-0.8359051728251414,22,24
-0.36821205212873787,2.4404333223789236,0.024622554151243276,0.37929830473182524,1.0,0,0,2,-0.43490288055725534,0.78889246240885,-0.3600659748634848,1.1909539322614822,34,70
-0.36821205212873787,-0.4354095841106673,-0.12912622655036432,0.2298523531505841,1.0,0,0,3,0.262450794095057,-0.6795456917635454,-0.19532281843645444,-0.8359051728251414,30,30
-0.36821205212873787,-1.5138506740442639,-1.3171849865173322,0.22319798795958265,1.0,0,0,3,-0.9724463381017461,-0.6795456917635454,-0.3271173435780787,1.203182343151899,10,72
-1.5123210226138581,-0.07592922079946847,-1.0655960726419742,-1.4880829269929592,1.5,0,1,3,-0.710938710107129,-0.6795456917635454,-1.414422175996479,-0.8359051728251414,34,57
0.7758969183563824,-1.5138506740442639,-0.017308931494649706,1.8105413512297224,1.0,0,0,3,-0.6382977023308464,1.0626690674240424,-0.12942555586564228,-0.8359051728251414,33,71
0.7758969183563824,1.0025118691341282,0.06655403979713626,1.1606316842419133,1.0,0,0,4,0.4658456158686481,-0.6795456917635454,-0.5907063938613273,1.2001252404292948,20,66
0.7758969183563824,0.6430315058229292,0.06655403979713626,-0.16552784528141926,2.0,0,0,3,0.4658456158686481,-0.6795456917635454,0.13416349441760628,-0.8359051728251414,19,22
-0.36821205212873787,1.0025118691341282,0.48586889625606605,-0.8254190600557306,1.0,0,0,4,-0.5511284929993073,1.8093325356472945,-1.7439084888505398,-0.8359051728251414,34,46
1.9200058888415028,-0.07592922079946847,-0.3248064928978649,0.01580360617337051,1.0,0,0,2,-0.9579181365464896,1.0626690674240424,-0.458911868719703,1.203182343151899,34,50
1.9200058888415028,1.0025118691341282,1.5760875230492837,-0.06709869349785601,1.0,0,0,4,-0.08622604323109917,2.954216520256281,0.29890665084463663,-0.8359051728251414,34,64
0.7758969183563824,1.0025118691341282,0.8492751051871386,-0.013031976320969148,1.0,0,0,3,-0.08622604323109917,1.659999842002644,0.29890665084463663,-0.8359051728251414,31,35
-1.5123210226138581,-1.5138506740442639,-1.5967282241566187,-0.1821637582589229,1.0,0,0,2,-1.2630103692068761,-0.6795456917635454,-0.6895522877175455,1.2001252404292948,34,58
0.7758969183563824,0.6430315058229292,0.779389295777317,0.24038843136966975,2.0,0,0,2,1.20678389518673,-0.6795456917635454,1.0237765391235703,-0.8359051728251414,1,44
-0.36821205212873787,-1.5138506740442639,-1.0935503964059028,0.01580360617337051,1.0,0,0,2,-0.739995113217642,-0.6795456917635454,-0.3271173435780787,1.214391719801448,3,7
0.7758969183563824,1.0025118691341282,1.6319961705771409,-0.9659925247156365,2.0,0,0,2,0.4949020189791611,2.0582203583883785,-1.6780112262797278,1.1980871719475588,34,58
0.7758969183563824,0.6430315058229292,-0.03128609337661403,0.8437175420204687,1.0,0,0,2,0.3641482049818525,-0.6795456917635454,-1.6121139637089155,1.1695542132032524,35,69
0.7758969183563824,-0.7948899474218662,-0.8559386444125093,1.9389151463727923,1.0,0,0,3,-0.49301568677828134,-0.6795456917635454,-0.5248091312905151,1.1807635898528013,19,21
0.7758969183563824,2.7999136856901226,0.4998460581380304,-0.27920658396102754,1.5,0,0,4,0.044527770766209396,0.8137812446829584,-0.9860899692862002,-0.8359051728251414,34,54
-0.36821205212873787,-1.5138506740442639,-1.1774133676976888,0.35018545702119386,1.0,0,0,2,-0.827164322549181,-0.6795456917635454,-0.09647692458023621,1.21337268556058,14,2
-0.36821205212873787,0.2835511425117304,0.26223430614463683,2.147695854240463,2.0,0,0,2,0.6692404376422392,-0.6795456917635454,0.463649807271667,-0.8359051728251414,31,36
0.7758969183563824,-0.07592922079946847,0.9750695621248175,2.555830252621886,2.0,0,0,3,1.410178716960321,-0.6795456917635454,-0.5577577625759212,1.1848397268162736,42,3
0.7758969183563824,-0.7948899474218662,-0.29685216913393625,-0.23290329284030903,1.0,0,0,2,0.08811237543197892,-0.6795456917635454,-0.5577577625759212,-0.8359051728251414,34,59
-0.36821205212873787,-1.5138506740442639,-0.7860528350026877,-1.1803185369091418,1.5,0,0,2,-0.4203746790019988,-0.6795456917635454,-1.5132680698526972,1.21337268556058,34,46
0.7758969183563824,1.0025118691341282,0.09450836356106491,-0.3964897704524282,2.0,0,0,2,0.4949020189791611,-0.6795456917635454,0.891982013981946,-0.8359051728251414,21,23
-0.36821205212873787,0.6430315058229292,-0.6602583780650088,0.08761529719292792,2.0,0,0,2,-0.28962086500469025,-0.6795456917635454,0.43070117598626095,1.211334617078844,3,6
-0.36821205212873787,-0.07592922079946847,0.20632565861677954,-0.9363251465724216,1.0,0,0,4,-0.7254669116623854,1.6102222774544273,-0.5248091312905151,-0.8359051728251414,34,55
-0.36821205212873787,0.6430315058229292,1.6040418468132123,1.4470466526712678,2.0,0,0,2,2.063947786946864,-0.6795456917635454,0.6613415949841034,1.211334617078844,21,23
0.7758969183563824,1.0025118691341282,1.2406356378821397,1.6458458127524362,1.0,0,0,2,0.29150719720557,1.7097774065508609,-0.16237418715104837,1.1950300692249545,3,5
3.064114859326623,1.0025118691341282,1.2685899616460683,0.30194130938643327,1.0,0,0,4,-0.3477336712257163,2.8546613911598473,-0.29416871229267266,-0.8359051728251414,34,56
-0.36821205212873787,-1.5138506740442639,-0.5903725686551872,-0.6257881043256869,1.5,0,0,2,-0.21697985722840774,-0.6795456917635454,-2.0074975391337886,1.2062394458745034,34,47
-0.36821205212873787,0.6430315058229292,-0.19901203596018596,-1.1586918500383871,2.0,0,0,2,0.18980978631877446,-0.6795456917635454,1.320314220692225,-0.8359051728251414,16,15
-1.5123210226138581,-0.7948899474218662,-1.5827510622746543,-0.5725531827976752,1.0,0,0,4,-1.2484821676516198,-0.6795456917635454,-0.6236550251467333,-0.8359051728251414,34,64
-0.36821205212873787,-0.4354095841106673,0.9890467240067818,0.20600754454949555,1.0,0,3,3,-0.49301568677828134,2.6057735684187633,-0.3271173435780787,1.203182343151899,22,24
-0.36821205212873787,-0.4354095841106673,-0.3667379785437579,-0.5148820178089959,2.0,0,0,4,0.015471367655696379,-0.6795456917635454,-1.9086516452775701,-0.8359051728251414,34,52
-0.36821205212873787,0.2835511425117304,0.06655403979713626,0.4153427828497498,1.0,0,0,3,-0.5220720898887944,1.0128915028758256,-0.2282714497218605,-0.8359051728251414,10,72
0.7758969183563824,1.0025118691341282,1.422338742347676,2.296587275389121,1.0,0,0,3,0.6692404376422392,1.3862232369874516,0.13416349441760628,-0.8359051728251414,18,25
0.7758969183563824,0.6430315058229292,0.611663353193745,-0.20989027988809564,2.0,0,0,2,1.032445476523652,-0.6795456917635454,0.924930645267352,1.2082775143562396,1,44
1.9200058888415028,0.6430315058229292,1.897562246334463,-0.6177474130532268,2.0,0,0,2,2.3690400196072505,-0.6795456917635454,1.1226224329797885,1.2052204116336354,32,42
-0.36821205212873787,0.6430315058229292,0.22030282049874386,0.9917771675202512,1.0,0,0,3,-0.43490288055725534,1.1373354142463676,0.5624957011278853,-0.8359051728251414,14,2
-0.36821205212873787,-0.7948899474218662,-0.9817331013501883,0.22153439666183228,1.0,0,0,3,-0.6237695007755899,-0.6795456917635454,-0.6895522877175455,1.1868777952980099,6,68
-0.36821205212873787,-0.4354095841106673,-0.3667379785437579,0.6496318906162595,1.0,0,0,4,0.015471367655696379,-0.6795456917635454,-0.29416871229267266,-0.8359051728251414,22,24
-0.36821205212873787,-1.5138506740442639,-1.2053676914616176,-0.3183009794581611,1.0,0,0,4,-0.856220725659694,-0.6795456917635454,-0.6236550251467333,-0.8359051728251414,34,59
-0.36821205212873787,-0.07592922079946847,0.4579145724921374,0.6407594036949242,1.0,0,0,2,0.17528158476351796,0.5151158573936577,0.4965984385570731,-0.8359051728251414,32,41
-0.36821205212873787,0.2835511425117304,-0.10117190278643567,1.1007423975229,2.0,0,0,2,0.29150719720557,-0.6795456917635454,0.8260847514111338,-0.8359051728251414,21,23
-0.36821205212873787,-1.5138506740442639,-1.1075275582878672,0.4278197175828775,1.0,0,0,2,-0.7545233147728985,-0.6795456917635454,0.06826623184679415,1.2042013773927673,1,0
0.7758969183563824,-0.07592922079946847,-0.19901203596018596,-1.3882674491279374,1.0,0,2,3,-1.1903693614305937,1.6848886242767525,-2.0074975391337886,1.1909539322614822,34,46
-0.36821205212873787,-0.4354095841106673,-1.05161891076001,1.9505602854570447,1.0,0,0,2,-0.6964105085518725,-0.6795456917635454,0.36480391341544877,1.2154107540423162,26,26
-0.36821205212873787,0.6430315058229292,-0.3807151404257222,-1.5837394266136053,2.0,0,2,2,-0.3767900743362293,-0.03243735263672709,1.0567251704089764,-0.8359051728251414,34,51
0.7758969183563824,0.6430315058229292,0.24126856332169033,-0.3227372229188287,2.0,0,0,2,0.6474481353093544,-0.6795456917635454,1.0896738016943823,-0.8359051728251414,18,25
-0.36821205212873787,0.2835511425117304,-0.4925324354814368,0.18964889678828364,2.0,0,0,3,-0.11528244634161218,-0.6795456917635454,0.5295470698424791,-0.8359051728251414,14,13
0.7758969183563824,0.6430315058229292,0.3321201155544585,0.6496318906162595,1.0,0,0,2,-0.28962086500469025,1.0875578496981508,0.33185528213004273,-0.8359051728251414,30,30
-0.36821205212873787,0.2835511425117304,0.2482571442626725,1.126250797421739,2.0,0,0,3,0.6547122360869827,-0.6795456917635454,0.2659580195592306,1.202163308911031,41,40
-0.36821205212873787,0.6430315058229292,1.7438134656328554,1.4814275394914418,2.0,0,0,3,2.209229802499429,-0.6795456917635454,0.2659580195592306,1.202163308911031,32,41
-0.36821205212873787,0.6430315058229292,0.08053120167910058,0.48077737389459746,1.0,0,0,2,-0.1298106478968687,0.36578316374900727,-0.030579662009424073,1.212353651319712,18,25
-0.36821205212873787,1.0025118691341282,1.5062017136394619,-1.5013916573749622,2.0,0,0,2,1.9622503760600682,-0.6795456917635454,1.3532628519776309,-0.8359051728251414,32,42
1.9200058888415028,0.6430315058229292,1.0729096952985677,2.5821704481696,1.0,0,0,3,0.13169698009774844,1.6848886242767525,-0.09647692458023621,-0.8359051728251414,3,4
-1.5123210226138581,-0.4354095841106673,-1.2193448533435818,2.5544439265404275,1.0,0,0,2,-0.8707489272149506,-0.6795456917635454,0.2330093882738245,1.2062394458745034,41,40
-0.36821205212873787,0.6430315058229292,0.7654121338953526,-0.3174691838092859,2.0,0,0,2,1.1922556936314734,-0.6795456917635454,1.1226224329797885,1.2052204116336354,31,35
3.064114859326623,1.361992232445327,0.3460972774364228,0.19380787503265953,2.0,0,0,2,0.7564096469737782,-0.6795456917635454,0.33185528213004273,-0.8359051728251414,14,2
0.7758969183563824,-0.07592922079946847,-0.33878365477982925,-1.11100223283621,1.5,0,0,2,-0.1588670510073817,-0.33110273992602784,-2.271086589417037,-0.8359051728251414,34,46
-1.5123210226138581,-0.4354095841106673,-0.6602583780650088,0.18548991854390773,1.0,0,0,3,-0.28962086500469025,-0.6795456917635454,0.5624957011278853,-0.8359051728251414,9,25
0.7758969183563824,0.6430315058229292,1.1987041522362467,0.19380787503265953,2.0,0,0,2,1.642629941844425,-0.6795456917635454,1.1555710642651946,-0.8359051728251414,10,72
1.9200058888415028,1.361992232445327,0.3600744393183871,-0.6535146259548597,2.0,0,0,4,-0.24603626033892073,1.0626690674240424,-0.9860899692862002,-0.8359051728251414,34,55
-0.36821205212873787,-1.5138506740442639,-0.9817331013501883,0.4139564567682911,1.0,0,0,2,-0.6237695007755899,-0.6795456917635454,-0.16237418715104837,1.1950300692249545,14,2
1.9200058888415028,1.0025118691341282,0.82132078142321,2.451855796512488,1.0,0,3,3,-0.1298106478968687,1.6848886242767525,-0.3271173435780787,1.203182343151899,22,24
-0.36821205212873787,1.0025118691341282,0.23427998238070818,0.8609079854305558,2.0,0,0,2,-0.21697985722840774,0.78889246240885,0.924930645267352,1.2082775143562396,38,38
0.7758969183563824,0.6430315058229292,1.897562246334463,1.1614634798907884,2.0,0,0,2,2.3690400196072505,-0.6795456917635454,0.7272388575549156,-0.8359051728251414,17,16
-0.36821205212873787,1.7214725957565258,-0.5484410830092942,-1.6161794569197374,3.0,0,0,2,-0.1733952525626382,-0.6795456917635454,1.4191601145484432,1.1236976723641885,34,46
-0.36821205212873787,0.2835511425117304,-0.8559386444125093,-1.5130367964592148,2.0,0,0,2,-0.49301568677828134,-0.6795456917635454,0.7931361201257278,-0.8359051728251414,34,58
0.7758969183563824,-1.5138506740442639,-0.4645781117175082,-0.8198737557298961,1.5,0,0,3,-0.08622604323109917,-0.6795456917635454,-1.776857120135946,-0.8359051728251414,34,46
-0.36821205212873787,-0.4354095841106673,-0.39469230230768654,0.2764329094875943,1.0,0,0,4,-0.8707489272149506,0.78889246240885,-0.6236550251467333,-0.8359051728251414,35,66
0.7758969183563824,1.0025118691341282,0.9610924002428531,-0.6970452649126608,1.0,0,2,3,-0.5075438883335378,2.580884786144655,-0.6895522877175455,1.1868777952980099,34,55
-0.36821205212873787,0.6430315058229292,-0.5484410830092942,-1.6444605089814937,3.0,0,0,2,-0.3913182758914858,-0.30621395765191944,0.8260847514111338,-0.8359051728251414,34,57
-0.36821205212873787,0.6430315058229292,-0.33878365477982925,-0.7644207124715506,1.5,0,1,3,0.044527770766209396,-0.6795456917635454,-1.381473544711073,-0.8359051728251414,34,54
0.7758969183563824,0.6430315058229292,0.9331380764789245,2.8089733950962334,2.0,0,0,2,1.3665941122945515,-0.6795456917635454,0.8590333826965398,-0.8359051728251414,24,36
0.7758969183563824,1.0025118691341282,0.7234806482494597,-0.8512047251708613,2.0,0,2,2,1.148671088965704,-0.6795456917635454,1.320314220692225,-0.8359051728251414,16,17
-1.5123210226138581,-1.5138506740442639,-1.5827510622746543,-0.28197923612394477,1.0,0,0,2,-1.2484821676516198,-0.6795456917635454,-0.5248091312905151,1.2072584801153714,34,59
0.7758969183563824,1.0025118691341282,0.47189173437410176,0.03271678436716589,1.0,0,0,3,-0.5366002914440509,1.7595549710990777,0.10121486313220021,-0.8359051728251414,19,22
-0.36821205212873787,-0.7948899474218662,-0.19901203596018596,0.26229238345671624,1.5,0,1,2,0.18980978631877446,-0.6795456917635454,-1.9745489078483822,1.2082775143562396,34,54
-1.5123210226138581,0.6430315058229292,-0.9817331013501883,-1.738453417304389,2.0,0,0,2,-0.8707489272149506,-0.2564363931037027,1.3532628519776309,-0.8359051728251414,34,63
0.7758969183563824,1.0025118691341282,0.82132078142321,1.8754214118419865,2.0,0,0,2,1.2503684998524995,-0.6795456917635454,0.9578792765527581,-0.8359051728251414,11,11
-0.36821205212873787,0.2835511425117304,1.1567726665903537,0.8049004117396269,1.0,0,0,2,1.5990453371786555,-0.6795456917635454,-0.030579662009424073,1.212353651319712,31,35
0.7758969183563824,-0.4354095841106673,0.12246268732499356,0.16857674035011233,1.0,0,0,3,-0.943389934991233,1.8342213179214029,-0.2282714497218605,-0.8359051728251414,31,36
-1.5123210226138581,-0.7948899474218662,-0.9957102632321526,-1.0228318940554406,1.5,0,0,3,-0.6382977023308464,-0.6795456917635454,0.20006075698841844,1.1940110349840865,10,72
1.9200058888415028,2.0809529590677247,0.6815491626035667,-0.7172856257019569,2.0,0,0,2,1.1050864842999344,-0.6795456917635454,1.4191601145484432,1.1236976723641885,34,56
0.7758969183563824,0.6430315058229292,0.48586889625606605,0.08622897111146928,2.0,0,0,3,0.9016916625263433,-0.6795456917635454,1.0237765391235703,-0.8359051728251414,31,33
0.7758969183563824,0.2835511425117304,0.8073436195412456,0.2517563052376306,1.0,0,0,3,-0.07169784167584266,1.5604447129062105,0.06826623184679415,-0.8359051728251414,14,13
-0.36821205212873787,1.0025118691341282,1.0309782096526747,-0.975696807285847,1.0,0,0,2,0.08811237543197892,1.6848886242767525,1.4191601145484432,1.1236976723641885,31,33
0.7758969183563824,-0.4354095841106673,-0.800029996884652,-0.6701505389323632,1.5,0,0,3,-0.43490288055725534,-0.6795456917635454,-1.381473544711073,-0.8359051728251414,34,60
-0.36821205212873787,0.6430315058229292,-1.2053676914616176,-1.691872860967379,2.0,0,0,2,-1.3647077800936718,0.1915616878302485,1.1555710642651946,-0.8359051728251414,34,54
-0.36821205212873787,-0.07592922079946847,-0.45060094983554383,2.1482503846730463,1.0,0,0,3,-0.07169784167584266,-0.6795456917635454,0.5295470698424791,-0.8359051728251414,7,10
-0.36821205212873787,-0.4354095841106673,-1.0655960726419742,0.4111838046053739,1.0,0,0,3,-0.710938710107129,-0.6795456917635454,-0.06352829329483015,-0.8359051728251414,30,30
-0.36821205212873787,-0.4354095841106673,-0.63230405430108,-0.060167063090562814,1.0,0,0,2,-0.26056446189417726,-0.6795456917635454,0.13416349441760628,-0.8359051728251414,19,21
-0.36821205212873787,-0.4354095841106673,-1.1494590439337602,0.48659994343672375,1.0,0,0,3,-0.798107919438668,-0.6795456917635454,-0.12942555586564228,-0.8359051728251414,30,30
0.7758969183563824,-0.4354095841106673,0.5557547056658877,-0.9030533206174143,2.0,0,0,4,-0.5220720898887944,1.8839988824696197,-1.5132680698526972,1.1573258023128352,34,47
-0.36821205212873787,-1.5138506740442639,-1.05161891076001,1.276805809868147,1.0,0,0,3,-0.6964105085518725,-0.6795456917635454,-0.7225009190029515,-0.8359051728251414,34,69
-0.36821205212873787,-0.4354095841106673,0.06655403979713626,-0.1378013236522465,1.0,0,0,3,0.4658456158686481,-0.6795456917635454,0.10121486313220021,-0.8359051728251414,3,7
0.7758969183563824,-0.4354095841106673,-0.29685216913393625,-0.01580462848388642,1.0,0,0,2,-0.6382977023308464,0.5648934219418744,0.13416349441760628,-0.8359051728251414,14,13
0.7758969183563824,-0.4354095841106673,-0.08719474090447134,-0.5703350610673413,2.0,0,0,3,-0.6673541054413594,0.9880027206017172,-1.0849358631424184,-0.8359051728251414,34,53
0.7758969183563824,0.6430315058229292,0.1923484967348152,0.15055450129115006,2.0,0,0,2,0.5965994298659566,-0.6795456917635454,0.6283929636986973,-0.8359051728251414,14,2
-0.36821205212873787,-0.4354095841106673,-0.25492068348804325,1.4051796050112169,1.0,0,0,3,-0.2750926634494337,0.017340211911489708,-0.06352829329483015,-0.8359051728251414,30,30
1.9200058888415028,-0.4354095841106673,0.010645392269278948,-0.16719143657916963,1.5,0,0,3,0.40773280964762204,-0.6795456917635454,-0.5577577625759212,1.1848397268162736,6,67
-1.5123210226138581,-1.5138506740442639,-1.7225226810942975,0.9102611939304833,1.0,0,0,2,-1.3937641832041847,-0.6795456917635454,-0.5577577625759212,-0.8359051728251414,25,67
-0.36821205212873787,-0.4354095841106673,-0.43662378795357953,-0.9099849510247076,1.0,0,0,4,-1.0450873458780285,1.0128915028758256,-1.4473708072818852,-0.8359051728251414,34,55
-0.36821205212873787,-0.07592922079946847,-0.3807151404257222,2.160727319406174,1.0,0,0,2,-0.5801848961098204,0.31600559920079047,0.43070117598626095,1.211334617078844,19,22
-0.36821205212873787,-1.5138506740442639,-0.63230405430108,0.1588724577799019,1.0,0,0,2,-0.26056446189417726,-0.6795456917635454,-0.5907063938613273,1.2103155828379757,35,61
-0.36821205212873787,1.0025118691341282,0.7514349720133883,0.7951961291694164,2.0,0,0,2,1.1777274920762169,-0.6795456917635454,-0.3271173435780787,1.214391719801448,22,24
1.9200058888415028,1.0025118691341282,0.8073436195412456,0.5331804997737339,1.0,0,1,3,-0.08622604323109917,1.5853334951803189,0.16711212570301237,-0.8359051728251414,30,30
-1.5123210226138581,-1.5138506740442639,-1.2193448533435818,-1.1692279282574727,1.0,0,0,2,-1.1613129583200807,-0.18177004628137747,-1.5132680698526972,1.21337268556058,34,46
0.7758969183563824,-0.4354095841106673,-0.674235539946973,0.45305085226542474,1.5,0,0,2,-0.6964105085518725,-0.0075485703626186895,-0.26122008100726657,1.2052204116336354,39,68
0.7758969183563824,-0.07592922079946847,-0.63230405430108,-1.1437195283586337,1.0,0,0,4,-1.3356513769831588,1.162224196520476,-1.9745489078483822,-0.8359051728251414,34,50
1.9200058888415028,0.6430315058229292,1.0589325334166035,-0.47135137885119466,2.0,0,0,2,1.49734792629186,-0.6795456917635454,1.386211483263037,1.1124882957146396,34,70
-0.36821205212873787,-1.5138506740442639,-1.1913905295796532,-0.34852288803395937,1.0,0,0,3,-0.8416925241044375,-0.6795456917635454,-0.5907063938613273,-0.8359051728251414,35,61
-1.5123210226138581,-0.7948899474218662,-0.017308931494649706,-1.067194328662117,1.0,0,0,3,-1.0160309427675156,1.7097774065508609,-1.9086516452775701,1.1909539322614822,34,58
0.7758969183563824,0.6430315058229292,2.1771054839737496,-0.6257881043256869,2.0,0,0,2,2.6596040507123804,-0.6795456917635454,1.0896738016943823,-0.8359051728251414,9,25
-0.36821205212873787,0.2835511425117304,-0.4869415707286511,-1.2357715801674873,2.0,0,0,2,-0.10947116571950957,-0.6795456917635454,1.386211483263037,1.1124882957146396,1,1
-0.36821205212873787,-0.07592922079946847,-0.9677559394682239,1.9816139896817182,1.0,0,0,2,-0.6092412992203334,-0.6795456917635454,0.5954443324132913,1.202163308911031,30,31
-0.36821205212873787,1.0025118691341282,-0.14310338843232864,-1.4991735356446283,2.0,0,0,2,0.044527770766209396,-0.33110273992602784,1.3532628519776309,-0.8359051728251414,16,15
-0.36821205212873787,0.2835511425117304,-0.21298919784215029,2.5045361876079166,2.0,0,0,3,0.17528158476351796,-0.6795456917635454,0.5624957011278853,-0.8359051728251414,31,35
-1.5123210226138581,-0.7948899474218662,-1.0376417488780456,-1.0694124503924507,1.0,0,0,2,-0.9724463381017461,-0.18177004628137747,-1.6780112262797278,1.203182343151899,34,53
-0.36821205212873787,-0.4354095841106673,0.2901886299085655,0.6174691255264191,1.0,0,0,2,-0.5366002914440509,1.4360008015356684,-0.5577577625759212,-0.8359051728251414,3,3
1.9200058888415028,-0.7948899474218662,-0.5903725686551872,0.5048994477119778,1.0,0,0,3,-0.21697985722840774,-0.6795456917635454,-0.3600659748634848,-0.8359051728251414,33,68
-0.36821205212873787,0.2835511425117304,0.695526324485531,-0.4871554961798231,2.0,0,0,2,0.21886618942928748,0.8635588092311752,0.6283929636986973,-0.8359051728251414,19,21
-1.5123210226138581,-0.07592922079946847,-0.9258244538223309,-1.631706309032074,3.0,0,0,2,-0.5656566945545639,-0.6795456917635454,0.9908279078381641,-0.8359051728251414,34,53
-0.36821205212873787,0.2835511425117304,-0.716167025592866,-1.6566601784983295,3.0,0,0,2,-0.3477336712257163,-0.6795456917635454,1.1885196955506006,-0.8359051728251414,34,46
1.9200058888415028,1.0025118691341282,1.3105214472919613,-0.775234055906928,1.0,0,0,2,-0.013585035454816633,2.3568857456776793,0.20006075698841844,-0.8359051728251414,34,49
1.9200058888415028,1.361992232445327,1.3105214472919613,-0.43170245292147763,1.0,0,0,2,0.42226101120287857,1.6102222774544273,-0.19532281843645444,1.202163308911031,34,46
1.9200058888415028,-0.7948899474218662,-0.04526325525857836,0.8231999160148809,1.0,0,0,2,-0.7690515163281549,1.2368905433428012,-0.29416871229267266,1.2062394458745034,19,22
0.7758969183563824,1.7214725957565258,1.5341560374033907,0.5589661648888646,2.0,0,0,4,1.9913067791705812,-0.6795456917635454,0.5954443324132913,-0.8359051728251414,16,17
-0.36821205212873787,0.6430315058229292,-0.08719474090447134,0.18992616200457535,2.0,0,0,2,0.3060353987608265,-0.6795456917635454,0.6613415949841034,1.211334617078844,1,0
-0.36821205212873787,-0.4354095841106673,-0.7441213493567947,-0.08345734125906792,1.0,0,0,3,-0.3767900743362293,-0.6795456917635454,-0.4259632374342969,1.203182343151899,18,19
0.7758969183563824,-0.07592922079946847,-0.07321757902250701,2.0506530285383584,2.0,0,0,2,0.320563600316083,-0.6795456917635454,0.2659580195592306,-0.8359051728251414,7,10
-0.36821205212873787,-1.5138506740442639,-1.0236645869960812,0.74279300329028,1.0,0,0,3,-0.6673541054413594,-0.6795456917635454,-0.030579662009424073,-0.8359051728251414,21,23
0.7758969183563824,-0.07592922079946847,0.4439374106101731,0.06737493640363182,1.0,0,0,4,-0.6673541054413594,1.9337764470178365,-0.458911868719703,-0.8359051728251414,3,4
0.7758969183563824,-0.07592922079946847,-0.3807151404257222,-0.30693310559020026,1.0,0,0,2,-1.175841159875337,1.3364456724392348,-0.8213468128591698,1.212353651319712,34,60
-0.36821205212873787,-0.07592922079946847,-1.0236645869960812,-0.6177474130532268,1.0,0,0,2,-1.1322565552095676,0.1168953410079233,-1.0849358631424184,1.201144274670163,34,53
-0.36821205212873787,-1.5138506740442639,-1.5827510622746543,-1.375513249178518,1.0,0,0,3,-1.2484821676516198,-0.6795456917635454,-2.0404461704191945,-0.8359051728251414,34,46
-0.36821205212873787,0.6430315058229292,0.6396176769576737,-0.7491711255755056,2.0,0,0,2,1.0615018796341649,-0.6795456917635454,1.1885196955506006,-0.8359051728251414,32,41
-0.36821205212873787,0.6430315058229292,-0.0033317696126853795,0.8880799766271451,2.0,0,0,2,0.39320460809236557,-0.6795456917635454,0.8590333826965398,-0.8359051728251414,31,36
0.7758969183563824,-0.07592922079946847,-0.4086694641896509,-0.6257881043256869,2.0,0,0,2,-0.02811323701007314,-0.6795456917635454,-2.0733948017046004,1.1848397268162736,34,49
0.7758969183563824,0.6430315058229292,1.8276764369246414,1.8634990075414424,1.0,0,0,2,0.29150719720557,2.7551062620634137,0.2330093882738245,1.2062394458745034,32,41
-0.36821205212873787,-0.4354095841106673,-0.24094352160607893,0.062384162510380724,1.0,0,0,3,0.14622518165300494,-0.6795456917635454,-0.12942555586564228,-0.8359051728251414,14,13
-0.36821205212873787,-0.07592922079946847,-0.17105771219625732,-0.8853083467747438,1.5,0,0,2,0.21886618942928748,-0.6795456917635454,-1.4803194385672913,1.2042013773927673,34,46
0.7758969183563824,0.2835511425117304,0.7933664576592813,0.3446401526953593,1.0,0,0,3,-0.08622604323109917,1.5604447129062105,0.2659580195592306,1.202163308911031,3,5
-0.36821205212873787,-0.07592922079946847,1.0868868571805321,-0.7644207124715506,1.5,0,0,3,0.320563600316083,1.3862232369874516,-1.348524913425667,-0.8359051728251414,34,53
-1.5123210226138581,-0.4354095841106673,-0.7860528350026877,-0.5911299522892209,1.0,0,0,4,-0.4203746790019988,-0.6795456917635454,-0.8542954441445759,-0.8359051728251414,34,46
0.7758969183563824,0.6430315058229292,1.5481331992853549,-0.18576820607071537,2.0,0,0,2,2.005834980725838,-0.6795456917635454,1.0896738016943823,-0.8359051728251414,30,31
-1.5123210226138581,-0.4354095841106673,-0.3807151404257222,-0.34852288803395937,1.0,0,0,2,-0.7254669116623854,0.5648934219418744,-0.920192706715388,1.201144274670163,34,47
0.7758969183563824,1.0025118691341282,0.9331380764789245,-0.71617656483679,1.0,0,0,2,-0.1443388494521252,1.908887664743728,0.20006075698841844,-0.8359051728251414,34,53
0.7758969183563824,-0.4354095841106673,-0.2269663597241146,0.486322678220432,1.0,0,0,4,-0.885277128770207,1.1124466319722592,0.43070117598626095,-0.8359051728251414,9,25
-0.36821205212873787,0.2835511425117304,0.26223430614463683,1.6172874954743883,1.0,0,0,2,0.6692404376422392,-0.6795456917635454,0.891982013981946,-0.8359051728251414,1,1
3.064114859326623,-0.4354095841106673,0.6256405150757094,-0.8808721033140762,2.0,0,0,2,1.0469736780789083,-0.6795456917635454,-1.7439084888505398,1.211334617078844,34,47
-0.36821205212873787,1.7214725957565258,-0.5624182448912585,-1.5781941222877707,2.0,0,0,2,-0.5511284929993073,-0.057326134910835484,1.1555710642651946,-0.8359051728251414,34,58
-0.36821205212873787,0.6430315058229292,1.0309782096526747,0.8542536202395544,2.0,0,0,2,1.4682915231813471,-0.6795456917635454,0.5624957011278853,1.202163308911031,3,6
0.7758969183563824,2.0809529590677247,3.0856210063014307,1.7010215907944901,2.0,0,0,2,3.603937151804053,-0.6795456917635454,0.9908279078381641,-0.8359051728251414,24,36
-1.5123210226138581,-1.5138506740442639,-1.009687425114117,-0.6812411475840323,1.0,0,0,2,-0.8707489272149506,-0.30621395765191944,-0.6566036564321395,1.2072584801153714,34,50
-0.36821205212873787,-0.07592922079946847,0.17837133485285087,-0.7818884210979294,1.0,0,0,2,-0.9143335318807201,1.8839988824696197,-1.348524913425667,-0.8359051728251414,34,60
-0.36821205212873787,-0.07592922079946847,-0.39469230230768654,0.026339684392456153,1.0,0,0,2,-0.7254669116623854,0.540004639667766,0.29890665084463663,1.2164297882831843,31,35
-0.36821205212873787,-0.4354095841106673,0.06655403979713626,1.731798029802872,1.0,0,2,3,-0.49301568677828134,0.9631139383276088,-0.5907063938613273,-0.8359051728251414,3,7
-0.36821205212873787,0.6430315058229292,0.3041657917905298,0.06293869294296418,2.0,0,0,2,0.7128250423080087,-0.6795456917635454,0.5954443324132913,1.202163308911031,32,41
0.7758969183563824,2.0809529590677247,1.0449553715346391,0.7605379771329505,2.0,0,0,2,0.5530148252001871,0.913336373779392,-0.920192706715388,1.2164297882831843,34,59
-0.36821205212873787,-0.4354095841106673,0.2762114680266012,-0.20989027988809564,1.0,0,2,2,-0.710938710107129,1.7097774065508609,-0.5248091312905151,1.2072584801153714,34,73
-0.36821205212873787,0.2835511425117304,0.09450836356106491,0.21432550103824738,1.0,0,0,3,-0.9579181365464896,1.8093325356472945,-0.2282714497218605,-0.8359051728251414,3,7
-0.36821205212873787,0.2835511425117304,-0.017308931494649706,0.6718131079195977,1.0,0,0,3,-0.5220720898887944,0.8635588092311752,-0.29416871229267266,1.203182343151899,18,19
0.7758969183563824,-0.07592922079946847,-0.3248064928978649,-0.3415912576266662,1.0,0,0,2,0.0590559723214659,-0.6795456917635454,0.2659580195592306,-0.8359051728251414,1,1
-0.36821205212873787,-0.07592922079946847,-1.0376417488780456,-0.8830902250444099,1.5,0,0,4,-0.6818823069966159,-0.6795456917635454,-2.0733948017046004,-0.8359051728251414,34,56
0.7758969183563824,0.6430315058229292,1.897562246334463,-0.29223804912673873,2.0,0,0,2,2.3690400196072505,-0.6795456917635454,1.2544169581214126,-0.8359051728251414,37,37
0.7758969183563824,1.361992232445327,0.6396176769576737,-0.7644207124715506,2.0,0,0,2,1.0615018796341649,-0.6795456917635454,0.13416349441760628,-0.8359051728251414,31,34
-0.36821205212873787,-0.7948899474218662,-0.9258244538223309,-1.6466786307118273,2.0,0,0,2,-0.8416925241044375,-0.20665882855548587,1.1226224329797885,1.2052204116336354,34,73
0.7758969183563824,-0.4354095841106673,-0.14310338843232864,0.6496318906162595,1.0,0,0,3,-0.943389934991233,1.3613344547133432,-0.12942555586564228,-0.8359051728251414,3,5
-0.36821205212873787,-0.07592922079946847,-0.3667379785437579,0.13863209699060577,1.0,0,0,2,0.015471367655696379,-0.6795456917635454,0.7272388575549156,-0.8359051728251414,18,18
0.7758969183563824,-0.4354095841106673,-0.2269663597241146,0.5872472169506208,1.0,0,0,3,-0.710938710107129,0.8137812446829584,-0.06352829329483015,-0.8359051728251414,30,30
-0.36821205212873787,0.6430315058229292,0.37405160120035147,0.025785153959872697,1.0,0,0,4,-0.1298106478968687,0.8884475915052836,0.5954443324132913,-0.8359051728251414,31,35
-1.5123210226138581,-1.5138506740442639,-1.3032078246353678,-0.6878955127750338,1.0,0,0,3,-0.9579181365464896,-0.6795456917635454,-0.920192706715388,1.1838206925754056,34,50
-0.36821205212873787,-1.5138506740442639,-1.4569566053369754,-0.01580462848388642,1.0,0,0,2,-1.1177283536543112,-0.6795456917635454,-0.6236550251467333,1.1960491034658225,34,59
-0.36821205212873787,-0.7948899474218662,-0.5763954067732228,-0.03715405013834944,1.0,0,0,3,-0.2024516556731512,-0.6795456917635454,-0.3600659748634848,-0.8359051728251414,31,33
0.7758969183563824,0.6430315058229292,0.08053120167910058,-0.16247792790221025,2.0,0,0,2,0.4803738174239046,-0.6795456917635454,0.6283929636986973,-0.8359051728251414,14,13
-0.36821205212873787,-0.4354095841106673,-1.05161891076001,2.577179674276349,1.0,0,0,3,-0.6964105085518725,-0.6795456917635454,-0.09647692458023621,-0.8359051728251414,41,40
0.7758969183563824,0.6430315058229292,0.737457810131424,-0.6257881043256869,2.0,0,0,4,-0.05716964012058615,1.41111201926156,-1.0519872318570123,-0.8359051728251414,34,52
-1.5123210226138581,-1.5138506740442639,-1.5827510622746543,-1.3799494926391855,1.0,0,0,4,-1.2484821676516198,-0.6795456917635454,-0.7883981815737637,-0.8359051728251414,34,49
-0.36821205212873787,-1.5138506740442639,-1.2333220152255462,0.34408562226277584,1.0,0,0,3,-0.885277128770207,-0.6795456917635454,-0.3600659748634848,-0.8359051728251414,18,19
-0.36821205212873787,-1.5138506740442639,-0.33878365477982925,-0.8337370165444824,1.0,0,0,2,-0.9288617334359766,0.9880027206017172,-0.09647692458023621,1.21337268556058,34,70
1.9200058888415028,0.6430315058229292,1.1148411809444607,2.7679381430850576,1.0,0,0,4,0.0009431661004398731,1.9835540115660533,-0.3930146061488909,-0.8359051728251414,17,16
-0.36821205212873787,2.0809529590677247,0.5417775437839234,-1.1320743892743812,2.0,0,0,2,0.5820712283107001,-0.03243735263672709,0.891982013981946,-0.8359051728251414,19,21
-0.36821205212873787,0.6430315058229292,0.22030282049874386,-0.33604595330083165,2.0,0,0,2,0.6256558329764697,-0.6795456917635454,0.9908279078381641,-0.8359051728251414,31,33
-0.36821205212873787,-0.4354095841106673,-0.9398016157042953,-0.09676607164107084,1.0,0,0,2,-0.5801848961098204,-0.6795456917635454,0.7931361201257278,-0.8359051728251414,21,23
-0.36821205212873787,-0.7948899474218662,-0.9957102632321526,-0.34852288803395937,1.0,0,0,2,-0.6382977023308464,-0.6795456917635454,-0.06352829329483015,1.1991062061884268,31,34
0.7758969183563824,0.6430315058229292,1.3664300948198187,-0.6257881043256869,2.0,0,0,2,1.816968360507503,-0.6795456917635454,1.0567251704089764,-0.8359051728251414,9,25
-0.36821205212873787,-0.07592922079946847,0.16439417297088654,0.483272760841223,1.0,0,0,3,0.5675430267554437,-0.6795456917635454,-0.6236550251467333,1.201144274670163,22,24
0.7758969183563824,1.361992232445327,1.2126813141182111,0.6951033860881028,2.0,0,0,2,1.6571581433996816,-0.6795456917635454,1.0567251704089764,-0.8359051728251414,21,23
-0.36821205212873787,2.0809529590677247,-0.800029996884652,-1.618674843866363,2.0,0,0,2,-0.8998053303254635,0.1168953410079233,1.2214683268360067,-0.8359051728251414,34,49
0.7758969183563824,0.2835511425117304,0.08751978262008275,-0.04297661968047571,2.0,0,0,3,0.48763791820153285,-0.6795456917635454,0.36480391341544877,-0.8359051728251414,14,13
0.7758969183563824,-0.07592922079946847,-0.17105771219625732,0.4139564567682911,1.0,0,0,1,-0.798107919438668,1.0626690674240424,-0.09647692458023621,-0.8359051728251414,31,35
0.7758969183563824,1.0025118691341282,0.8352979433051743,0.025785153959872697,1.0,0,0,4,-0.5511284929993073,2.4315520925000045,0.2330093882738245,-0.8359051728251414,14,13
0.7758969183563824,0.6430315058229292,0.0385997160332076,1.2041623231997145,1.0,0,0,4,-0.9869745396570025,1.7595549710990777,-1.2826276508548549,-0.8359051728251414,1,1
-0.36821205212873787,0.6430315058229292,0.9191609145969603,0.12837328398781186,2.0,0,0,2,1.352065910739295,-0.6795456917635454,0.5954443324132913,1.202163308911031,3,6
-1.5123210226138581,-1.5138506740442639,-1.6666140335664403,1.1071194974976097,1.0,0,0,1,-1.3356513769831588,-0.6795456917635454,-1.0519872318570123,-0.8359051728251414,34,64
-0.36821205212873787,-1.5138506740442639,-1.3171849865173322,0.2093347271449963,1.0,0,0,3,-0.9724463381017461,-0.6795456917635454,-0.12942555586564228,-0.8359051728251414,31,35
0.7758969183563824,0.6430315058229292,1.9674480557442848,0.4638641957008021,2.0,0,2,2,2.4416810273835328,-0.6795456917635454,0.9578792765527581,-0.8359051728251414,37,37
1.9200058888415028,0.6430315058229292,0.05257687791517193,0.3737530004059907,2.0,0,0,3,0.45131741431339156,-0.6795456917635454,0.7931361201257278,-0.8359051728251414,12,12
-0.36821205212873787,-0.7948899474218662,-0.8140071587666163,0.10064676235863912,1.0,0,0,4,-0.4494310821125118,-0.6795456917635454,-0.953141338000794,-0.8359051728251414,6,67
-1.5123210226138581,-1.5138506740442639,-1.2752535008714392,0.24898365307471332,1.0,0,0,3,-0.9288617334359766,-0.6795456917635454,-0.7225009190029515,-0.8359051728251414,34,69
0.7758969183563824,0.2835511425117304,0.3181429536724941,0.23900210528821111,1.0,0,0,2,-0.8416925241044375,2.0084427938401617,-0.12942555586564228,1.1135073299555076,3,5
0.7758969183563824,0.6430315058229292,0.09450836356106491,-0.5176546699719131,2.0,0,0,2,0.4949020189791611,-0.6795456917635454,1.0896738016943823,-0.8359051728251414,18,25
0.7758969183563824,-0.07592922079946847,1.6879048181049983,1.003145041388212,1.0,0,1,2,0.40773280964762204,2.3071081811294625,-1.0190386005716063,1.1705732474441204,34,73
0.7758969183563824,-0.4354095841106673,-0.2688978453700076,0.12282797966197731,1.0,0,0,4,0.11716877854249193,-0.6795456917635454,-0.06352829329483015,-0.8359051728251414,3,7
1.9200058888415028,1.361992232445327,2.163128322091785,2.198158123605557,2.0,0,0,3,2.645075849157124,-0.6795456917635454,-0.19532281843645444,-0.8359051728251414,22,24
-0.36821205212873787,-0.07592922079946847,-0.03128609337661403,-0.6146974956740178,1.5,0,0,2,0.3641482049818525,-0.6795456917635454,0.03531760056138807,-0.8359051728251414,32,41
-0.36821205212873787,-1.5138506740442639,-1.1774133676976888,-0.15166458446683287,1.5,0,0,4,-0.827164322549181,-0.6795456917635454,-1.9086516452775701,-0.8359051728251414,1,1
0.7758969183563824,1.0025118691341282,0.05257687791517193,-0.012200180672093965,1.0,0,0,2,-0.710938710107129,1.3115568901651264,0.2330093882738245,1.2062394458745034,31,35
0.7758969183563824,0.6430315058229292,0.6675720007216023,-0.6867864519098669,2.0,0,0,2,1.0905582827446778,-0.6795456917635454,0.9908279078381641,-0.8359051728251414,37,37
0.7758969183563824,0.6430315058229292,0.8632522670691029,-0.728376234353626,2.0,0,0,2,1.293953104518269,-0.6795456917635454,1.1555710642651946,-0.8359051728251414,32,42
-0.36821205212873787,-0.7948899474218662,-1.05161891076001,0.011921893145286324,1.0,0,0,3,-0.6964105085518725,-0.6795456917635454,-0.06352829329483015,-0.8359051728251414,1,1
-0.36821205212873787,-0.07592922079946847,-0.8140071587666163,1.2610016925395187,1.0,0,0,2,-0.4494310821125118,-0.6795456917635454,0.5295470698424791,-0.8359051728251414,11,11
-0.36821205212873787,0.6430315058229292,0.0385997160332076,0.20600754454949555,1.0,0,0,3,-0.5366002914440509,0.9880027206017172,0.2330093882738245,-0.8359051728251414,19,22
1.9200058888415028,-0.7948899474218662,1.9954023795082134,-0.5143274873764124,2.0,0,0,2,2.470737430494046,-0.6795456917635454,1.452108745833849,-0.8359051728251414,32,41
0.7758969183563824,0.2835511425117304,-0.14310338843232864,0.4095202133076235,2.0,0,0,3,0.24792259253980048,-0.6795456917635454,0.6942902262695095,-0.8359051728251414,18,18
-1.5123210226138581,-1.5138506740442639,-1.2472991771075106,1.6200601476373055,1.0,0,0,4,-0.8998053303254635,-0.6795456917635454,-1.9086516452775701,-0.8359051728251414,18,20
-0.36821205212873787,-0.7948899474218662,-0.43662378795357953,-0.1738458017701711,1.0,0,0,2,-0.5511284929993073,0.1666729055561401,-0.5248091312905151,1.2072584801153714,34,55
-1.5123210226138581,-1.8733310373554628,-1.7924084905041193,-0.525972626460665,1.0,0,0,3,-1.4664051909804674,-0.6795456917635454,-1.2826276508548549,-0.8359051728251414,34,61
0.7758969183563824,0.6430315058229292,1.1427955047083895,-0.6812411475840323,2.0,0,0,2,0.4367892127581351,1.286668107891018,-2.1392920642754127,1.2072584801153714,34,46
0.7758969183563824,-0.4354095841106673,0.9331380764789245,1.1279143887194893,1.0,0,0,3,-0.07169784167584266,1.784443753373186,-0.030579662009424073,-0.8359051728251414,18,19
0.7758969183563824,0.2835511425117304,0.17837133485285087,0.8597989245653889,1.0,0,0,3,-0.49301568677828134,1.162224196520476,-0.26122008100726657,-0.8359051728251414,3,5
3.064114859326623,1.361992232445327,-0.07321757902250701,-0.01580462848388642,1.0,0,0,3,0.320563600316083,-0.6795456917635454,-0.12942555586564228,-0.8359051728251414,31,33
0.7758969183563824,0.6430315058229292,0.3460972774364228,-0.01497283283501124,2.0,0,0,3,0.7564096469737782,-0.6795456917635454,0.6283929636986973,-0.8359051728251414,31,36
-0.36821205212873787,1.361992232445327,-0.15708055031429297,-1.5571219658495994,3.0,0,0,2,-0.1733952525626382,0.017340211911489708,1.1885196955506006,-0.8359051728251414,34,57
1.9200058888415028,1.0025118691341282,2.6537267041487334,1.8141457990415149,2.0,1,4,2,3.155015723746627,-0.6795456917635454,-0.3600659748634848,1.1817826240936693,22,24
0.7758969183563824,-0.07592922079946847,1.1427955047083895,0.15249535780519216,1.5,0,0,4,0.8581070578605737,0.5648934219418744,-1.776857120135946,-0.8359051728251414,34,59
-0.36821205212873787,-1.5138506740442639,-0.8559386444125093,-0.6257881043256869,1.5,0,0,2,-0.49301568677828134,-0.6795456917635454,-1.9086516452775701,1.1960491034658225,34,54
-0.36821205212873787,0.2835511425117304,-0.3807151404257222,0.2911279659510559,1.0,0,0,3,0.0009431661004398731,-0.6795456917635454,-0.29416871229267266,1.203182343151899,35,61
-0.36821205212873787,-1.5138506740442639,-1.4988880909828683,1.2873418880872327,1.0,0,0,3,-1.1613129583200807,-0.6795456917635454,-0.2282714497218605,-0.8359051728251414,18,18
-0.36821205212873787,1.0025118691341282,0.3321201155544585,0.1782810229203228,1.0,0,0,3,-0.4058464774467423,1.286668107891018,0.2659580195592306,1.202163308911031,18,20
-0.36821205212873787,1.7214725957565258,0.9890467240067818,-0.8808721033140762,2.0,0,0,2,0.262450794095057,1.3115568901651264,-1.9086516452775701,1.202163308911031,34,47
-1.5123210226138581,-1.5138506740442639,-1.2472991771075106,-0.4796693353399465,1.0,0,0,2,-0.8998053303254635,-0.6795456917635454,-0.6236550251467333,1.1960491034658225,34,53
0.7758969183563824,0.6430315058229292,1.5341560374033907,0.6737539644336398,2.0,0,0,2,0.5239584220896741,1.8342213179214029,0.924930645267352,1.2082775143562396,26,26
-0.36821205212873787,-0.07592922079946847,-0.841961482530545,0.2337340661786683,1.0,0,0,3,-0.47848748522302487,-0.6795456917635454,-0.030579662009424073,-0.8359051728251414,19,22
-0.36821205212873787,-0.4354095841106673,0.42996024872820876,0.920797272149569,2.0,0,0,4,-0.1588670510073817,1.037780285149934,-1.5462167011381034,-0.8359051728251414,34,53
0.7758969183563824,-0.07592922079946847,0.8352979433051743,-0.445565713736064,1.5,0,0,3,0.3641482049818525,0.8635588092311752,-1.9745489078483822,-0.8359051728251414,34,54
-0.36821205212873787,-0.07592922079946847,-0.9817331013501883,1.1523137277531614,1.0,0,0,2,-0.9724463381017461,-0.08221491718494388,0.463649807271667,-0.8359051728251414,32,41
-1.5123210226138581,-0.07592922079946847,-0.10117190278643567,0.9978770022786692,1.0,0,0,2,-0.5801848961098204,0.8137812446829584,-0.5907063938613273,1.2103155828379757,34,70
0.7758969183563824,1.0025118691341282,2.582443178550715,0.8459356637508025,2.0,0,0,2,3.080921895814819,-0.6795456917635454,0.9578792765527581,-0.8359051728251414,32,42
-0.36821205212873787,-0.7948899474218662,-1.5827510622746543,0.4416829783974639,1.0,0,0,3,-1.2484821676516198,-0.6795456917635454,-0.3600659748634848,-0.8359051728251414,14,13
0.7758969183563824,1.0025118691341282,1.5481331992853549,-1.2357715801674873,2.0,0,0,2,0.6401840345317261,1.659999842002644,-2.106343432990007,1.2164297882831843,34,45
-0.36821205212873787,-0.4354095841106673,-0.45060094983554383,1.0932562366830234,1.0,0,0,2,-0.07169784167584266,-0.6795456917635454,-0.49186050000510906,1.2072584801153714,19,21
-0.36821205212873787,-0.07592922079946847,-0.12912622655036432,-0.6951044083986188,1.0,0,0,4,-0.943389934991233,1.3862232369874516,-0.6236550251467333,-0.8359051728251414,34,55
0.7758969183563824,0.6430315058229292,0.18955306435842234,-0.004159489399633869,2.0,0,0,3,0.5936937895549054,-0.6795456917635454,0.20006075698841844,1.1940110349840865,1,0
-0.36821205212873787,0.6430315058229292,-0.25492068348804325,-1.58290763096473,3.0,0,0,2,0.13169698009774844,-0.6795456917635454,1.4191601145484432,1.1236976723641885,34,56
-0.36821205212873787,0.2835511425117304,-0.4086694641896509,0.31691363106618653,1.0,0,0,2,-0.6964105085518725,0.46533829284544087,-0.06352829329483015,1.1991062061884268,18,20
-0.36821205212873787,0.6430315058229292,1.0729096952985677,0.049075432128377804,2.0,0,0,2,1.5118761278471164,-0.6795456917635454,0.6942902262695095,-0.8359051728251414,41,40
-0.36821205212873787,0.6430315058229292,-0.8140071587666163,-1.1614645022013044,2.0,0,0,2,-0.4494310821125118,-0.6795456917635454,0.6942902262695095,-0.8359051728251414,34,58
-0.36821205212873787,0.6430315058229292,0.010645392269278948,-0.6460284651149829,2.0,0,0,2,0.40773280964762204,-0.6795456917635454,1.1226224329797885,1.2052204116336354,31,35
3.064114859326623,-0.07592922079946847,0.4020059249642801,0.42698792193400237,1.0,0,0,2,0.8145224531948042,-0.6795456917635454,0.2330093882738245,1.2062394458745034,1,1
0.7758969183563824,0.2835511425117304,1.4642702279935689,0.22014807058037364,1.5,0,2,3,0.5239584220896741,1.7097774065508609,-1.1508331257132305,-0.8359051728251414,34,73
0.7758969183563824,1.0025118691341282,2.5125573691408936,0.20988925757757973,2.0,0,0,2,3.0082808880385365,-0.6795456917635454,1.386211483263037,1.1124882957146396,32,41
-0.36821205212873787,-1.5138506740442639,-1.3451393102812608,0.004990262737993138,1.0,0,0,3,-1.001502741212259,-0.6795456917635454,0.002368969275982,-0.8359051728251414,18,19
-0.36821205212873787,-1.5138506740442639,-1.4290022815730468,0.20600754454949555,1.0,0,0,3,-1.3356513769831588,-0.2564363931037027,-0.6566036564321395,1.1848397268162736,35,69
-0.36821205212873787,0.2835511425117304,-0.9537787775862596,0.06737493640363182,1.0,0,0,4,-0.5947130976650769,-0.6795456917635454,-0.920192706715388,-0.8359051728251414,34,64
0.7758969183563824,0.6430315058229292,-0.059240417140542685,-0.3052695142924499,1.0,0,0,2,-0.9869745396570025,1.5853334951803189,0.33185528213004273,-0.8359051728251414,34,48
-0.36821205212873787,-1.5138506740442639,-0.3807151404257222,-0.187154532152174,1.0,0,0,4,-0.9579181365464896,0.9631139383276088,-0.7883981815737637,-0.8359051728251414,34,61
-0.36821205212873787,0.2835511425117304,-0.6812241208879553,-1.5668262484198099,2.0,0,0,2,-0.5220720898887944,-0.31865834878897364,1.0896738016943823,-0.8359051728251414,16,15
-1.5123210226138581,-1.5138506740442639,-0.9957102632321526,-1.3189511450550055,1.0,0,0,2,-1.2920667723173893,0.44044951057133247,-1.9745489078483822,1.2082775143562396,34,60
1.9200058888415028,0.6430315058229292,0.7933664576592813,0.6449183819393002,1.0,0,0,2,-0.5220720898887944,2.3071081811294625,0.29890665084463663,1.2164297882831843,10,72
-0.36821205212873787,-0.4354095841106673,-0.5484410830092942,-0.09648880642477911,1.0,0,0,3,-1.0741437489885417,0.8635588092311752,-0.49186050000510906,1.211334617078844,35,66
0.7758969183563824,0.6430315058229292,0.4439374106101731,1.140391323452617,2.0,0,0,2,0.8581070578605737,-0.6795456917635454,0.6942902262695095,-0.8359051728251414,19,22
-1.5123210226138581,-0.07592922079946847,-0.716167025592866,0.536230417152943,1.5,0,2,4,-0.3477336712257163,-0.6795456917635454,-1.381473544711073,1.1715922816849884,34,53
-0.36821205212873787,-0.7948899474218662,-1.1494590439337602,0.6945488556555194,1.0,0,0,3,-0.798107919438668,-0.6795456917635454,-0.2282714497218605,-0.8359051728251414,30,30
-0.36821205212873787,0.6430315058229292,0.4327556811046016,-0.7644207124715506,2.0,0,0,2,0.8464844966163686,-0.6795456917635454,1.452108745833849,-0.8359051728251414,1,44
0.7758969183563824,1.361992232445327,0.9191609145969603,-0.304160453427283,2.0,0,0,2,1.352065910739295,-0.6795456917635454,1.452108745833849,-0.8359051728251414,31,36
0.7758969183563824,0.6430315058229292,0.3041657917905298,0.012753688794161507,2.0,0,0,2,0.7128250423080087,-0.6795456917635454,1.1555710642651946,-0.8359051728251414,31,33
1.9200058888415028,1.0025118691341282,0.8632522670691029,0.1297596100692705,1.0,0,0,4,-0.3913182758914858,2.207553052033029,-0.09647692458023621,-0.8359051728251414,24,33
0.7758969183563824,0.6430315058229292,0.16439417297088654,-0.40758037910409733,2.0,0,0,2,0.5675430267554437,-0.6795456917635454,1.0567251704089764,-0.8359051728251414,10,72
-0.36821205212873787,-0.4354095841106673,-0.6882127018289375,0.42088808717558435,1.0,0,0,2,-0.31867726811520325,-0.6795456917635454,0.10121486313220021,1.2154107540423162,19,22
-0.36821205212873787,-0.07592922079946847,0.82132078142321,-0.5148820178089959,1.5,0,0,3,-0.36226187278097277,2.083109140662487,-2.106343432990007,1.1919729665023502,34,57
-0.36821205212873787,-1.5138506740442639,-0.39469230230768654,-0.23761680151726838,1.0,0,0,3,-0.9869745396570025,0.9880027206017172,-0.5248091312905151,1.1807635898528013,34,48
-1.5123210226138581,0.6430315058229292,-0.9677559394682239,-1.2665480191758691,2.0,0,0,2,-0.6092412992203334,-0.6795456917635454,0.5295470698424791,-0.8359051728251414,14,2
-1.5123210226138581,-1.5138506740442639,-1.6666140335664403,-0.34990921411541803,1.0,0,0,3,-1.3356513769831588,-0.6795456917635454,-0.6895522877175455,1.1868777952980099,34,61
-0.36821205212873787,1.0025118691341282,1.7382226008800699,1.7007443255781984,2.0,0,3,3,1.5496494518907835,0.44044951057133247,0.4965984385570731,-0.8359051728251414,14,2
-0.36821205212873787,-0.7948899474218662,-0.6043497305371515,-0.25508451014364725,1.0,0,0,4,-0.23150805878366423,-0.6795456917635454,-0.5577577625759212,-0.8359051728251414,34,59
0.7758969183563824,-0.07592922079946847,0.8073436195412456,1.7850329513308836,1.0,0,0,3,-0.5511284929993073,2.3817745279517877,-0.29416871229267266,1.203182343151899,19,21
0.7758969183563824,0.2835511425117304,0.17837133485285087,0.33632219620660747,1.0,0,0,2,-0.31867726811520325,0.8635588092311752,0.43070117598626095,1.211334617078844,3,5
0.7758969183563824,0.6430315058229292,0.3600744393183871,0.7272661511779432,1.0,0,0,3,-0.36226187278097277,1.2617793256169096,0.29890665084463663,-0.8359051728251414,19,21
-1.5123210226138581,-1.5138506740442639,-1.7644541667401905,-0.26534332314644116,1.0,0,0,4,-1.4373487878699542,-0.6795456917635454,-0.920192706715388,-0.8359051728251414,34,60
0.7758969183563824,0.6430315058229292,1.9954023795082134,1.1897445319525446,2.0,0,0,2,2.470737430494046,-0.6795456917635454,0.5954443324132913,1.202163308911031,19,21
-0.36821205212873787,-1.5138506740442639,-0.841961482530545,-0.5115548352134951,2.0,0,0,4,-0.47848748522302487,-0.6795456917635454,-2.1392920642754127,-0.8359051728251414,12,12
-0.36821205212873787,1.0025118691341282,1.2546127997641041,-1.042794989628445,2.0,0,0,2,1.7007427480654511,-0.6795456917635454,1.386211483263037,1.1124882957146396,16,17
0.7758969183563824,0.2835511425117304,0.3600744393183871,-0.8808721033140762,2.0,0,0,2,0.20433798787403096,0.29111681692668206,-1.7109598575651337,-0.8359051728251414,34,57
-0.36821205212873787,-0.07592922079946847,-0.7301441874748303,-0.34020493154520753,1.5,0,0,3,-0.36226187278097277,-0.6795456917635454,-1.3155762821402608,-0.8359051728251414,34,46
0.7758969183563824,-0.7948899474218662,0.8632522670691029,-0.6105385174296418,2.0,0,0,3,1.293953104518269,-0.6795456917635454,-1.9745489078483822,-0.8359051728251414,34,52
0.7758969183563824,-0.07592922079946847,1.0449553715346391,3.191599393578817,1.0,0,0,4,1.4828197247366035,-0.6795456917635454,-0.16237418715104837,-0.8359051728251414,1,0
-0.36821205212873787,-0.07592922079946847,-0.5344639211273298,2.157954667243257,1.0,0,0,3,-0.1588670510073817,-0.6795456917635454,-0.3930146061488909,1.1736303501667247,31,36
0.7758969183563824,0.6430315058229292,1.0030238858887461,3.06045294627283,2.0,0,0,2,1.439235120070834,-0.6795456917635454,0.5295470698424791,-0.8359051728251414,3,4
-0.36821205212873787,-1.5138506740442639,-0.5204867592453655,0.08179272765080164,1.0,0,0,3,-1.088671950543798,0.9382251560535004,-0.7225009190029515,-0.8359051728251414,35,66
0.7758969183563824,1.0025118691341282,-0.03128609337661403,2.5716343699505146,1.0,0,0,3,-0.3477336712257163,0.540004639667766,-0.9860899692862002,1.203182343151899,34,55
-0.36821205212873787,-1.5138506740442639,-1.0655960726419742,1.0655297150538507,1.0,0,0,3,-0.710938710107129,-0.6795456917635454,-0.06352829329483015,-0.8359051728251414,31,36
0.7758969183563824,0.6430315058229292,1.2685899616460683,1.050002862941514,2.0,0,0,2,1.7152709496207077,-0.6795456917635454,1.0237765391235703,-0.8359051728251414,19,22
1.9200058888415028,-1.5138506740442639,-0.08719474090447134,0.15055450129115006,1.0,0,0,2,-0.11528244634161218,0.042228994185598105,-0.26122008100726657,1.2052204116336354,34,68
-1.5123210226138581,-1.5138506740442639,-1.05161891076001,-0.1954724886409258,1.0,0,0,3,-0.6964105085518725,-0.6795456917635454,-0.6895522877175455,1.1868777952980099,35,61
-1.5123210226138581,-0.4354095841106673,0.024622554151243276,0.9729231328124137,1.0,0,3,3,-0.7254669116623854,1.286668107891018,-0.5907063938613273,-0.8359051728251414,6,67
0.7758969183563824,-1.5138506740442639,0.010645392269278948,-0.41700739645801604,1.5,0,0,2,0.40773280964762204,-0.6795456917635454,-0.7554495502883577,1.214391719801448,34,69
-0.36821205212873787,-1.5138506740442639,-0.758098511238759,-0.6773594345559482,1.5,0,0,2,-0.3913182758914858,-0.6795456917635454,-2.0404461704191945,1.189934898020614,34,53
-1.5123210226138581,-0.7948899474218662,-1.2612763389894748,-0.7644207124715506,1.0,0,0,2,-1.2048975629858503,-0.18177004628137747,-1.5132680698526972,1.21337268556058,34,51
0.7758969183563824,0.6430315058229292,1.5341560374033907,-0.947138490007799,3.0,0,0,2,1.9913067791705812,-0.6795456917635454,1.1555710642651946,-0.8359051728251414,34,55
-2.6564299930989783,-1.5138506740442639,-1.3591164721632252,-1.2801340147741638,1.0,0,0,2,-1.3065949738726457,-0.18177004628137747,-2.0404461704191945,1.189934898020614,34,52
-0.36821205212873787,-0.4354095841106673,-0.6602583780650088,0.9224608634473194,1.0,0,0,2,-0.9724463381017461,0.49022707511954927,0.891982013981946,-0.8359051728251414,34,68
-0.36821205212873787,0.6430315058229292,1.8136992750426773,-0.6257881043256869,2.0,0,2,4,1.119614685855191,1.3115568901651264,-0.8213468128591698,-0.8359051728251414,34,55
-0.36821205212873787,-1.5138506740442639,-0.8559386444125093,-0.07125767174223191,1.0,0,0,3,-0.49301568677828134,-0.6795456917635454,-0.09647692458023621,-0.8359051728251414,1,1
0.7758969183563824,0.6430315058229292,2.1771054839737496,0.06571134510588145,2.0,0,3,2,2.6596040507123804,-0.6795456917635454,0.9908279078381641,-0.8359051728251414,3,5
-1.5123210226138581,-0.07592922079946847,-1.05161891076001,0.5567480431585308,1.0,0,0,2,-0.6964105085518725,-0.6795456917635454,-0.9860899692862002,1.1980871719475588,34,59
0.7758969183563824,0.6430315058229292,0.9750695621248175,-0.2972288230199898,2.0,0,0,2,1.410178716960321,-0.6795456917635454,0.9578792765527581,-0.8359051728251414,31,33
-1.5123210226138581,-1.5138506740442639,-1.5827510622746543,-0.6257881043256869,1.0,0,0,2,-1.2484821676516198,-0.6795456917635454,-2.106343432990007,1.2164297882831843,34,49
-0.36821205212873787,-0.4354095841106673,0.08053120167910058,0.6479682993185091,1.0,0,0,2,-0.6818823069966159,1.3115568901651264,0.2330093882738245,1.2062394458745034,30,30
-0.36821205212873787,0.6430315058229292,-0.12912622655036432,0.7328114555037777,1.0,0,0,2,0.262450794095057,-0.6795456917635454,0.2659580195592306,-0.8359051728251414,3,6
-0.36821205212873787,1.7214725957565258,0.06655403979713626,-1.221908319352901,3.0,0,0,2,0.4658456158686481,-0.6795456917635454,0.5624957011278853,1.202163308911031,34,46
0.7758969183563824,0.6430315058229292,0.09450836356106491,-0.31885550989074457,2.0,0,0,2,0.4949020189791611,-0.6795456917635454,1.0896738016943823,-0.8359051728251414,5,9
-0.36821205212873787,-1.5138506740442639,-1.3311621483992964,-0.24316210584310294,1.0,0,0,2,-1.3065949738726457,-0.1319924817331607,-0.953141338000794,1.1960491034658225,34,53
-1.5123210226138581,-0.7948899474218662,-0.3807151404257222,-0.7145129735390396,1.0,0,0,4,-1.2048975629858503,1.3862232369874516,-2.0404461704191945,-0.8359051728251414,34,64
0.7758969183563824,1.361992232445327,-0.4226466260716152,0.10231035365638948,1.0,0,0,4,-0.798107919438668,0.6146709864900912,0.6613415949841034,-0.8359051728251414,34,59
0.7758969183563824,-0.4354095841106673,0.05257687791517193,0.591128929978705,1.0,0,0,4,-0.7545233147728985,1.3862232369874516,-0.3271173435780787,-0.8359051728251414,35,61
-0.36821205212873787,0.2835511425117304,-0.47855527359947253,1.2443657795620149,1.0,0,0,2,-0.827164322549181,0.5648934219418744,0.2659580195592306,-0.8359051728251414,1,0
0.7758969183563824,0.6430315058229292,2.191082645855714,-0.057948941360228996,2.0,0,0,2,2.674132252267637,-0.6795456917635454,1.1555710642651946,-0.8359051728251414,30,31
-0.36821205212873787,0.6430315058229292,-0.5624182448912585,-1.204440610726522,2.0,0,0,3,-0.1879234541178947,-0.6795456917635454,0.5295470698424791,-0.8359051728251414,19,21
1.9200058888415028,0.2835511425117304,1.1847269903542825,0.8137728986609621,2.0,0,0,3,1.6281017402891687,-0.6795456917635454,0.2659580195592306,1.202163308911031,3,6
0.7758969183563824,0.6430315058229292,1.0589325334166035,0.191312488086034,2.0,0,0,2,1.49734792629186,-0.6795456917635454,0.7601874888403216,-0.8359051728251414,31,35
0.7758969183563824,0.6430315058229292,0.22030282049874386,-0.5456584568173776,2.0,0,0,2,0.6256558329764697,-0.6795456917635454,0.6283929636986973,-0.8359051728251414,31,35
-0.36821205212873787,-1.5138506740442639,-1.2892306627534036,-0.06183065438831318,1.0,0,0,2,-0.943389934991233,-0.6795456917635454,-0.5248091312905151,1.2072584801153714,31,34
-1.5123210226138581,-1.5138506740442639,-1.5827510622746543,-0.667377886769446,1.0,0,0,3,-1.2484821676516198,-0.6795456917635454,-0.8542954441445759,-0.8359051728251414,34,49
3.064114859326623,0.6430315058229292,1.33847577105589,0.23983390093708631,1.0,0,0,2,-0.04264143856532965,2.456440874774113,0.2330093882738245,1.2062394458745034,3,7
-1.5123210226138581,-1.5138506740442639,-1.526842414746797,-0.8367869339236914,1.0,0,0,2,-1.1903693614305937,-0.6795456917635454,-0.7225009190029515,1.1960491034658225,34,62
-0.36821205212873787,-0.7948899474218662,-1.0655960726419742,-0.6396513651402732,1.0,0,0,3,-0.710938710107129,-0.6795456917635454,-0.3271173435780787,1.203182343151899,3,6
-0.36821205212873787,-0.07592922079946847,-0.7720756731207233,-0.7644207124715506,1.0,0,0,2,-0.4058464774467423,-0.6795456917635454,1.2544169581214126,-0.8359051728251414,21,23
-0.36821205212873787,0.6430315058229292,-0.18503487407822164,-0.6255108391093951,2.0,0,0,2,0.20433798787403096,-0.6795456917635454,0.8590333826965398,-0.8359051728251414,19,22
0.7758969183563824,0.6430315058229292,0.3321201155544585,0.3496309265886104,1.0,0,3,2,-0.4494310821125118,1.3613344547133432,-0.49186050000510906,1.2072584801153714,34,70
-0.36821205212873787,0.6430315058229292,-0.21298919784215029,-1.5998208091585255,3.0,0,0,2,-0.08622604323109917,-0.23154761082959427,1.1885196955506006,-0.8359051728251414,34,46
-1.5123210226138581,0.6430315058229292,-0.8699158062944736,-1.596216361346733,2.0,0,0,2,-0.7254669116623854,-0.30621395765191944,1.1885196955506006,-0.8359051728251414,34,58
-0.36821205212873787,0.6430315058229292,-0.63230405430108,-1.4683970966362465,2.0,0,0,2,-0.26056446189417726,-0.6795456917635454,1.1555710642651946,-0.8359051728251414,16,17
-0.36821205212873787,-0.7948899474218662,-0.9677559394682239,0.13253226223218778,1.0,0,0,3,-0.6092412992203334,-0.6795456917635454,-0.4259632374342969,1.203182343151899,3,7
-0.36821205212873787,-1.5138506740442639,-0.08719474090447134,-1.2338307236534451,1.5,0,0,3,-0.11528244634161218,0.042228994185598105,-1.414422175996479,-0.8359051728251414,34,49
0.7758969183563824,1.0025118691341282,0.9471152383608888,0.4167291089312084,1.0,0,0,3,0.14622518165300494,1.4360008015356684,0.2659580195592306,1.202163308911031,22,24
0.7758969183563824,0.6430315058229292,-0.03128609337661403,0.11811447098501794,2.0,0,0,2,0.3641482049818525,-0.6795456917635454,0.5624957011278853,1.202163308911031,16,15
0.7758969183563824,-0.4354095841106673,-0.059240417140542685,0.20600754454949555,1.0,0,0,3,-0.5947130976650769,0.913336373779392,-0.3271173435780787,1.203182343151899,35,61
1.9200058888415028,0.6430315058229292,1.3664300948198187,0.6596134384027617,1.0,0,0,3,0.044527770766209396,2.3568857456776793,-0.19532281843645444,-0.8359051728251414,3,7
-2.6564299930989783,-0.7948899474218662,-1.56877390039269,-1.1218155762715873,2.0,0,0,3,-1.2339539660963632,-0.6795456917635454,0.39775254470085486,1.21337268556058,19,21
-0.36821205212873787,0.6430315058229292,0.3460972774364228,0.06959305813396564,1.0,0,0,3,-0.3477336712257163,1.2120017610686928,-0.26122008100726657,-0.8359051728251414,35,61
-0.36821205212873787,-1.5138506740442639,-0.7441213493567947,0.02855780612278997,1.0,0,0,3,-0.3767900743362293,-0.6795456917635454,-0.06352829329483015,-0.8359051728251414,1,44
0.7758969183563824,2.0809529590677247,2.2330141315016068,1.9821685201143018,2.0,0,1,2,1.323009507628782,1.7097774065508609,0.5624957011278853,1.202163308911031,19,22
-1.5123210226138581,-1.5138506740442639,-1.3451393102812608,-1.0694124503924507,1.0,0,0,2,-1.001502741212259,-0.6795456917635454,-1.5132680698526972,1.21337268556058,34,51
-0.36821205212873787,-1.5138506740442639,-0.9817331013501883,0.8575808028350551,1.0,0,0,3,-0.6237695007755899,-0.6795456917635454,-0.4259632374342969,1.203182343151899,31,32
-1.5123210226138581,-0.7948899474218662,-1.1075275582878672,-1.1858638412349762,2.0,0,0,2,-0.7545233147728985,-0.6795456917635454,0.5954443324132913,1.202163308911031,16,17
0.7758969183563824,0.6430315058229292,0.9750695621248175,-0.2581344275228562,2.0,0,0,2,1.410178716960321,-0.6795456917635454,1.2544169581214126,-0.8359051728251414,37,37
-1.5123210226138581,-1.5138506740442639,-1.6246825479205473,-0.6701505389323632,1.0,0,0,3,-1.2920667723173893,-0.6795456917635454,-1.414422175996479,-0.8359051728251414,34,60
-0.36821205212873787,0.6430315058229292,0.7095034863674953,-0.86063174252478,2.0,0,0,2,1.1341428874104473,-0.6795456917635454,1.0896738016943823,-0.8359051728251414,30,30
-0.36821205212873787,-0.07592922079946847,-0.29685216913393625,-0.48022386577252996,1.0,0,2,4,-1.0160309427675156,1.2120017610686928,-0.953141338000794,-0.8359051728251414,34,50
0.7758969183563824,0.6430315058229292,1.0729096952985677,0.5170991172288137,2.0,0,0,2,1.5118761278471164,-0.6795456917635454,0.6613415949841034,1.211334617078844,16,17
1.9200058888415028,1.0025118691341282,1.5062017136394619,1.484477456870651,2.0,0,0,2,1.9622503760600682,-0.6795456917635454,0.7931361201257278,-0.8359051728251414,30,30
0.7758969183563824,2.0809529590677247,2.107219674563928,-0.34852288803395937,2.0,0,0,3,2.586963042936098,-0.6795456917635454,1.0567251704089764,-0.8359051728251414,25,72
-1.5123210226138581,-0.4354095841106673,-0.5624182448912585,-1.0408541331144028,1.0,0,1,3,-1.2048975629858503,1.0626690674240424,-1.776857120135946,-0.8359051728251414,34,57
1.9200058888415028,0.2835511425117304,1.3524529329378543,0.8437175420204687,1.0,0,0,2,-0.3041490665599468,2.9293277379821725,0.4965984385570731,-0.8359051728251414,3,5
0.7758969183563824,0.6430315058229292,1.9954023795082134,0.1186690014176014,2.0,0,0,2,2.470737430494046,-0.6795456917635454,1.0237765391235703,-0.8359051728251414,31,35
0.7758969183563824,0.6430315058229292,-0.07321757902250701,0.19630326197928508,2.0,0,0,2,0.320563600316083,-0.6795456917635454,0.9908279078381641,-0.8359051728251414,21,23
-1.5123210226138581,-1.5138506740442639,-1.7085455192123333,-1.686882087074128,2.0,0,0,3,-1.3792359816489284,-0.6795456917635454,-0.887244075429982,-0.8359051728251414,34,45
1.9200058888415028,0.6430315058229292,1.422338742347676,-0.4871554961798231,1.5,0,0,4,0.08811237543197892,2.3817745279517877,-1.7109598575651337,-0.8359051728251414,34,63
1.9200058888415028,0.6430315058229292,0.9750695621248175,0.5431620475602361,2.0,0,0,2,1.410178716960321,-0.6795456917635454,1.0896738016943823,-0.8359051728251414,11,11
-1.5123210226138581,-1.5138506740442639,-1.5547967385107258,-0.23761680151726838,1.0,0,0,3,-1.2194257645411066,-0.6795456917635454,-0.8542954441445759,-0.8359051728251414,34,60
0.7758969183563824,1.0025118691341282,0.7234806482494597,2.1474185890241713,1.0,0,0,4,1.148671088965704,-0.6795456917635454,0.13416349441760628,-0.8359051728251414,25,67
-1.5123210226138581,-1.5138506740442639,-1.2193448533435818,-0.017745484997928516,1.0,0,0,2,-0.8707489272149506,-0.6795456917635454,-1.4473708072818852,1.2052204116336354,34,61
-0.36821205212873787,-1.5138506740442639,-1.4290022815730468,0.9199654765006938,1.0,0,0,3,-1.088671950543798,-0.6795456917635454,-0.06352829329483015,-0.8359051728251414,14,2
-1.5123210226138581,-0.4354095841106673,-1.009687425114117,-1.7237583608409277,2.0,0,0,2,-0.652825903886103,-0.6795456917635454,1.452108745833849,-0.8359051728251414,16,17
0.7758969183563824,-0.07592922079946847,-0.5344639211273298,-0.6770821693396565,1.5,0,0,2,-0.1588670510073817,-0.6795456917635454,-2.0074975391337886,1.2062394458745034,34,46
-0.36821205212873787,0.6430315058229292,0.20632565861677954,0.7125710947144817,2.0,0,0,2,0.6111276314212132,-0.6795456917635454,0.6283929636986973,-0.8359051728251414,14,13
-0.36821205212873787,-0.07592922079946847,-0.24094352160607893,-0.6257881043256869,1.0,0,0,4,-1.0160309427675156,1.3115568901651264,-1.6450625949943216,-0.8359051728251414,34,73
-0.36821205212873787,0.6430315058229292,-0.08719474090447134,-0.6221836565138944,2.0,0,0,2,0.3060353987608265,-0.6795456917635454,1.0896738016943823,-0.8359051728251414,5,9
-0.36821205212873787,0.2835511425117304,-0.5763954067732228,-0.01608189370017815,2.0,0,0,3,-0.2024516556731512,-0.6795456917635454,0.7272388575549156,-0.8359051728251414,21,23
-0.36821205212873787,-1.5138506740442639,-1.0236645869960812,0.0063765888194517745,1.0,0,0,3,-0.6673541054413594,-0.6795456917635454,-0.09647692458023621,-0.8359051728251414,18,20
-0.36821205212873787,-0.4354095841106673,0.7514349720133883,0.655177194942094,1.0,0,1,3,-0.1298106478968687,1.5604447129062105,-0.26122008100726657,-0.8359051728251414,10,72
-0.36821205212873787,-1.5138506740442639,-0.4925324354814368,0.04630277996546053,1.0,0,0,2,-0.943389934991233,0.7391148978606332,-0.26122008100726657,1.2052204116336354,31,35
-1.5123210226138581,-1.5138506740442639,-0.9398016157042953,-0.6257881043256869,1.0,0,0,2,-0.8998053303254635,-0.1319924817331607,-0.6236550251467333,1.1960491034658225,34,55
-0.36821205212873787,1.0025118691341282,-0.883892968176438,1.9242200899093307,1.0,0,0,2,-1.1613129583200807,0.41556072829722407,0.8590333826965398,-0.8359051728251414,18,18
0.7758969183563824,0.6430315058229292,-0.29685216913393625,0.6496318906162595,1.0,0,0,2,-0.7835797178834115,0.8137812446829584,-0.29416871229267266,1.2062394458745034,1,44
-0.36821205212873787,0.6430315058229292,-0.3248064928978649,-1.0208910375413984,2.0,0,0,2,0.0590559723214659,-0.6795456917635454,0.9908279078381641,-0.8359051728251414,34,50
-0.36821205212873787,-1.5138506740442639,-0.18503487407822164,0.10896471884739094,1.0,0,0,4,0.20433798787403096,-0.6795456917635454,-0.4259632374342969,-0.8359051728251414,31,33
-1.5123210226138581,-1.5138506740442639,-1.5827510622746543,0.0008312844936172254,1.0,0,0,2,-1.2484821676516198,-0.6795456917635454,-0.5577577625759212,-0.8359051728251414,34,60
-1.5123210226138581,-0.4354095841106673,0.024622554151243276,-1.2582300626871172,1.0,0,0,4,-0.943389934991233,1.659999842002644,-1.6780112262797278,1.1349070490137374,34,46
-0.36821205212873787,0.6430315058229292,0.2762114680266012,-1.041685928763278,1.0,0,0,3,-0.652825903886103,1.6102222774544273,0.7931361201257278,-0.8359051728251414,41,40
-0.36821205212873787,0.6430315058229292,-0.46318039552931173,-1.321446532001631,3.0,0,0,2,-0.1792065331847408,-0.5177686069818409,1.2214683268360067,-0.8359051728251414,34,59
-0.36821205212873787,-1.5138506740442639,-0.6043497305371515,-0.8753267989882416,1.5,0,0,2,-0.4203746790019988,-0.35599152220013625,-1.4473708072818852,1.2052204116336354,34,49
0.7758969183563824,0.6430315058229292,1.8835850844524988,-0.2983378838851567,2.0,0,0,2,2.3545118180519937,-0.6795456917635454,1.0237765391235703,-0.8359051728251414,32,41
-0.36821205212873787,2.0809529590677247,2.4566487216130364,0.4380785305856714,2.0,0,0,2,2.9501680818175107,-0.6795456917635454,1.0237765391235703,-0.8359051728251414,37,37
-0.36821205212873787,-0.4354095841106673,0.09450836356106491,-0.6257881043256869,1.0,0,0,3,-0.798107919438668,1.535555930632102,-1.6121139637089155,-0.8359051728251414,34,55
-0.36821205212873787,0.2835511425117304,0.10848552544302924,-0.34852288803395937,1.0,0,0,2,-0.47848748522302487,1.0128915028758256,0.16711212570301237,-0.8359051728251414,30,30
-0.36821205212873787,1.361992232445327,0.9331380764789245,-0.5597989828482557,1.5,0,3,2,0.3350918018713395,1.0875578496981508,0.6283929636986973,-0.8359051728251414,10,72
0.7758969183563824,0.6430315058229292,0.8352979433051743,-0.6124793739436839,2.0,0,0,2,1.264896701407756,-0.6795456917635454,1.452108745833849,-0.8359051728251414,21,23
-1.5123210226138581,-1.5138506740442639,-1.2612763389894748,-0.6698732737160715,1.0,0,0,2,-1.0741437489885417,-0.40576908674835305,-1.0190386005716063,1.1705732474441204,34,46
-0.36821205212873787,-0.4354095841106673,-0.3108293310159006,0.41866996544525054,1.0,0,0,3,0.0735841738767224,-0.6795456917635454,0.5295470698424791,-0.8359051728251414,19,21
-0.36821205212873787,-1.5138506740442639,-1.0236645869960812,0.15055450129115006,1.0,0,0,3,-0.6673541054413594,-0.6795456917635454,-0.5248091312905151,1.1807635898528013,34,60
1.9200058888415028,1.361992232445327,0.23427998238070818,0.691776203492602,1.0,0,0,2,-0.6673541054413594,1.5604447129062105,1.2214683268360067,-0.8359051728251414,14,2
0.7758969183563824,0.6430315058229292,0.4579145724921374,0.13752303612543887,2.0,0,0,2,0.8726352594158303,-0.6795456917635454,0.6283929636986973,-0.8359051728251414,16,17
-0.36821205212873787,-0.4354095841106673,-0.1151490646684,-0.10757941507644822,1.0,0,2,4,-0.8126361209939245,1.1871129787945844,-1.6780112262797278,1.1349070490137374,6,67
-2.6564299930989783,-1.8733310373554628,-2.1138832137892987,-0.14889193230391562,1.0,0,0,2,-1.800553826751367,-0.6795456917635454,-1.5791653324235095,1.2103155828379757,34,50
-0.36821205212873787,-1.5138506740442639,-1.4849109291009042,-0.5342905829494168,1.0,0,0,2,-1.1467847567648242,-0.6795456917635454,-0.030579662009424073,1.2164297882831843,9,25
-0.36821205212873787,-0.7948899474218662,-0.39469230230768654,0.74279300329028,1.0,0,0,2,-0.827164322549181,0.7142261155865248,-0.09647692458023621,1.21337268556058,14,2
0.7758969183563824,0.6430315058229292,1.3664300948198187,-0.41063029648330635,2.0,0,2,2,1.816968360507503,-0.6795456917635454,0.924930645267352,1.2082775143562396,37,37
-0.36821205212873787,0.6430315058229292,0.37405160120035147,-1.465901709689621,2.0,0,0,2,-0.07169784167584266,0.78889246240885,1.2544169581214126,-0.8359051728251414,34,45
-0.36821205212873787,-0.7948899474218662,-0.8699158062944736,0.25036997915617193,1.0,0,0,2,-0.5075438883335378,-0.6795456917635454,-0.6566036564321395,1.2072584801153714,34,61
0.7758969183563824,-0.4354095841106673,0.37405160120035147,0.06044330599633863,1.0,0,0,4,-0.8126361209939245,2.0582203583883785,-0.49186050000510906,-0.8359051728251414,34,56
1.9200058888415028,0.6430315058229292,1.493622267945694,-0.42892980075856035,2.0,0,0,2,1.9491749946603374,-0.6795456917635454,1.1885196955506006,-0.8359051728251414,18,18
0.7758969183563824,0.2835511425117304,0.0385997160332076,0.39454789162787024,1.0,0,0,3,-0.5366002914440509,0.9880027206017172,-0.3600659748634848,-0.8359051728251414,3,3
-0.36821205212873787,0.6430315058229292,-0.6882127018289375,0.13419585352993812,1.0,0,0,3,-0.9579181365464896,0.41556072829722407,0.43070117598626095,-0.8359051728251414,18,19
0.7758969183563824,1.361992232445327,1.33847577105589,-0.10314317161578057,1.0,0,0,2,-0.10075424478635567,2.5559960038705465,-0.8213468128591698,1.2154107540423162,34,53
0.7758969183563824,-0.07592922079946847,-0.5624182448912585,-0.24454843192456158,2.0,0,0,2,-0.1879234541178947,-0.6795456917635454,-0.920192706715388,1.1848397268162736,31,35
0.7758969183563824,0.6430315058229292,0.9331380764789245,1.3014824141181107,2.0,0,0,2,1.3665941122945515,-0.6795456917635454,0.5954443324132913,1.202163308911031,14,13
-0.36821205212873787,0.6430315058229292,0.9191609145969603,-0.005545815481092506,2.0,0,0,2,1.352065910739295,-0.6795456917635454,1.1226224329797885,1.2052204116336354,34,59
-0.36821205212873787,-1.5138506740442639,-0.8279843206485806,1.8002825382269285,1.0,0,0,3,-0.46395928366776834,-0.6795456917635454,-0.49186050000510906,1.211334617078844,3,5
-0.36821205212873787,1.361992232445327,0.569731867547852,-1.1886364933978937,2.0,0,0,4,0.7273532438632652,-0.23154761082959427,-1.4803194385672913,-0.8359051728251414,34,46
1.9200058888415028,1.7214725957565258,1.1427955047083895,0.06737493640363182,2.0,0,1,2,0.7128250423080087,0.8137812446829584,-1.0849358631424184,1.1991062061884268,19,21
0.7758969183563824,-0.07592922079946847,-0.03128609337661403,-0.08234828039390102,1.5,0,0,4,0.3641482049818525,-0.6795456917635454,-0.953141338000794,-0.8359051728251414,34,46
0.7758969183563824,0.2835511425117304,0.8772294289510673,1.3427949313455783,1.0,0,0,3,0.14622518165300494,1.3115568901651264,0.20006075698841844,1.1940110349840865,30,30
-0.36821205212873787,-1.5138506740442639,-1.5547967385107258,0.11728267533614276,1.5,0,0,2,-1.2194257645411066,-0.6795456917635454,-1.9745489078483822,1.2082775143562396,34,48
-0.36821205212873787,-0.07592922079946847,-0.63230405430108,-0.9374342074375885,1.0,0,0,4,-1.1613129583200807,0.8635588092311752,-1.381473544711073,1.1715922816849884,34,55
-0.36821205212873787,-1.5138506740442639,-0.6602583780650088,0.7605379771329505,1.5,0,0,2,-0.28962086500469025,-0.6795456917635454,1.0567251704089764,-0.8359051728251414,32,41
-1.5123210226138581,-1.5138506740442639,-1.1354818820517958,-1.4575837532008693,1.5,0,0,2,-0.7835797178834115,-0.6795456917635454,-1.9745489078483822,1.2082775143562396,34,51
-0.36821205212873787,0.2835511425117304,0.10848552544302924,0.9712595415146633,2.0,0,0,2,0.5094302205344176,-0.6795456917635454,0.4965984385570731,-0.8359051728251414,30,30
-0.36821205212873787,1.7214725957565258,-0.7860528350026877,-1.758971043309977,2.0,0,0,2,-0.8126361209939245,-0.0075485703626186895,1.1885196955506006,-0.8359051728251414,34,54
-0.36821205212873787,0.6430315058229292,0.611663353193745,1.085492810626855,2.0,0,0,2,1.032445476523652,-0.6795456917635454,0.7601874888403216,-0.8359051728251414,24,33
-0.36821205212873787,0.6430315058229292,1.2546127997641041,-0.40342140085972145,2.0,0,0,2,1.7007427480654511,-0.6795456917635454,1.0237765391235703,-0.8359051728251414,17,16
-0.36821205212873787,-0.4354095841106673,-0.5065095973634012,0.14362287088385686,2.0,0,0,2,-0.1298106478968687,-0.6795456917635454,0.39775254470085486,-0.8359051728251414,18,19
0.7758969183563824,0.6430315058229292,0.8352979433051743,0.7419612076414047,2.0,0,2,2,0.5094302205344176,0.6146709864900912,0.6613415949841034,1.211334617078844,1,44
-2.6564299930989783,-1.5138506740442639,-1.8343399761500123,0.27837376600163644,1.0,0,0,2,-1.509989795646237,-0.6795456917635454,-1.0190386005716063,1.1705732474441204,34,48
-1.5123210226138581,-1.5138506740442639,-1.4988880909828683,-0.6146974956740178,1.0,0,0,2,-1.1613129583200807,-0.6795456917635454,-0.458911868719703,1.203182343151899,34,55
0.7758969183563824,0.6430315058229292,0.16439417297088654,-1.2435350062236556,2.0,0,0,2,0.5675430267554437,-0.6795456917635454,1.386211483263037,1.1124882957146396,16,17
-0.36821205212873787,-0.4354095841106673,-1.2752535008714392,-0.06571236741639737,1.5,0,0,3,-0.9288617334359766,-0.6795456917635454,-0.5577577625759212,1.1848397268162736,35,66
1.9200058888415028,0.6430315058229292,0.569731867547852,-0.7644207124715506,2.0,0,0,2,0.9888608718578823,-0.6795456917635454,1.2873655894068188,-0.8359051728251414,31,36
-0.36821205212873787,0.6430315058229292,0.2482571442626725,-0.8925172423983286,2.0,0,0,3,0.6547122360869827,-0.6795456917635454,0.6283929636986973,-0.8359051728251414,18,25
-1.5123210226138581,-1.5138506740442639,-1.8762714617959053,1.022553606528633,1.5,0,0,2,-1.5535744003120062,-0.6795456917635454,0.43070117598626095,1.211334617078844,4,8
-0.36821205212873787,-0.4354095841106673,-0.059240417140542685,1.8307817120190184,1.0,0,0,4,0.3350918018713395,-0.6795456917635454,-0.12942555586564228,-0.8359051728251414,18,25
0.7758969183563824,-0.07592922079946847,-0.1151490646684,0.08401084938113547,1.0,0,0,3,-0.1733952525626382,0.0920065587338149,0.2659580195592306,1.202163308911031,18,20
-0.36821205212873787,0.6430315058229292,-0.35276081666179354,-1.4309662924368634,2.0,0,0,2,-0.4058464774467423,0.0671177764597065,1.2544169581214126,-0.8359051728251414,34,55
-0.36821205212873787,0.2835511425117304,0.26223430614463683,2.123296515206791,1.0,0,0,2,0.08811237543197892,0.31600559920079047,0.29890665084463663,1.2164297882831843,1,0
-0.36821205212873787,0.6430315058229292,-0.017308931494649706,-0.007763937211426326,2.0,0,0,2,0.37867640653710904,-0.6795456917635454,0.7601874888403216,-0.8359051728251414,14,2
-0.36821205212873787,0.6430315058229292,-0.017308931494649706,0.6565635210235526,2.0,0,0,2,0.37867640653710904,-0.6795456917635454,0.7601874888403216,-0.8359051728251414,26,26
-1.5123210226138581,-0.4354095841106673,-0.800029996884652,0.2337340661786683,1.0,0,0,2,-1.1613129583200807,0.5648934219418744,0.16711212570301237,-0.8359051728251414,34,69
-0.36821205212873787,-0.4354095841106673,-0.0033317696126853795,-0.2487074101689375,1.0,0,0,2,0.39320460809236557,-0.6795456917635454,1.4191601145484432,1.1236976723641885,37,37
-0.36821205212873787,-0.07592922079946847,-0.5903725686551872,-0.15166458446683287,1.0,0,0,2,-0.856220725659694,0.41556072829722407,0.06826623184679415,1.2042013773927673,19,22
-0.36821205212873787,0.6430315058229292,-0.9258244538223309,0.6704267818381391,2.0,0,0,2,-0.5656566945545639,-0.6795456917635454,0.7601874888403216,-0.8359051728251414,26,26
-0.36821205212873787,-0.4354095841106673,-0.39469230230768654,-0.5980615826965141,1.0,0,0,4,-0.8998053303254635,0.8386700269570668,-2.0404461704191945,-0.8359051728251414,34,53
-0.36821205212873787,-0.4354095841106673,-0.4925324354814368,-0.17661845393308837,1.0,0,0,2,-0.11528244634161218,-0.6795456917635454,0.5954443324132913,1.202163308911031,14,2
-0.36821205212873787,-0.4354095841106673,-0.3248064928978649,0.32578611798752183,1.0,0,0,2,-0.6237695007755899,0.49022707511954927,0.2330093882738245,1.2062394458745034,34,59
0.7758969183563824,1.361992232445327,0.3321201155544585,0.27255119645951015,1.0,0,0,3,-0.4203746790019988,1.3115568901651264,-0.06352829329483015,-0.8359051728251414,30,30
1.9200058888415028,-0.07592922079946847,-0.03128609337661403,-0.01580462848388642,1.0,0,0,3,-0.798107919438668,1.3115568901651264,-0.6236550251467333,1.201144274670163,34,70
-1.5123210226138581,-0.7948899474218662,-0.5763954067732228,0.21709815320116466,1.0,0,0,4,-0.2024516556731512,-0.6795456917635454,-0.6236550251467333,-0.8359051728251414,34,59
0.7758969183563824,1.361992232445327,2.5405116929048224,1.0447348238319711,2.0,0,0,2,3.0373372911490493,-0.6795456917635454,0.20006075698841844,-0.8359051728251414,32,41
-1.5123210226138581,-0.07592922079946847,-0.7301441874748303,1.3932572007106725,1.5,0,0,4,-0.36226187278097277,-0.6795456917635454,-2.0074975391337886,1.189934898020614,28,28
0.7758969183563824,0.6430315058229292,-0.21298919784215029,-0.8561954990641124,2.0,0,0,2,0.17528158476351796,-0.6795456917635454,0.7931361201257278,-0.8359051728251414,16,17
-0.36821205212873787,0.6430315058229292,-0.2688978453700076,-0.40896670518555595,2.0,0,0,3,0.11716877854249193,-0.6795456917635454,0.6283929636986973,-0.8359051728251414,16,17
0.7758969183563824,-0.07592922079946847,0.3600744393183871,1.9913182722519287,1.0,0,0,3,-0.6964105085518725,1.8342213179214029,0.2330093882738245,-0.8359051728251414,1,0
0.7758969183563824,-0.4354095841106673,-0.6043497305371515,1.2041623231997145,1.0,0,0,3,-0.9579181365464896,0.5648934219418744,-0.49186050000510906,1.211334617078844,17,16
-0.36821205212873787,-0.4354095841106673,0.6675720007216023,0.4677459087288863,1.0,0,0,3,0.29150719720557,0.6893373333124164,-0.09647692458023621,-0.8359051728251414,31,35
-0.36821205212873787,-1.5138506740442639,-0.5065095973634012,0.6127556168494598,1.0,0,0,2,-0.1298106478968687,-0.6795456917635454,-0.5248091312905151,1.2072584801153714,35,69
0.7758969183563824,-0.4354095841106673,0.22030282049874386,-0.8198737557298961,1.5,0,0,3,-0.5947130976650769,1.41111201926156,-1.4803194385672913,1.1695542132032524,34,62
0.7758969183563824,0.6430315058229292,1.6879048181049983,0.2226434575269992,2.0,0,0,2,2.151116996278403,-0.6795456917635454,0.6942902262695095,-0.8359051728251414,14,13
-0.36821205212873787,0.2835511425117304,-0.6602583780650088,-1.7512076172538087,3.0,0,0,2,-0.28962086500469025,-0.6795456917635454,1.1885196955506006,-0.8359051728251414,34,61
0.7758969183563824,0.6430315058229292,0.779389295777317,1.5726477956514202,2.0,0,0,2,1.20678389518673,-0.6795456917635454,0.43070117598626095,1.211334617078844,32,41
-0.36821205212873787,-1.5138506740442639,-0.9398016157042953,-0.1195018193769925,1.0,0,0,2,-1.3647077800936718,0.664448551038308,-0.8542954441445759,-0.8359051728251414,34,59
-0.36821205212873787,0.2835511425117304,0.024622554151243276,-0.009982058941760146,1.0,0,0,3,0.42226101120287857,-0.6795456917635454,1.1885196955506006,-0.8359051728251414,33,71
0.7758969183563824,0.2835511425117304,1.7577906275148198,1.2033305275508392,2.0,0,0,2,0.9307480656368563,1.535555930632102,0.463649807271667,-0.8359051728251414,32,41
1.9200058888415028,-1.5138506740442639,-0.47855527359947253,-0.15443723662975015,1.5,0,0,2,-0.827164322549181,0.5648934219418744,-0.920192706715388,1.201144274670163,34,64
-0.36821205212873787,-0.4354095841106673,-1.2892306627534036,0.6496318906162595,1.0,0,0,4,-0.943389934991233,-0.6795456917635454,-0.030579662009424073,-0.8359051728251414,9,25
0.7758969183563824,1.361992232445327,2.302899940911429,0.5708885691894089,2.5,0,0,2,1.032445476523652,2.331996963403571,0.6942902262695095,-0.8359051728251414,3,6
-1.5123210226138581,0.2835511425117304,-1.2193448533435818,-1.6771778045039174,2.0,0,0,2,-1.0450873458780285,-0.38088030447424465,1.1555710642651946,-0.8359051728251414,34,45
0.7758969183563824,-0.07592922079946847,-0.6462812161830445,0.3155273049847279,1.0,0,0,3,-0.2750926634494337,-0.6795456917635454,-0.16237418715104837,-0.8359051728251414,3,7
-0.36821205212873787,0.6430315058229292,-0.35276081666179354,-0.13918764973370515,2.0,0,0,2,0.029999569210952887,-0.6795456917635454,0.7931361201257278,-0.8359051728251414,1,44
0.7758969183563824,0.6430315058229292,-0.03128609337661403,0.5509254736164045,1.0,0,0,3,0.3641482049818525,-0.6795456917635454,-0.2282714497218605,-0.8359051728251414,31,36
0.7758969183563824,-0.4354095841106673,-0.5204867592453655,0.4000931959537048,1.0,0,0,3,-0.1443388494521252,-0.6795456917635454,-0.09647692458023621,-0.8359051728251414,19,22
-0.36821205212873787,0.6430315058229292,-0.5624182448912585,-0.34852288803395937,2.0,0,0,3,-0.1879234541178947,-0.6795456917635454,0.6942902262695095,-0.8359051728251414,21,23
-0.36821205212873787,0.2835511425117304,-0.39469230230768654,-1.1919636759933943,2.0,0,0,2,-0.013585035454816633,-0.6795456917635454,0.4965984385570731,-0.8359051728251414,18,19
-0.36821205212873787,0.6430315058229292,-0.3807151404257222,-0.27560213614923507,2.0,0,0,2,0.0009431661004398731,-0.6795456917635454,1.0896738016943823,-0.8359051728251414,18,25
0.7758969183563824,0.6430315058229292,0.4439374106101731,0.07458383202721673,2.0,0,0,2,0.8581070578605737,-0.6795456917635454,0.6283929636986973,-0.8359051728251414,31,36
-1.5123210226138581,-0.4354095841106673,-0.059240417140542685,0.612478351633168,2.0,0,0,2,0.3350918018713395,-0.6795456917635454,0.5624957011278853,1.202163308911031,3,3
-0.36821205212873787,-0.07592922079946847,-0.5344639211273298,-0.337709544598582,1.0,0,0,4,-1.2048975629858503,1.1124466319722592,-0.920192706715388,-0.8359051728251414,34,60
-0.36821205212873787,2.7999136856901226,2.7222147973703583,1.618673821555847,2.0,0,3,2,2.964696283372767,-0.23154761082959427,1.2873655894068188,-0.8359051728251414,19,22
-0.36821205212873787,0.6430315058229292,-0.45060094983554383,-0.7336442734631689,2.0,0,0,2,-0.07169784167584266,-0.6795456917635454,0.8590333826965398,-0.8359051728251414,16,17
-0.36821205212873787,-0.07592922079946847,-1.1494590439337602,-0.007209406778842871,1.0,0,0,3,-0.798107919438668,-0.6795456917635454,0.6942902262695095,-0.8359051728251414,18,19
0.7758969183563824,1.361992232445327,0.611663353193745,-0.9939963115611009,1.5,0,0,4,-0.013585035454816633,1.1124466319722592,-1.776857120135946,-0.8359051728251414,34,53
-0.36821205212873787,0.6430315058229292,0.10848552544302924,-1.3780086361251436,2.0,0,0,2,-0.3913182758914858,0.8635588092311752,1.452108745833849,-0.8359051728251414,16,17
-1.5123210226138581,-1.5138506740442639,-1.694568357330369,0.21709815320116466,1.0,0,0,2,-1.3647077800936718,-0.6795456917635454,-0.887244075429982,1.2042013773927673,6,67
-0.36821205212873787,0.2835511425117304,0.20632565861677954,1.3522219486994969,1.0,0,0,3,-0.1879234541178947,0.6893373333124164,0.10121486313220021,-0.8359051728251414,30,30
-0.36821205212873787,-0.4354095841106673,-0.4086694641896509,0.953237302455701,1.0,0,2,2,-0.02811323701007314,-0.6795456917635454,0.16711212570301237,-0.8359051728251414,19,22
0.7758969183563824,0.6430315058229292,1.0170010477707105,1.5013906350644464,1.0,0,0,3,0.11716877854249193,1.6102222774544273,-0.3271173435780787,1.203182343151899,14,2
-1.5123210226138581,-0.7948899474218662,-1.3870707959271538,-1.52190928338055,2.0,0,0,2,-1.0450873458780285,-0.6795456917635454,1.2873655894068188,-0.8359051728251414,34,63
-0.36821205212873787,-0.07592922079946847,-0.6882127018289375,-0.7863246645585971,1.0,0,0,2,-0.31867726811520325,-0.6795456917635454,1.2214683268360067,-0.8359051728251414,30,31
-1.5123210226138581,1.0025118691341282,-0.8140071587666163,-1.6649781349870814,2.0,0,0,2,-0.7835797178834115,-0.10710369945905228,1.1885196955506006,-0.8359051728251414,34,62
-0.36821205212873787,-0.7948899474218662,-0.6462812161830445,-0.01580462848388642,2.0,0,0,3,-0.2750926634494337,-0.6795456917635454,-2.0733948017046004,-0.8359051728251414,34,56
0.7758969183563824,-1.5138506740442639,0.20632565861677954,-1.041685928763278,1.5,0,0,4,-0.5801848961098204,1.3613344547133432,-1.4473708072818852,-0.8359051728251414,34,62
-0.36821205212873787,-1.5138506740442639,-1.009687425114117,0.62883699939438,1.0,0,0,2,-0.652825903886103,-0.6795456917635454,-0.49186050000510906,1.2072584801153714,34,48
-0.36821205212873787,-0.07592922079946847,-0.4086694641896509,-0.015527363267594695,1.0,0,0,2,-0.02811323701007314,-0.6795456917635454,-0.7225009190029515,1.1960491034658225,34,59
0.7758969183563824,2.0809529590677247,0.5837090294298164,1.7037942429574073,2.0,0,3,2,0.015471367655696379,1.0128915028758256,0.7931361201257278,-0.8359051728251414,19,21
-0.36821205212873787,1.0025118691341282,-0.03128609337661403,0.0063765888194517745,1.0,0,0,2,-0.7254669116623854,1.1871129787945844,0.29890665084463663,1.2164297882831843,19,22
0.7758969183563824,-0.07592922079946847,0.4998460581380304,1.0757885280566446,1.0,0,0,3,0.9162198640815998,-0.6795456917635454,-0.49186050000510906,1.211334617078844,3,3
-0.36821205212873787,2.0809529590677247,0.7095034863674953,-1.061926289552574,2.0,0,0,2,0.4803738174239046,0.44044951057133247,0.9908279078381641,-0.8359051728251414,3,4
-1.5123210226138581,-1.5138506740442639,-1.0376417488780456,-0.7810566254490542,1.0,0,0,2,-0.6818823069966159,-0.6795456917635454,0.36480391341544877,1.2154107540423162,34,59
0.7758969183563824,3.5188744123125204,2.6802833117244655,1.7451067601848747,2.0,0,2,2,1.9477221745048117,1.4360008015356684,0.924930645267352,1.2082775143562396,3,5
0.7758969183563824,-0.4354095841106673,-0.3807151404257222,-0.9585063638757598,1.5,0,0,2,0.0009431661004398731,-0.6795456917635454,-1.4473708072818852,1.2052204116336354,34,53
0.7758969183563824,-0.07592922079946847,-0.8699158062944736,0.3318859527459398,1.0,0,0,3,-0.5075438883335378,-0.6795456917635454,-0.5577577625759212,1.1848397268162736,35,66
-0.36821205212873787,0.6430315058229292,0.9750695621248175,0.7882644987621232,1.0,0,0,3,-0.11528244634161218,1.9337764470178365,-0.09647692458023621,-0.8359051728251414,3,5
-0.36821205212873787,-0.7948899474218662,-0.8559386444125093,1.6477866692664784,1.0,0,0,2,-0.49301568677828134,-0.6795456917635454,0.002368969275982,1.2164297882831843,31,36
0.7758969183563824,0.2835511425117304,0.3321201155544585,0.8991705852788142,1.0,0,2,3,-0.5656566945545639,1.5604447129062105,-0.3271173435780787,1.203182343151899,25,67
-0.36821205212873787,-1.5138506740442639,-0.3667379785437579,-0.9016669945359557,1.5,0,0,3,-0.710938710107129,0.5648934219418744,-1.0190386005716063,1.1909539322614822,34,55
-0.36821205212873787,-1.5138506740442639,-1.1075275582878672,-0.4871554961798231,1.5,0,0,3,-0.7545233147728985,-0.6795456917635454,-2.0404461704191945,-0.8359051728251414,34,73
0.7758969183563824,-0.4354095841106673,-0.5624182448912585,2.88549859479275,1.5,0,0,2,-0.1879234541178947,-0.6795456917635454,-0.06352829329483015,1.1991062061884268,31,35
-0.36821205212873787,-1.5138506740442639,-0.8140071587666163,0.13391858831364642,1.0,0,0,3,-1.1613129583200807,0.540004639667766,-0.7554495502883577,1.189934898020614,34,59
-0.36821205212873787,0.6430315058229292,1.7298363037508913,1.523017321935201,2.0,0,0,2,1.0179172749683953,1.3364456724392348,0.8260847514111338,-0.8359051728251414,14,13
-0.36821205212873787,0.6430315058229292,0.024622554151243276,0.7344750468015281,2.0,0,0,2,0.42226101120287857,-0.6795456917635454,0.5954443324132913,1.202163308911031,32,41
0.7758969183563824,0.2835511425117304,0.2762114680266012,0.2276342314202503,1.0,0,0,3,-0.4058464774467423,1.1871129787945844,0.2330093882738245,-0.8359051728251414,31,32
-0.36821205212873787,0.6430315058229292,1.1707498284723181,0.9748639893264558,2.0,0,2,2,1.613573538733912,-0.6795456917635454,0.7272388575549156,-0.8359051728251414,3,7
-0.36821205212873787,0.6430315058229292,-0.63230405430108,1.9389151463727923,2.0,0,0,2,-0.26056446189417726,-0.6795456917635454,0.8590333826965398,-0.8359051728251414,19,21
1.9200058888415028,0.2835511425117304,0.4159830868462444,0.6496318906162595,1.0,0,0,2,-0.49301568677828134,1.5853334951803189,0.2659580195592306,-0.8359051728251414,41,43
0.7758969183563824,-0.7948899474218662,-0.5344639211273298,-1.1803185369091418,1.5,0,0,2,-0.4494310821125118,-0.18177004628137747,-1.7109598575651337,-0.8359051728251414,34,47
-0.36821205212873787,0.2835511425117304,-0.674235539946973,-0.889190059802828,2.0,0,0,2,-0.3041490665599468,-0.6795456917635454,1.320314220692225,-0.8359051728251414,21,23
-1.5123210226138581,-0.4354095841106673,-0.24094352160607893,-0.7921472341007233,1.0,0,0,3,-1.1322565552095676,1.5106671483579936,-1.3155762821402608,-0.8359051728251414,34,46
-0.36821205212873787,-0.4354095841106673,-0.9957102632321526,-0.0019413676693000492,1.0,0,0,2,-0.6382977023308464,-0.6795456917635454,-0.26122008100726657,1.2052204116336354,26,26
0.7758969183563824,0.6430315058229292,0.7877755929064956,0.22208892709441574,2.0,0,0,2,1.215500816119884,-0.6795456917635454,0.924930645267352,1.2082775143562396,30,30
0.7758969183563824,1.361992232445327,0.3223361022370834,-0.3809629183400915,2.0,0,0,2,0.7317117043298421,-0.6795456917635454,1.1885196955506006,-0.8359051728251414,0,0
-1.5123210226138581,-1.5138506740442639,-0.2688978453700076,-0.4264344138119348,1.0,0,0,2,0.11716877854249193,-0.6795456917635454,-0.49186050000510906,1.2072584801153714,34,46
-1.5123210226138581,-1.5138506740442639,-0.6043497305371515,-0.9030533206174143,1.0,0,0,2,-0.8126361209939245,0.31600559920079047,-1.2167303882840426,-0.8359051728251414,34,51
0.7758969183563824,0.6430315058229292,-0.3248064928978649,0.0063765888194517745,2.0,0,0,3,0.0590559723214659,-0.6795456917635454,0.5954443324132913,-0.8359051728251414,18,19
0.7758969183563824,-0.7948899474218662,-0.10117190278643567,-0.6146974956740178,1.5,0,0,4,0.29150719720557,-0.6795456917635454,-1.6450625949943216,-0.8359051728251414,12,12
-0.36821205212873787,-0.7948899474218662,-1.0236645869960812,0.6829037165712668,1.0,0,0,3,-0.6673541054413594,-0.6795456917635454,-0.16237418715104837,-0.8359051728251414,18,25
0.7758969183563824,-1.5138506740442639,-0.3807151404257222,-0.7078586083480382,1.5,0,0,2,-0.5801848961098204,0.31600559920079047,-1.3155762821402608,1.1991062061884268,34,53
0.7758969183563824,-0.07592922079946847,-0.9677559394682239,-1.1803185369091418,1.0,0,0,2,-0.8998053303254635,-0.18177004628137747,-2.0404461704191945,1.189934898020614,34,58
-1.5123210226138581,-1.5138506740442639,-0.7720756731207233,-0.6257881043256869,1.0,0,0,2,-1.1467847567648242,0.5897822042159828,-0.887244075429982,1.2042013773927673,34,50
-0.36821205212873787,-1.5138506740442639,-0.03128609337661403,0.25868793564492376,1.0,0,0,3,-0.943389934991233,1.5604447129062105,-0.7883981815737637,1.1909539322614822,34,55
-0.36821205212873787,0.6430315058229292,0.0385997160332076,-0.33244150548903917,2.0,0,0,2,0.4367892127581351,-0.6795456917635454,1.0567251704089764,-0.8359051728251414,32,41
-0.36821205212873787,0.6430315058229292,0.4159830868462444,-0.9030533206174143,2.0,0,0,2,0.8290506547500608,-0.6795456917635454,-0.5248091312905151,1.2072584801153714,34,63
-1.5123210226138581,-1.5138506740442639,-1.2612763389894748,-0.7921472341007233,1.0,0,0,2,-0.9143335318807201,-0.6795456917635454,-1.5132680698526972,1.21337268556058,34,55
0.7758969183563824,-0.07592922079946847,0.20632565861677954,1.7337388863169139,1.0,0,0,2,-0.8998053303254635,1.908887664743728,-0.6566036564321395,1.2072584801153714,34,70
-0.36821205212873787,0.6430315058229292,-0.10117190278643567,-0.9779149290161807,2.0,0,0,2,0.29150719720557,-0.6795456917635454,1.386211483263037,1.1124882957146396,11,11
0.7758969183563824,1.0025118691341282,2.0093795413901776,1.4390059613988075,2.0,0,0,2,2.4852656320493023,-0.6795456917635454,0.6942902262695095,-0.8359051728251414,41,43
-1.5123210226138581,-1.5138506740442639,-1.5967282241566187,1.1026832540369422,1.0,0,0,3,-1.2630103692068761,-0.6795456917635454,-0.920192706715388,1.1838206925754056,25,67
-0.36821205212873787,-1.5138506740442639,-1.2333220152255462,-0.26534332314644116,1.0,0,0,2,-0.885277128770207,-0.6795456917635454,-0.920192706715388,1.201144274670163,34,64
0.7758969183563824,-0.07592922079946847,-0.21298919784215029,-0.5326269916516664,1.5,0,0,4,-1.0596155474332851,1.4360008015356684,-1.7109598575651337,-0.8359051728251414,34,70
0.7758969183563824,0.2835511425117304,0.7933664576592813,-0.8902991206679949,1.5,0,0,3,-0.2024516556731512,1.7595549710990777,-0.9860899692862002,1.203182343151899,34,55
0.7758969183563824,0.6430315058229292,1.7298363037508913,0.951296445941659,2.0,0,2,2,2.1947016009441724,-0.6795456917635454,1.0237765391235703,-0.8359051728251414,1,0
-0.36821205212873787,-0.07592922079946847,-0.2269663597241146,-0.07125767174223191,1.0,0,0,2,0.16075338320826144,-0.6795456917635454,0.5295470698424791,-0.8359051728251414,1,0
0.7758969183563824,-0.07592922079946847,-0.4226466260716152,0.8645124332423483,1.0,0,0,4,-0.04264143856532965,-0.6795456917635454,-0.06352829329483015,-0.8359051728251414,41,43
0.7758969183563824,0.6430315058229292,0.23427998238070818,-0.8373414643562749,2.0,0,0,2,0.6401840345317261,-0.6795456917635454,1.1885196955506006,-0.8359051728251414,18,19
-0.36821205212873787,-1.5138506740442639,-0.3248064928978649,-0.7921472341007233,1.5,0,0,3,0.0590559723214659,-0.6795456917635454,-2.106343432990007,1.1919729665023502,34,58
-0.36821205212873787,-0.07592922079946847,0.3460972774364228,-0.6324424695166883,1.5,0,2,3,0.029999569210952887,0.5648934219418744,-1.3155762821402608,-0.8359051728251414,34,60
0.7758969183563824,0.6430315058229292,-0.3807151404257222,0.6939943252229359,2.0,0,0,2,0.0009431661004398731,-0.6795456917635454,0.7931361201257278,-0.8359051728251414,18,18
0.7758969183563824,0.2835511425117304,0.48586889625606605,-0.16552784528141926,1.5,0,2,2,0.4367892127581351,0.1168953410079233,-0.9860899692862002,1.1858587610571416,34,57
-0.36821205212873787,-0.07592922079946847,0.26223430614463683,0.08401084938113547,1.0,0,0,2,0.6692404376422392,-0.6795456917635454,0.6942902262695095,-0.8359051728251414,31,35
-0.36821205212873787,-0.7948899474218662,-0.3807151404257222,-0.6812411475840323,2.0,0,0,2,0.0009431661004398731,-0.6795456917635454,-2.0733948017046004,1.1848397268162736,34,57
0.7758969183563824,0.6430315058229292,1.3105214472919613,0.5642342039984074,2.0,0,0,2,1.2794249029630125,0.1417841232820317,0.29890665084463663,1.2164297882831843,31,35
-0.36821205212873787,-0.4354095841106673,-0.18503487407822164,-0.34852288803395937,1.0,0,0,4,-1.1032001520990546,1.5604447129062105,-2.1392920642754127,-0.8359051728251414,34,46
-0.36821205212873787,-0.07592922079946847,-0.7720756731207233,-0.6812411475840323,1.0,0,0,2,-0.4058464774467423,-0.6795456917635454,-0.7225009190029515,1.1960491034658225,34,57
-0.36821205212873787,-0.4354095841106673,-0.6882127018289375,0.21709815320116466,1.0,0,0,2,-1.0160309427675156,0.5151158573936577,-0.6236550251467333,1.1960491034658225,34,59
0.7758969183563824,0.6430315058229292,0.5976861913117807,-0.5631261654437565,2.0,0,0,2,1.0179172749683953,-0.6795456917635454,1.0237765391235703,-0.8359051728251414,19,22
0.7758969183563824,0.6430315058229292,2.778123444898216,1.4301334744774723,2.0,0,0,2,3.28431671758841,-0.6795456917635454,0.891982013981946,-0.8359051728251414,32,42
-0.36821205212873787,-0.07592922079946847,-0.63230405430108,-0.1821637582589229,1.0,0,2,2,-1.3356513769831588,1.162224196520476,-0.887244075429982,1.2042013773927673,34,64
-0.36821205212873787,-1.5138506740442639,-0.14310338843232864,-1.1803185369091418,1.5,0,0,2,-0.3332054696704598,0.31600559920079047,-1.4473708072818852,1.2052204116336354,34,46
-0.36821205212873787,-0.7948899474218662,-1.1774133676976888,0.25036997915617193,1.0,0,0,2,-0.827164322549181,-0.6795456917635454,-0.09647692458023621,1.2164297882831843,31,35
0.7758969183563824,1.0025118691341282,1.3244986091739257,-0.41783919210689124,1.5,0,0,4,0.0735841738767224,2.2324418343071373,-1.381473544711073,1.1715922816849884,34,54
-0.36821205212873787,0.2835511425117304,-0.7441213493567947,1.148709279941369,2.0,0,0,2,-0.3767900743362293,-0.6795456917635454,0.463649807271667,-0.8359051728251414,17,16
-1.5123210226138581,-1.5138506740442639,-1.694568357330369,-0.6701505389323632,1.0,0,0,3,-1.3647077800936718,-0.6795456917635454,-0.7554495502883577,1.189934898020614,34,60
0.7758969183563824,0.6430315058229292,-0.12912622655036432,-0.47329223536523674,2.0,0,0,2,0.262450794095057,-0.6795456917635454,1.1226224329797885,1.2052204116336354,18,19
-0.36821205212873787,0.6430315058229292,1.7158591418689269,-0.8281917122186478,2.0,0,0,2,1.439235120070834,0.5897822042159828,1.1885196955506006,-0.8359051728251414,5,9
0.7758969183563824,0.2835511425117304,1.3105214472919613,-0.5001869613455343,2.0,0,1,3,0.8145224531948042,0.9382251560535004,-1.4473708072818852,1.1950300692249545,34,64
-0.36821205212873787,0.6430315058229292,-0.63230405430108,-1.600375339591109,2.0,0,0,2,-0.5511284929993073,-0.18177004628137747,1.2214683268360067,-0.8359051728251414,34,45
-1.5123210226138581,-1.5138506740442639,-1.610705386038583,-0.9280071900836698,1.0,0,0,2,-1.2775385707621327,-0.6795456917635454,-1.7109598575651337,-0.8359051728251414,34,60
-0.36821205212873787,0.6430315058229292,-0.03128609337661403,-1.5959390961304412,2.5,0,0,2,-0.1879234541178947,0.26622803465257366,1.2214683268360067,-0.8359051728251414,34,73
-1.5123210226138581,-0.7948899474218662,-0.8699158062944736,1.369412392109584,1.5,0,0,2,-0.5075438883335378,-0.6795456917635454,0.002368969275982,1.2164297882831843,30,30
-1.5123210226138581,-1.5138506740442639,-1.5967282241566187,-0.07985289344727546,1.0,0,0,2,-1.2630103692068761,-0.6795456917635454,-0.49186050000510906,1.1858587610571416,30,30
-0.36821205212873787,1.361992232445327,1.1987041522362467,1.4600781178369788,2.0,1,4,3,-0.08622604323109917,2.282219398855354,0.2330093882738245,-0.8359051728251414,10,72
0.7758969183563824,0.6430315058229292,-0.10117190278643567,-0.15804168444154262,1.0,0,0,3,-0.6382977023308464,0.913336373779392,0.43070117598626095,-0.8359051728251414,18,19
-1.5123210226138581,1.7214725957565258,-0.7441213493567947,-1.667473521933707,3.0,0,0,2,-0.3767900743362293,-0.6795456917635454,0.9908279078381641,-0.8359051728251414,34,46
3.064114859326623,-0.07592922079946847,-0.04526325525857836,0.27255119645951015,1.0,0,0,1,-0.6673541054413594,1.0626690674240424,-0.19532281843645444,-0.8359051728251414,34,59
-0.36821205212873787,-1.5138506740442639,-0.8140071587666163,0.4000931959537048,1.5,0,0,2,-0.4494310821125118,-0.6795456917635454,-0.920192706715388,1.201144274670163,33,71
0.7758969183563824,0.2835511425117304,0.08053120167910058,-0.3629406792811292,2.0,0,0,2,0.4803738174239046,-0.6795456917635454,0.6942902262695095,-0.8359051728251414,16,17
-0.36821205212873787,-0.4354095841106673,0.010645392269278948,0.06737493640363182,1.5,0,0,3,0.40773280964762204,-0.6795456917635454,-1.7109598575651337,1.1868777952980099,12,12
0.7758969183563824,-0.07592922079946847,2.2050598077376784,1.5659934304604188,1.0,0,2,2,0.7999942516395477,2.5559960038705465,-0.16237418715104837,1.1838206925754056,6,67
-1.5123210226138581,-1.5138506740442639,-0.8140071587666163,0.7871554378969563,1.0,0,2,3,-0.4494310821125118,-0.6795456917635454,-0.5907063938613273,-0.8359051728251414,26,26
-0.36821205212873787,0.2835511425117304,-0.19901203596018596,0.8184864073379216,1.0,0,0,2,-0.5366002914440509,0.5648934219418744,-0.09647692458023621,1.21337268556058,41,40
-0.36821205212873787,0.6430315058229292,-0.3248064928978649,0.06626587553846491,2.0,0,0,2,0.0590559723214659,-0.6795456917635454,0.7931361201257278,-0.8359051728251414,31,32
-0.36821205212873787,-0.4354095841106673,0.010645392269278948,0.01552634095707878,1.0,0,1,3,-0.31867726811520325,0.5648934219418744,-0.3271173435780787,1.203182343151899,34,62
-0.36821205212873787,-1.5138506740442639,-1.05161891076001,-0.6252335738931034,1.5,0,0,2,-0.6964105085518725,-0.6795456917635454,-0.7883981815737637,-0.8359051728251414,35,66
-0.36821205212873787,0.6430315058229292,0.569731867547852,-0.3604452923345037,2.0,0,0,2,0.9888608718578823,-0.6795456917635454,0.8260847514111338,-0.8359051728251414,17,16
-0.36821205212873787,0.6430315058229292,0.5138232200199947,-1.1636826239316382,1.5,0,0,2,-0.21697985722840774,1.286668107891018,-1.3155762821402608,1.2042013773927673,34,53
-0.36821205212873787,-0.07592922079946847,-0.47855527359947253,0.7361386380992785,2.0,0,0,2,-0.10075424478635567,-0.6795456917635454,0.9908279078381641,-0.8359051728251414,40,39
-1.5123210226138581,-1.5138506740442639,-1.4988880909828683,-0.33465962721937303,1.0,0,0,2,-1.1613129583200807,-0.6795456917635454,-0.5907063938613273,1.2103155828379757,34,54
-1.5123210226138581,-1.5138506740442639,-1.4290022815730468,-0.7269899082721674,1.0,0,0,3,-1.088671950543798,-0.6795456917635454,-2.1392920642754127,-0.8359051728251414,34,49
-1.5123210226138581,-1.5138506740442639,-1.4709337672189398,-0.23401235370547593,1.0,0,0,2,-1.1322565552095676,-0.6795456917635454,-0.6566036564321395,1.2072584801153714,34,54
1.9200058888415028,-0.07592922079946847,0.12246268732499356,-0.6257881043256869,1.5,0,0,3,0.5239584220896741,-0.6795456917635454,-1.0519872318570123,-0.8359051728251414,34,55
0.7758969183563824,0.2835511425117304,2.2609684552655356,1.8418723206706875,1.0,0,0,2,0.24792259253980048,3.601324859383099,1.320314220692225,-0.8359051728251414,3,5
1.9200058888415028,1.0025118691341282,1.1288183428264251,0.32412252668977143,1.0,0,0,3,-0.4203746790019988,2.7302174797893053,-0.3271173435780787,1.203182343151899,3,5
1.9200058888415028,1.0025118691341282,1.6319961705771409,0.7644196901610346,1.0,0,2,3,0.0009431661004398731,2.904438955708064,0.10121486313220021,-0.8359051728251414,22,24
-1.5123210226138581,-1.5138506740442639,-1.1354818820517958,0.7361386380992785,1.0,0,0,3,-0.7835797178834115,-0.6795456917635454,0.33185528213004273,-0.8359051728251414,40,39
-0.36821205212873787,-1.5138506740442639,0.2482571442626725,0.7619243032144091,1.0,0,0,4,-0.798107919438668,1.8093325356472945,-1.5132680698526972,1.1573258023128352,19,21
-0.36821205212873787,-0.07592922079946847,-0.8559386444125093,-0.01580462848388642,1.0,0,0,4,-0.49301568677828134,-0.6795456917635454,0.16711212570301237,-0.8359051728251414,18,19
1.9200058888415028,2.0809529590677247,2.4566487216130364,1.295105314143401,2.0,0,0,2,1.2794249029630125,2.1826642697589205,1.1885196955506006,-0.8359051728251414,32,41
-0.36821205212873787,-1.5138506740442639,-0.4086694641896509,1.4215382527724287,1.0,0,0,3,-0.827164322549181,0.6893373333124164,-0.5248091312905151,1.1807635898528013,14,2
0.7758969183563824,-0.7948899474218662,-0.5344639211273298,-0.6110930478622253,1.0,0,0,3,-0.6964105085518725,0.2413392523784653,-0.2282714497218605,-0.8359051728251414,34,56
-0.36821205212873787,-0.4354095841106673,-0.19901203596018596,1.3150684097164054,1.0,0,0,2,-0.8998053303254635,1.1871129787945844,-0.3271173435780787,1.214391719801448,10,72
-0.36821205212873787,-1.5138506740442639,-1.2892306627534036,0.6080421081725004,1.0,0,0,3,-0.943389934991233,-0.6795456917635454,-0.3600659748634848,-0.8359051728251414,10,72
-0.36821205212873787,-0.4354095841106673,-0.47855527359947253,0.09981496670976393,2.0,0,0,2,-0.10075424478635567,-0.6795456917635454,0.5295470698424791,-0.8359051728251414,10,72
-0.36821205212873787,0.6430315058229292,0.2482571442626725,-0.8703360250949905,2.0,0,0,2,0.6547122360869827,-0.6795456917635454,0.6283929636986973,-0.8359051728251414,18,25
1.9200058888415028,0.2835511425117304,0.09450836356106491,0.1782810229203228,1.0,0,0,3,-0.5220720898887944,1.0626690674240424,0.5295470698424791,-0.8359051728251414,33,71
-0.36821205212873787,0.2835511425117304,-0.3807151404257222,-0.5902981566403457,2.0,0,0,2,0.0009431661004398731,-0.6795456917635454,1.0237765391235703,-0.8359051728251414,11,11
-1.5123210226138581,-1.5138506740442639,-1.4429794434550112,-1.2052724063753972,1.0,0,0,4,-1.1032001520990546,-0.6795456917635454,-1.5132680698526972,1.1573258023128352,34,53
-0.36821205212873787,-0.07592922079946847,-0.8279843206485806,-1.6283791264365735,3.0,0,0,2,-0.46395928366776834,-0.6795456917635454,1.2544169581214126,-0.8359051728251414,34,46
-0.36821205212873787,-0.7948899474218662,-0.6602583780650088,1.150650136455411,1.0,0,0,2,-0.28962086500469025,-0.6795456917635454,-0.5248091312905151,1.2072584801153714,20,66
-1.5123210226138581,-1.5138506740442639,-1.694568357330369,2.9786597074667704,1.0,0,0,2,-1.3647077800936718,-0.6795456917635454,-0.6566036564321395,1.2072584801153714,34,70
-0.36821205212873787,-0.7948899474218662,-0.7441213493567947,0.4389103262345466,1.0,0,0,3,-0.3767900743362293,-0.6795456917635454,-0.5907063938613273,-0.8359051728251414,34,59
-0.36821205212873787,-0.7948899474218662,-0.3807151404257222,2.3132231883666248,2.0,0,0,2,0.0009431661004398731,-0.6795456917635454,0.36480391341544877,1.2154107540423162,1,0
0.7758969183563824,-1.5138506740442639,0.06655403979713626,0.8575808028350551,1.0,0,0,3,-0.3332054696704598,0.6893373333124164,-0.06352829329483015,-0.8359051728251414,16,15
-0.36821205212873787,0.6430315058229292,0.3321201155544585,-0.6501874433593589,2.0,0,0,2,0.7418814454185217,-0.6795456917635454,1.0896738016943823,-0.8359051728251414,17,16
0.7758969183563824,0.2835511425117304,0.4998460581380304,0.9510191807253673,2.0,0,0,2,0.9162198640815998,-0.6795456917635454,0.2659580195592306,-0.8359051728251414,3,3
-0.36821205212873787,0.2835511425117304,-0.3667379785437579,-1.569598900582727,2.0,0,0,2,-0.6382977023308464,0.44044951057133247,1.0567251704089764,-0.8359051728251414,34,73
0.7758969183563824,1.0025118691341282,2.0093795413901776,-0.16136886703704334,1.0,0,3,3,0.37867640653710904,2.9293277379821725,-0.7225009190029515,-0.8359051728251414,34,63
-1.5123210226138581,-0.4354095841106673,-0.47855527359947253,1.1143283931211947,1.0,0,0,3,-0.10075424478635567,-0.6795456917635454,0.06826623184679415,-0.8359051728251414,1,1
0.7758969183563824,0.2835511425117304,-0.15708055031429297,0.27671017470388604,1.5,0,0,3,-0.49301568677828134,0.5648934219418744,-1.3155762821402608,-0.8359051728251414,34,61
0.7758969183563824,0.2835511425117304,-0.35276081666179354,-1.1306880631929226,2.0,0,0,2,0.029999569210952887,-0.6795456917635454,1.0567251704089764,-0.8359051728251414,1,44
-1.5123210226138581,0.6430315058229292,-0.9677559394682239,-1.5834621613973134,2.0,0,0,2,-0.6092412992203334,-0.6795456917635454,1.2214683268360067,-0.8359051728251414,34,50
-0.36821205212873787,0.2835511425117304,-0.4086694641896509,1.0516664542392644,1.0,0,0,3,-0.02811323701007314,-0.6795456917635454,0.06826623184679415,-0.8359051728251414,31,36
0.7758969183563824,0.2835511425117304,-0.841961482530545,0.31691363106618653,1.5,0,0,2,-0.47848748522302487,-0.6795456917635454,-0.26122008100726657,1.2052204116336354,3,4
0.7758969183563824,-0.4354095841106673,0.2762114680266012,-0.6036068870223487,1.5,0,0,2,0.6837686391974956,-0.6795456917635454,-1.842754382706758,1.1950300692249545,34,57
1.9200058888415028,0.6430315058229292,1.7857449512787484,1.3150684097164054,1.0,0,0,3,0.24792259253980048,2.7551062620634137,-0.06352829329483015,-0.8359051728251414,3,6
-1.5123210226138581,-0.7948899474218662,-0.63230405430108,0.005267527954284865,1.0,0,0,3,-1.0450873458780285,0.664448551038308,0.2659580195592306,1.202163308911031,31,33
0.7758969183563824,-1.5138506740442639,-0.5344639211273298,0.13391858831364642,1.5,0,0,2,-0.1588670510073817,-0.6795456917635454,-0.5248091312905151,1.2072584801153714,34,60
1.9200058888415028,1.361992232445327,0.8073436195412456,-0.8683951685809483,1.5,0,3,4,-0.10075424478635567,1.6102222774544273,-1.4803194385672913,-0.8359051728251414,34,63
-1.5123210226138581,-1.5138506740442639,-0.5484410830092942,-0.10674761942757303,1.0,0,0,3,-1.2194257645411066,1.1124466319722592,-0.7883981815737637,1.1909539322614822,34,57
-0.36821205212873787,-0.4354095841106673,0.16439417297088654,0.6440865862904249,1.0,0,0,2,-0.3767900743362293,0.9382251560535004,0.463649807271667,-0.8359051728251414,32,41
-0.36821205212873787,-1.5138506740442639,-0.9258244538223309,-0.23623047543580977,1.5,0,0,2,-0.5656566945545639,-0.6795456917635454,-0.8542954441445759,-0.8359051728251414,34,70
1.9200058888415028,-0.4354095841106673,-0.2828750072519719,-0.5703350610673413,1.0,0,0,3,-0.885277128770207,1.0128915028758256,0.2659580195592306,1.202163308911031,9,25
-0.36821205212873787,0.6430315058229292,1.1008640190624965,-0.3446411750058752,2.0,0,0,2,1.5409325309576296,-0.6795456917635454,1.0567251704089764,-0.8359051728251414,1,44
1.9200058888415028,1.7214725957565258,1.7158591418689269,0.7605379771329505,2.0,0,0,3,2.180173399388916,-0.6795456917635454,0.33185528213004273,-0.8359051728251414,16,15
-1.5123210226138581,-1.5138506740442639,-1.4010479578091182,0.08123819721821819,1.0,0,0,2,-1.0596155474332851,-0.6795456917635454,0.5295470698424791,-0.8359051728251414,33,68
-1.5123210226138581,-1.5138506740442639,-1.4429794434550112,-0.5814256697190104,1.0,0,0,2,-1.1032001520990546,-0.6795456917635454,-0.5907063938613273,1.2103155828379757,34,48
0.7758969183563824,-0.4354095841106673,-0.6462812161830445,-0.5287452786235822,1.0,0,0,2,-0.9869745396570025,0.540004639667766,-0.49186050000510906,1.2072584801153714,34,59
0.7758969183563824,-0.4354095841106673,0.5417775437839234,-0.813773920971478,1.0,0,0,2,-0.7545233147728985,2.2573306165812457,-1.9745489078483822,1.2082775143562396,34,63
-0.36821205212873787,0.6430315058229292,-0.33878365477982925,-1.5815213048832715,2.5,0,0,2,0.044527770766209396,-0.6795456917635454,1.2214683268360067,-0.8359051728251414,34,73
-1.5123210226138581,-1.5138506740442639,-1.3311621483992964,-1.6852184957763774,2.0,0,0,2,-0.9869745396570025,-0.6795456917635454,1.320314220692225,-0.8359051728251414,34,57
0.7758969183563824,0.2835511425117304,0.47189173437410176,0.15055450129115006,1.0,0,0,2,-0.5366002914440509,1.7595549710990777,0.2330093882738245,1.2062394458745034,19,22
0.7758969183563824,0.6430315058229292,0.26223430614463683,0.6504636862651347,2.0,0,0,2,0.6692404376422392,-0.6795456917635454,0.4965984385570731,-0.8359051728251414,16,15
-0.36821205212873787,0.6430315058229292,0.611663353193745,-0.5279134829747071,2.0,0,0,2,1.032445476523652,-0.6795456917635454,1.2873655894068188,-0.8359051728251414,11,11
-1.5123210226138581,-1.5138506740442639,-1.7225226810942975,-0.34852288803395937,1.0,0,0,3,-1.3937641832041847,-0.6795456917635454,-0.6895522877175455,1.1868777952980099,35,66
-1.5123210226138581,0.6430315058229292,-0.43662378795357953,-1.1259745545159632,2.0,0,0,2,-0.05716964012058615,-0.6795456917635454,1.2544169581214126,-0.8359051728251414,37,37
0.7758969183563824,-0.4354095841106673,0.10848552544302924,0.5417757214787775,1.0,0,0,2,-0.2750926634494337,0.664448551038308,0.2330093882738245,1.2062394458745034,19,22
-0.36821205212873787,-1.5138506740442639,-1.2333220152255462,0.7261570903127763,1.0,0,0,2,-0.885277128770207,-0.6795456917635454,-0.5577577625759212,-0.8359051728251414,17,16
0.7758969183563824,-0.07592922079946847,-0.39469230230768654,-0.6257881043256869,1.0,0,0,2,-0.013585035454816633,-0.6795456917635454,-0.49186050000510906,1.2072584801153714,34,55
-0.36821205212873787,-0.07592922079946847,-0.45060094983554383,-0.5980615826965141,1.5,0,0,4,-0.07169784167584266,-0.6795456917635454,-0.9860899692862002,-0.8359051728251414,34,53
-1.5123210226138581,-0.07592922079946847,-1.1774133676976888,-1.7531484737678507,3.0,0,0,2,-0.827164322549181,-0.6795456917635454,1.2544169581214126,-0.8359051728251414,34,51
-0.36821205212873787,2.7999136856901226,0.20632565861677954,-1.3882674491279374,3.0,0,4,2,0.6111276314212132,-0.6795456917635454,0.891982013981946,-0.8359051728251414,34,46
0.7758969183563824,-0.4354095841106673,-0.29685216913393625,-0.8365096687073997,1.5,0,0,3,-0.28962086500469025,-0.03243735263672709,-1.4803194385672913,1.1695542132032524,34,63
0.7758969183563824,0.6430315058229292,0.9471152383608888,0.2146027662545391,2.0,0,0,2,1.381122313849808,-0.6795456917635454,0.924930645267352,1.2082775143562396,20,66
-1.5123210226138581,-0.7948899474218662,-0.4086694641896509,-0.8808721033140762,1.5,0,0,4,-0.1733952525626382,-0.43065786902246145,-1.776857120135946,-0.8359051728251414,34,47
-0.36821205212873787,0.2835511425117304,0.1923484967348152,2.1474185890241713,1.5,0,0,2,0.5965994298659566,-0.6795456917635454,-0.49186050000510906,1.2154107540423162,20,66
-0.36821205212873787,0.2835511425117304,-0.12912622655036432,-1.041685928763278,1.5,0,0,4,-0.1733952525626382,0.0671177764597065,-1.9745489078483822,-0.8359051728251414,34,58
0.7758969183563824,-0.4354095841106673,-0.017308931494649706,0.12282797966197731,2.0,0,0,3,0.37867640653710904,-0.6795456917635454,0.002368969275982,-0.8359051728251414,24,33
-0.36821205212873787,0.6430315058229292,0.3321201155544585,-0.6521282998734009,2.0,0,0,2,0.7418814454185217,-0.6795456917635454,1.1226224329797885,1.2052204116336354,21,23
-0.36821205212873787,-0.4354095841106673,-0.9537787775862596,0.7943643335205413,1.0,0,0,2,-0.5947130976650769,-0.6795456917635454,0.7931361201257278,-0.8359051728251414,4,8
-1.5123210226138581,-1.5138506740442639,-0.9817331013501883,-0.1821637582589229,1.0,0,0,2,-0.7690515163281549,-0.43065786902246145,-2.106343432990007,1.2164297882831843,34,56
0.7758969183563824,2.0809529590677247,1.4363159042296403,-0.34852288803395937,2.0,0,0,2,1.8896093682837858,-0.6795456917635454,1.452108745833849,-0.8359051728251414,37,37
0.7758969183563824,0.6430315058229292,0.5837090294298164,0.20628480976578728,2.0,0,0,3,1.0033890734131388,-0.6795456917635454,0.5624957011278853,-0.8359051728251414,3,5
1.9200058888415028,2.0809529590677247,0.5417775437839234,-0.636878712977356,2.0,0,0,4,0.08811237543197892,0.8137812446829584,-1.4473708072818852,-0.8359051728251414,34,46
-0.36821205212873787,0.6430315058229292,0.695526324485531,2.2200620756926037,2.0,0,0,2,1.119614685855191,-0.6795456917635454,0.891982013981946,-0.8359051728251414,18,18
0.7758969183563824,0.6430315058229292,0.9471152383608888,-0.6865091866935752,2.0,0,0,2,1.381122313849808,-0.6795456917635454,1.2873655894068188,-0.8359051728251414,1,0
0.7758969183563824,0.6430315058229292,2.051311027036071,0.6751402905150984,2.0,0,0,2,2.528850236715072,-0.6795456917635454,1.2214683268360067,-0.8359051728251414,30,30
-0.36821205212873787,0.6430315058229292,1.1008640190624965,-0.22680345808189104,2.0,0,0,2,1.5409325309576296,-0.6795456917635454,1.1555710642651946,-0.8359051728251414,37,37
-0.36821205212873787,-1.5138506740442639,-0.4925324354814368,-0.6257881043256869,1.5,0,0,2,-0.11528244634161218,-0.6795456917635454,-1.4473708072818852,1.2052204116336354,34,55
0.7758969183563824,0.6430315058229292,0.010645392269278948,0.8991705852788142,1.0,0,0,3,-0.7545233147728985,1.3115568901651264,0.20006075698841844,1.1940110349840865,30,30
3.064114859326623,-0.4354095841106673,1.380407256701783,-0.6257881043256869,2.5,0,0,3,1.6281017402891687,-0.33110273992602784,-2.0404461704191945,-0.8359051728251414,34,58
-1.5123210226138581,-0.07592922079946847,-0.08719474090447134,-0.2722749535537343,1.0,0,0,2,0.3060353987608265,-0.6795456917635454,1.0896738016943823,-0.8359051728251414,30,31
-1.5123210226138581,-1.5138506740442639,-1.4290022815730468,-0.28419735785427863,1.0,0,0,2,-1.088671950543798,-0.6795456917635454,-0.887244075429982,1.2042013773927673,34,56
-1.5123210226138581,-0.07592922079946847,-0.8140071587666163,-1.3023152320775018,1.0,0,0,2,-0.4494310821125118,-0.6795456917635454,0.20006075698841844,-0.8359051728251414,30,30
-0.36821205212873787,-0.4354095841106673,-0.8699158062944736,0.6621088253493872,1.0,0,0,2,-0.5075438883335378,-0.6795456917635454,0.29890665084463663,1.2164297882831843,33,72
0.7758969183563824,0.6430315058229292,0.3181429536724941,0.20739387063095419,2.0,0,0,2,0.7273532438632652,-0.6795456917635454,0.7601874888403216,-0.8359051728251414,27,27
0.7758969183563824,-0.4354095841106673,0.3181429536724941,-0.810724003592269,1.0,0,0,3,-0.5801848961098204,1.5604447129062105,-0.920192706715388,1.1838206925754056,34,55
-0.36821205212873787,0.6430315058229292,0.1364398492069579,-0.20989027988809564,2.0,0,0,2,0.5384866236449306,-0.6795456917635454,0.5954443324132913,1.202163308911031,16,15
0.7758969183563824,1.0025118691341282,2.191082645855714,-0.01580462848388642,2.0,0,0,2,2.674132252267637,-0.6795456917635454,1.1555710642651946,-0.8359051728251414,30,31
-0.36821205212873787,-0.4354095841106673,-0.4925324354814368,0.43336502190871207,1.0,0,0,3,-0.11528244634161218,-0.6795456917635454,-0.09647692458023621,-0.8359051728251414,14,2
-0.36821205212873787,-0.07592922079946847,-0.10117190278643567,1.696030816901239,1.0,0,0,2,0.29150719720557,-0.6795456917635454,0.4965984385570731,-0.8359051728251414,16,15
-1.5123210226138581,-0.7948899474218662,-1.5827510622746543,-1.4245891924621537,2.0,0,0,2,-1.2484821676516198,-0.6795456917635454,1.2544169581214126,-0.8359051728251414,34,48
-0.36821205212873787,-1.5138506740442639,-1.0236645869960812,-0.27920658396102754,1.0,0,0,2,-1.0741437489885417,0.017340211911489708,-0.887244075429982,1.2042013773927673,34,68
1.9200058888415028,0.6430315058229292,0.569731867547852,1.7900237252241347,1.0,0,0,1,0.015471367655696379,0.9880027206017172,-0.09647692458023621,-0.8359051728251414,14,2
-0.36821205212873787,0.6430315058229292,-0.18503487407822164,-1.2385442323304046,2.0,0,0,2,0.20433798787403096,-0.6795456917635454,1.3532628519776309,-0.8359051728251414,34,60
-0.36821205212873787,-0.4354095841106673,-0.12912622655036432,0.0429755973699598,1.0,0,0,3,-0.6092412992203334,0.8137812446829584,0.20006075698841844,1.1940110349840865,18,19
-0.36821205212873787,0.2835511425117304,-0.716167025592866,-1.6491740176584528,3.0,0,0,2,-0.3477336712257163,-0.6795456917635454,1.1885196955506006,-0.8359051728251414,34,46
-0.36821205212873787,0.2835511425117304,0.20632565861677954,-0.833182486111899,1.5,0,0,2,-0.1588670510073817,0.6395597687641996,1.0896738016943823,-0.8359051728251414,18,25
-0.36821205212873787,1.0025118691341282,0.6396176769576737,0.7511109597790318,1.0,0,0,4,-0.43490288055725534,1.8839988824696197,0.2330093882738245,-0.8359051728251414,3,5
0.7758969183563824,0.6430315058229292,0.4159830868462444,-0.7999106601568917,2.0,0,0,4,-0.1733952525626382,1.037780285149934,-1.1508331257132305,-0.8359051728251414,34,46
0.7758969183563824,0.6430315058229292,3.0017580350096447,3.079029715764376,2.0,0,2,3,3.516767942472514,-0.6795456917635454,0.43070117598626095,-0.8359051728251414,8,3
0.7758969183563824,-0.7948899474218662,-0.4645781117175082,-0.29861514910144843,1.5,0,0,2,-0.08622604323109917,-0.6795456917635454,-0.7883981815737637,-0.8359051728251414,34,56
-0.36821205212873787,0.2835511425117304,0.653594838839638,-0.5426085394381686,1.5,0,0,3,-0.5947130976650769,2.1826642697589205,-1.0190386005716063,1.1909539322614822,34,55
0.7758969183563824,0.6430315058229292,-0.5484410830092942,-1.4936282313187939,2.0,0,0,2,-0.1733952525626382,-0.6795456917635454,1.452108745833849,-0.8359051728251414,16,17
-1.5123210226138581,-1.5138506740442639,-0.7021898637109018,-1.1803185369091418,1.5,0,0,2,-0.5220720898887944,-0.35599152220013625,-1.348524913425667,-0.8359051728251414,34,52
-1.5123210226138581,-1.5138506740442639,-1.4429794434550112,-1.0694124503924507,1.0,0,0,4,-1.1032001520990546,-0.6795456917635454,-2.1392920642754127,-0.8359051728251414,34,50
-1.5123210226138581,-0.4354095841106673,-0.6882127018289375,-0.8406686469517757,1.0,0,0,2,-0.31867726811520325,-0.6795456917635454,1.1555710642651946,-0.8359051728251414,30,31
-1.5123210226138581,-1.5138506740442639,-0.5903725686551872,-0.894180833696079,1.5,0,0,2,-0.5075438883335378,-0.18177004628137747,-1.1508331257132305,1.1756684186484607,34,73
-1.5123210226138581,-1.5138506740442639,-1.4150251196910824,-0.1821637582589229,1.0,0,0,2,-1.0741437489885417,-0.6795456917635454,-1.6780112262797278,1.2052204116336354,34,56
0.7758969183563824,0.6430315058229292,1.1567726665903537,-0.11284745418599104,2.0,0,0,2,1.5990453371786555,-0.6795456917635454,0.9578792765527581,-0.8359051728251414,24,33
-0.36821205212873787,-1.5138506740442639,-0.4086694641896509,3.018585898612779,1.5,0,0,2,-0.02811323701007314,-0.6795456917635454,-0.920192706715388,1.201144274670163,34,68
0.7758969183563824,0.6430315058229292,1.0729096952985677,0.5719976300545758,2.0,0,0,3,1.5118761278471164,-0.6795456917635454,0.7931361201257278,-0.8359051728251414,19,21
-0.36821205212873787,-0.07592922079946847,-0.10117190278643567,-0.6876182475587421,2.0,0,0,4,0.29150719720557,-0.6795456917635454,-2.0404461704191945,-0.8359051728251414,34,53
-0.36821205212873787,-1.5138506740442639,-1.0795732345239386,-0.9723696246903462,1.5,0,0,2,-0.7254669116623854,-0.6795456917635454,-1.9745489078483822,1.2082775143562396,34,48
-0.36821205212873787,-1.5138506740442639,-0.3807151404257222,1.2549018577811006,1.0,0,0,3,-0.7254669116623854,0.5648934219418744,0.2659580195592306,1.202163308911031,41,43
-0.36821205212873787,-0.7948899474218662,-0.8279843206485806,0.8226453855822974,1.0,0,0,3,-0.46395928366776834,-0.6795456917635454,-0.458911868719703,-0.8359051728251414,3,5
-0.36821205212873787,-0.07592922079946847,1.1889201389188717,1.0868791367083137,2.0,0,0,2,1.6324602007557456,-0.6795456917635454,-1.9745489078483822,1.201144274670163,34,60
-1.5123210226138581,-1.5138506740442639,-1.0655960726419742,0.9327196764501132,1.0,0,0,2,-0.710938710107129,-0.6795456917635454,-0.2282714497218605,1.2103155828379757,26,26
0.7758969183563824,-0.4354095841106673,0.5138232200199947,1.2318888448288872,1.0,0,0,3,0.4367892127581351,0.1666729055561401,0.2330093882738245,-0.8359051728251414,30,30
-0.36821205212873787,-0.4354095841106673,-0.9258244538223309,-0.6812411475840323,1.0,0,0,2,-0.5656566945545639,-0.6795456917635454,-0.5907063938613273,1.2164297882831843,34,60
0.7758969183563824,-1.5138506740442639,-0.9817331013501883,0.042421066937376344,1.5,0,0,2,-0.6237695007755899,-0.6795456917635454,-0.8542954441445759,-0.8359051728251414,6,67
-1.5123210226138581,-1.5138506740442639,-1.4290022815730468,-0.21266293205101292,1.0,0,0,2,-1.088671950543798,-0.6795456917635454,-0.920192706715388,1.201144274670163,34,53
-0.36821205212873787,-0.07592922079946847,-0.7301441874748303,-0.23401235370547593,1.0,0,0,3,-1.088671950543798,0.5648934219418744,-0.7554495502883577,1.189934898020614,34,53
-1.5123210226138581,-1.5138506740442639,-0.4086694641896509,2.794278338632772,1.0,0,0,2,-1.1903693614305937,1.3115568901651264,0.2659580195592306,-0.8359051728251414,30,31
0.7758969183563824,1.361992232445327,0.569731867547852,-0.057948941360228996,1.0,0,0,3,-0.46395928366776834,1.8093325356472945,0.29890665084463663,-0.8359051728251414,19,22
-0.36821205212873787,-1.5138506740442639,-1.3730936340451894,0.594178847357914,1.0,0,0,3,-1.0305591443227722,-0.6795456917635454,-0.5248091312905151,1.1807635898528013,3,5
1.9200058888415028,1.361992232445327,2.3448314265573216,0.6981533034673119,2.0,0,0,2,2.8339424693754585,-0.6795456917635454,1.0896738016943823,-0.8359051728251414,21,23
-1.5123210226138581,-0.7948899474218662,-1.1802088000740818,-1.6350334916275748,2.0,0,0,2,-0.8300699628602323,-0.6795456917635454,0.43070117598626095,1.211334617078844,19,22
0.7758969183563824,0.6430315058229292,1.0729096952985677,-0.9019442597522475,2.0,0,0,2,1.5118761278471164,-0.6795456917635454,1.1226224329797885,1.2052204116336354,16,17
-1.5123210226138581,-0.07592922079946847,-1.1634362058157246,-1.1803185369091418,1.5,0,0,2,-0.8126361209939245,-0.6795456917635454,-1.9086516452775701,1.2072584801153714,34,55
0.7758969183563824,0.6430315058229292,1.7577906275148198,2.0262536895046863,2.0,0,0,2,2.2237580040546856,-0.6795456917635454,0.6613415949841034,1.211334617078844,41,43
-0.36821205212873787,0.6430315058229292,0.653594838839638,0.6776356774617239,1.0,0,0,2,1.0760300811894215,-0.6795456917635454,0.6613415949841034,1.211334617078844,14,13
0.7758969183563824,0.6430315058229292,0.5138232200199947,-0.32440081421657907,2.0,0,0,2,0.9307480656368563,-0.6795456917635454,1.0237765391235703,-0.8359051728251414,31,33
0.7758969183563824,0.2835511425117304,0.5138232200199947,-0.7366941908423779,1.5,0,0,3,-0.46395928366776834,1.7097774065508609,-2.1722406955608187,-0.8359051728251414,34,63
-0.36821205212873787,-0.4354095841106673,-0.25492068348804325,-0.06571236741639737,2.0,0,0,2,0.13169698009774844,-0.6795456917635454,-1.1837817569986366,1.1797445556119333,4,8
1.9200058888415028,1.0025118691341282,0.653594838839638,0.21987080536408193,2.0,0,0,2,1.0760300811894215,-0.6795456917635454,0.924930645267352,1.2082775143562396,1,44
-0.36821205212873787,1.361992232445327,-0.7664848083679376,-1.6552738524168709,2.0,0,0,2,-0.7487120341507959,-0.08221491718494388,1.1885196955506006,-0.8359051728251414,34,45
-0.36821205212873787,-0.07592922079946847,0.010645392269278948,-0.3984306269664703,1.5,0,0,4,-0.739995113217642,1.286668107891018,-0.8542954441445759,-0.8359051728251414,34,49
-0.36821205212873787,-1.5138506740442639,-1.1215047201698316,0.9407603677225733,1.0,0,0,2,-0.7690515163281549,-0.6795456917635454,-0.5248091312905151,1.2072584801153714,33,71
0.7758969183563824,0.2835511425117304,0.2482571442626725,1.4961225959549034,2.0,0,0,3,0.6547122360869827,-0.6795456917635454,0.06826623184679415,-0.8359051728251414,22,24
1.9200058888415028,-0.07592922079946847,0.20632565861677954,2.4565693051894475,1.0,0,0,4,0.11716877854249193,0.1666729055561401,-0.3600659748634848,-0.8359051728251414,1,0
0.7758969183563824,1.361992232445327,0.5557547056658877,-1.0425177244121533,2.0,0,0,2,0.37867640653710904,0.34089438147489887,1.0896738016943823,-0.8359051728251414,34,50
0.7758969183563824,2.0809529590677247,2.5125573691408936,2.154904749864048,2.0,0,2,2,1.1341428874104473,2.531107221596438,0.6942902262695095,-0.8359051728251414,18,25
-0.36821205212873787,-0.4354095841106673,-0.25492068348804325,1.1656224581351644,2.0,0,0,3,0.13169698009774844,-0.6795456917635454,0.20006075698841844,1.1940110349840865,1,1
-1.5123210226138581,-1.5138506740442639,-1.0236645869960812,-0.9030533206174143,1.0,0,0,2,-0.856220725659694,-0.35599152220013625,-0.9860899692862002,1.1980871719475588,34,60
-0.36821205212873787,0.6430315058229292,-0.63230405430108,0.3116455919566437,1.0,0,0,3,-0.26056446189417726,-0.6795456917635454,-0.06352829329483015,-0.8359051728251414,34,59
-0.36821205212873787,-1.5138506740442639,-0.9118472919403666,-1.2967699277516673,1.5,0,0,2,-0.5511284929993073,-0.6795456917635454,-1.9745489078483822,1.2164297882831843,34,53
-0.36821205212873787,-0.4354095841106673,-0.35276081666179354,-1.0638671460666163,1.0,0,0,2,-1.0160309427675156,1.1124466319722592,0.7272388575549156,-0.8359051728251414,34,53
-0.36821205212873787,-1.5138506740442639,-0.9677559394682239,-0.6695960084997797,1.0,0,0,3,-0.6092412992203334,-0.6795456917635454,-1.776857120135946,-0.8359051728251414,34,56
0.7758969183563824,0.6430315058229292,1.7577906275148198,1.1417776495340757,1.0,0,0,4,0.7999942516395477,1.7595549710990777,-0.7883981815737637,-0.8359051728251414,34,59
-0.36821205212873787,-0.07592922079946847,-0.6602583780650088,-0.24399390149197814,1.0,0,0,2,-0.28962086500469025,-0.6795456917635454,0.8260847514111338,-0.8359051728251414,21,23
1.9200058888415028,1.7214725957565258,1.7158591418689269,-0.6257881043256869,2.0,0,2,2,0.7564096469737782,1.7595549710990777,1.1555710642651946,-0.8359051728251414,34,73
-0.36821205212873787,0.2835511425117304,0.653594838839638,-0.6257881043256869,1.5,0,0,3,-0.31867726811520325,1.7097774065508609,-1.4473708072818852,1.1950300692249545,34,55
0.7758969183563824,0.6430315058229292,0.5557547056658877,1.9497284898081695,2.0,0,0,3,0.9743326703026258,-0.6795456917635454,0.2659580195592306,1.202163308911031,3,6
-0.36821205212873787,0.6430315058229292,0.010645392269278948,0.6981533034673119,1.0,0,2,2,-0.31867726811520325,0.5648934219418744,0.16711212570301237,-0.8359051728251414,19,22
0.7758969183563824,0.6430315058229292,1.2406356378821397,0.31913175279652034,2.0,0,0,2,1.6862145465101945,-0.6795456917635454,1.452108745833849,-0.8359051728251414,35,66
0.7758969183563824,-0.7948899474218662,0.024622554151243276,1.470059665623481,1.5,0,0,2,0.42226101120287857,-0.6795456917635454,-1.0190386005716063,1.1705732474441204,33,71
-0.36821205212873787,-1.5138506740442639,-0.8978701300584023,-0.4871554961798231,1.0,0,0,2,-0.9869745396570025,0.0920065587338149,-0.6236550251467333,1.1960491034658225,34,62
0.7758969183563824,1.0025118691341282,0.7933664576592813,-0.5545309437387129,2.0,0,0,2,1.2213120967419864,-0.6795456917635454,-0.12942555586564228,1.1644590419989118,34,56
-0.36821205212873787,0.6430315058229292,1.2825671235280327,-0.035213193624307346,2.0,0,0,2,0.4803738174239046,1.4608895838097768,0.33185528213004273,-0.8359051728251414,34,58
0.7758969183563824,2.0809529590677247,2.79210060678018,-0.4372477572473122,2.0,0,1,2,1.6862145465101945,2.083109140662487,1.4191601145484432,1.1236976723641885,16,15
-0.36821205212873787,-0.4354095841106673,-0.8559386444125093,-0.41783919210689124,1.5,0,0,4,-0.49301568677828134,-0.6795456917635454,-1.7109598575651337,-0.8359051728251414,34,54
0.7758969183563824,0.2835511425117304,-0.14310338843232864,-0.31081481861828447,2.0,0,0,2,0.24792259253980048,-0.6795456917635454,0.6613415949841034,1.211334617078844,18,18
-0.36821205212873787,-0.7948899474218662,-0.15708055031429297,1.5052723480925305,1.0,0,0,3,0.23339439098454398,-0.6795456917635454,-0.5907063938613273,-0.8359051728251414,3,3
-1.5123210226138581,-1.5138506740442639,-1.3730936340451894,0.08401084938113547,1.0,0,0,2,-1.0305591443227722,-0.6795456917635454,-0.3930146061488909,1.2062394458745034,31,35
-1.5123210226138581,0.6430315058229292,0.8772294289510673,-1.3189511450550055,2.0,0,0,4,0.044527770766209396,1.4857783660838852,-2.271086589417037,-0.8359051728251414,34,52
-0.36821205212873787,-0.7948899474218662,-1.5128652528648328,-1.3189511450550055,1.0,0,0,2,-1.175841159875337,-0.6795456917635454,0.5295470698424791,-0.8359051728251414,34,48
-0.36821205212873787,0.6430315058229292,0.1923484967348152,0.2994459224398077,2.0,0,0,2,0.5965994298659566,-0.6795456917635454,0.891982013981946,-0.8359051728251414,18,18
-0.36821205212873787,0.2835511425117304,0.5557547056658877,-0.9030533206174143,1.5,0,2,4,-0.2024516556731512,1.3364456724392348,-1.414422175996479,-0.8359051728251414,34,53
-0.36821205212873787,-0.4354095841106673,-0.43662378795357953,0.07846554505530091,1.0,0,0,2,-0.5075438883335378,0.0920065587338149,0.5954443324132913,1.202163308911031,21,23
-0.36821205212873787,0.6430315058229292,0.23427998238070818,-0.3973215661013034,2.0,0,2,2,0.6401840345317261,-0.6795456917635454,0.9578792765527581,-0.8359051728251414,37,37
-0.36821205212873787,0.6430315058229292,0.8492751051871386,-0.6119248435111004,2.0,0,0,2,1.2794249029630125,-0.6795456917635454,1.1885196955506006,-0.8359051728251414,18,25
-0.36821205212873787,0.6430315058229292,1.8276764369246414,0.16635861861977852,2.0,0,0,2,2.296399011830968,-0.6795456917635454,0.7931361201257278,-0.8359051728251414,32,42
-0.36821205212873787,0.6430315058229292,0.26223430614463683,-0.015527363267594695,2.0,0,0,2,0.6692404376422392,-0.6795456917635454,1.0896738016943823,-0.8359051728251414,34,61
-0.36821205212873787,0.6430315058229292,-0.43662378795357953,-1.686882087074128,3.0,0,4,2,-0.2750926634494337,-0.30621395765191944,1.2544169581214126,-0.8359051728251414,34,46
-0.36821205212873787,1.0025118691341282,0.37405160120035147,-0.07125767174223191,1.0,0,0,3,-0.5511284929993073,1.6102222774544273,0.2330093882738245,-0.8359051728251414,31,35
0.7758969183563824,0.6430315058229292,-0.15708055031429297,-0.1397421801662886,2.0,0,0,2,0.23339439098454398,-0.6795456917635454,0.7931361201257278,-0.8359051728251414,21,23
-0.36821205212873787,-1.5138506740442639,-1.3591164721632252,0.2337340661786683,1.0,0,0,2,-1.0160309427675156,-0.6795456917635454,-0.49186050000510906,1.2072584801153714,35,66
1.9200058888415028,2.0809529590677247,0.9890467240067818,-0.1003705194528633,2.0,0,0,2,1.4247069185155776,-0.6795456917635454,1.0237765391235703,-0.8359051728251414,37,37
-1.5123210226138581,-1.5138506740442639,-1.778431328622155,-0.6257881043256869,1.0,0,0,2,-1.4518769894252108,-0.6795456917635454,-1.809805751421352,-0.8359051728251414,34,48
-1.5123210226138581,-1.5138506740442639,-0.9957102632321526,-1.1803185369091418,1.0,0,0,2,-1.0741437489885417,0.0671177764597065,-1.4473708072818852,1.2052204116336354,34,55
-0.36821205212873787,0.6430315058229292,-1.009687425114117,-1.6183975786500713,3.0,0,0,2,-0.652825903886103,-0.6795456917635454,1.2544169581214126,-0.8359051728251414,34,46
0.7758969183563824,1.0025118691341282,-0.29685216913393625,-0.273661279635193,2.0,0,0,2,0.08811237543197892,-0.6795456917635454,0.2659580195592306,-0.8359051728251414,34,56
0.7758969183563824,-0.4354095841106673,-1.0236645869960812,0.11728267533614276,1.0,0,0,2,-0.6673541054413594,-0.6795456917635454,-0.06352829329483015,1.1991062061884268,1,44
-1.5123210226138581,-1.5138506740442639,-1.2892306627534036,-0.01580462848388642,1.0,0,0,2,-0.943389934991233,-0.6795456917635454,0.16711212570301237,-0.8359051728251414,20,66
-1.5123210226138581,-1.5138506740442639,-1.5827510622746543,-0.20989027988809564,1.0,0,0,3,-1.2484821676516198,-0.6795456917635454,-0.5577577625759212,1.1848397268162736,35,61
-0.36821205212873787,-0.07592922079946847,-0.1151490646684,0.2753238486224274,1.0,0,0,3,-0.739995113217642,1.0626690674240424,-0.5907063938613273,-0.8359051728251414,1,1
0.7758969183563824,-0.4354095841106673,-0.15708055031429297,0.23872484007191938,1.0,0,0,3,-0.8416925241044375,1.162224196520476,0.33185528213004273,-0.8359051728251414,18,19
-0.36821205212873787,0.2835511425117304,-0.3667379785437579,0.17301298381077998,1.0,0,0,3,-0.6818823069966159,0.5151158573936577,0.2330093882738245,-0.8359051728251414,18,19
0.7758969183563824,0.6430315058229292,-0.017308931494649706,0.3438083570464841,2.0,0,0,2,0.37867640653710904,-0.6795456917635454,0.924930645267352,1.2082775143562396,1,44
-1.5123210226138581,-1.5138506740442639,-1.4988880909828683,-1.2915018886421246,1.0,0,0,3,-1.1613129583200807,-0.6795456917635454,-2.271086589417037,-0.8359051728251414,34,49
3.064114859326623,2.0809529590677247,1.4922245517574977,0.31719089628247826,1.0,0,0,2,-0.23150805878366423,3.0537716493527145,0.29890665084463663,1.2164297882831843,34,59
1.9200058888415028,3.1593940490013215,2.778123444898216,2.495663700686581,2.0,0,0,2,1.8024401589522467,1.8591101001955113,0.6613415949841034,1.211334617078844,3,3
-0.36821205212873787,0.6430315058229292,0.9331380764789245,-0.013031976320969148,2.0,0,0,2,1.3665941122945515,-0.6795456917635454,0.6283929636986973,-0.8359051728251414,31,36
-0.36821205212873787,-1.5138506740442639,1.0868868571805321,3.255924923758498,2.0,0,3,3,1.526404329402373,-0.6795456917635454,-0.6566036564321395,1.1848397268162736,6,67
-1.5123210226138581,-1.5138506740442639,-1.3730936340451894,-0.7644207124715506,1.0,0,2,2,-1.175841159875337,-0.43065786902246145,-1.4473708072818852,1.2052204116336354,34,46
0.7758969183563824,0.6430315058229292,1.1148411809444607,0.8384495029109259,2.0,0,2,2,1.555460732512886,-0.6795456917635454,0.8590333826965398,-0.8359051728251414,32,41
0.7758969183563824,1.0025118691341282,2.2050598077376784,0.594178847357914,2.0,0,0,2,2.6886604538228935,-0.6795456917635454,1.452108745833849,-0.8359051728251414,31,36
-1.5123210226138581,-1.5138506740442639,-1.5408195766287613,-0.343809379357,1.0,0,0,3,-1.2048975629858503,-0.6795456917635454,-0.5248091312905151,1.1807635898528013,35,61
0.7758969183563824,-0.4354095841106673,0.10848552544302924,-1.0139594071341054,1.5,0,0,2,0.5094302205344176,-0.6795456917635454,-2.238137958131631,-0.8359051728251414,34,57
0.7758969183563824,0.6430315058229292,0.7095034863674953,-0.9030533206174143,2.0,0,0,2,1.1341428874104473,-0.6795456917635454,1.2873655894068188,-0.8359051728251414,21,23
0.7758969183563824,-0.07592922079946847,-0.35276081666179354,-0.6257881043256869,1.0,0,0,2,-0.9869745396570025,1.0626690674240424,-0.6566036564321395,1.2072584801153714,34,53
0.7758969183563824,-1.5138506740442639,2.0652881889180352,-0.6257881043256869,2.0,0,0,4,0.7709378485290347,2.3568857456776793,-1.9745489078483822,-0.8359051728251414,34,63
-1.5123210226138581,-0.07592922079946847,-0.7371327684158125,-1.7146086087033006,2.0,0,0,2,-0.7545233147728985,-0.01999296149967289,1.2214683268360067,-0.8359051728251414,34,58
0.7758969183563824,0.6430315058229292,0.010645392269278948,-0.9629426073364274,2.0,0,0,2,0.40773280964762204,-0.6795456917635454,1.0896738016943823,-0.8359051728251414,31,35
0.7758969183563824,1.0025118691341282,0.4998460581380304,-0.3152510620789521,2.0,0,0,3,0.7418814454185217,-0.38088030447424465,-1.4473708072818852,1.1950300692249545,34,53
-1.5123210226138581,-1.5138506740442639,-1.694568357330369,-0.15831894965783433,1.0,0,0,2,-1.3647077800936718,-0.6795456917635454,-0.920192706715388,1.201144274670163,34,55
-0.36821205212873787,0.6430315058229292,0.26223430614463683,0.6873399600319344,2.0,0,0,2,0.6692404376422392,-0.6795456917635454,0.5954443324132913,1.202163308911031,5,9
-0.36821205212873787,-0.07592922079946847,-0.04526325525857836,0.206562074982079,1.0,0,0,2,0.34962000342659605,-0.6795456917635454,0.6942902262695095,-0.8359051728251414,14,13
-0.36821205212873787,-1.5138506740442639,-0.7860528350026877,0.06737493640363182,1.0,0,0,2,-0.4203746790019988,-0.6795456917635454,-0.3271173435780787,1.214391719801448,7,10
0.7758969183563824,1.0025118691341282,1.2126813141182111,3.3025054800955083,2.0,0,0,2,1.6571581433996816,-0.6795456917635454,0.7272388575549156,-0.8359051728251414,32,42
-0.36821205212873787,1.7214725957565258,0.1364398492069579,1.0572117585650989,2.0,0,0,3,0.5384866236449306,-0.6795456917635454,0.33185528213004273,-0.8359051728251414,30,30
1.9200058888415028,1.7214725957565258,2.414717235967143,1.3136820836349468,2.0,0,2,2,2.906583477151741,-0.6795456917635454,1.1885196955506006,-0.8359051728251414,37,37
-0.36821205212873787,-0.4354095841106673,-0.9118472919403666,0.07402930159463328,1.5,0,0,3,-0.5511284929993073,-0.6795456917635454,0.5954443324132913,-0.8359051728251414,18,19
-1.5123210226138581,-0.07592922079946847,-0.5344639211273298,-1.3466776666841782,1.5,0,0,3,-0.1588670510073817,-0.6795456917635454,-2.304035220702443,1.1726113159258567,34,46
1.9200058888415028,1.0025118691341282,0.15041701108892222,0.06404775380813109,1.0,0,0,3,-0.6673541054413594,1.41111201926156,-0.030579662009424073,-0.8359051728251414,19,22
-0.36821205212873787,-1.5138506740442639,-1.3032078246353678,0.5248625432849822,1.0,0,0,2,-0.9579181365464896,-0.6795456917635454,-0.030579662009424073,1.212353651319712,31,36
0.7758969183563824,1.7214725957565258,2.107219674563928,0.11201463622659993,2.0,0,0,2,2.586963042936098,-0.6795456917635454,1.1885196955506006,-0.8359051728251414,16,17
-1.5123210226138581,-1.5138506740442639,-1.1075275582878672,-0.5148820178089959,1.0,0,0,4,-0.7545233147728985,-0.6795456917635454,-2.0404461704191945,-0.8359051728251414,34,52
1.9200058888415028,1.7214725957565258,1.8136992750426773,-0.9515747334684667,2.0,0,0,2,1.1922556936314734,1.1871129787945844,1.452108745833849,-0.8359051728251414,34,55
0.7758969183563824,-0.07592922079946847,-0.841961482530545,-0.36904051403954724,1.0,0,0,3,-0.47848748522302487,-0.6795456917635454,-0.920192706715388,1.1838206925754056,31,33
-0.36821205212873787,-1.5138506740442639,-1.0236645869960812,0.5073948346586034,1.0,0,0,4,-0.6673541054413594,-0.6795456917635454,-0.030579662009424073,-0.8359051728251414,24,33
0.7758969183563824,0.2835511425117304,-0.0033317696126853795,-0.01386377196984433,1.0,0,0,3,-0.43490288055725534,0.7391148978606332,0.5954443324132913,-0.8359051728251414,18,18
0.7758969183563824,-0.07592922079946847,-0.5763954067732228,0.2012940358725362,1.0,0,0,4,-0.2024516556731512,-0.6795456917635454,-0.09647692458023621,-0.8359051728251414,15,22
3.064114859326623,-0.07592922079946847,0.3041657917905298,-0.7630343863900919,1.0,0,0,2,-0.5656566945545639,1.5106671483579936,-0.5907063938613273,1.2103155828379757,34,57
-0.36821205212873787,-0.4354095841106673,-1.0376417488780456,0.0063765888194517745,1.0,0,0,3,-0.6818823069966159,-0.6795456917635454,-0.06352829329483015,-0.8359051728251414,1,44
0.7758969183563824,-0.7948899474218662,-0.9957102632321526,0.9213518025821524,1.0,0,0,2,-0.6382977023308464,-0.6795456917635454,-0.16237418715104837,1.1950300692249545,3,7
-0.36821205212873787,0.6430315058229292,0.37405160120035147,-1.0805030590441198,2.0,0,0,2,0.7854660500842913,-0.6795456917635454,1.2873655894068188,-0.8359051728251414,34,56
0.7758969183563824,-0.4354095841106673,0.10848552544302924,0.37929830473182524,1.0,0,0,3,-0.46395928366776834,0.9880027206017172,-0.4259632374342969,1.203182343151899,35,61
0.7758969183563824,0.2835511425117304,0.8352979433051743,0.5387258040995685,1.0,0,0,4,-0.1298106478968687,1.7097774065508609,0.20006075698841844,-0.8359051728251414,3,5
-1.5123210226138581,-1.5138506740442639,-1.3730936340451894,0.1932533446000761,1.0,0,0,3,-1.0305591443227722,-0.6795456917635454,-0.953141338000794,1.2001252404292948,34,50
0.7758969183563824,0.6430315058229292,2.7222147973703583,2.0220947112603103,2.0,0,0,2,3.226203911367384,-0.6795456917635454,0.5624957011278853,1.202163308911031,32,41
0.7758969183563824,1.0025118691341282,0.2901886299085655,1.5923336260081329,1.0,0,0,2,-0.49301568677828134,1.3613344547133432,-0.06352829329483015,1.1991062061884268,17,16
-1.5123210226138581,0.6430315058229292,-0.2688978453700076,-1.3189511450550055,2.0,0,2,2,-0.652825903886103,0.6395597687641996,0.7931361201257278,-0.8359051728251414,34,52
-1.5123210226138581,-0.7948899474218662,-1.2053676914616176,-1.6793959262342513,2.0,0,0,2,-0.856220725659694,-0.6795456917635454,0.9578792765527581,-0.8359051728251414,34,46
-0.36821205212873787,0.2835511425117304,0.5837090294298164,0.8853073244642279,1.0,0,0,2,-0.3913182758914858,1.7097774065508609,0.2330093882738245,1.2062394458745034,17,16
0.7758969183563824,1.361992232445327,0.42996024872820876,0.3457492135605262,2.0,0,0,2,0.8435788563053173,-0.6795456917635454,0.7272388575549156,-0.8359051728251414,35,66
0.7758969183563824,0.6430315058229292,0.8772294289510673,0.42227441325704296,2.0,0,0,2,1.3084813060735254,-0.6795456917635454,0.7272388575549156,-0.8359051728251414,16,17
-1.5123210226138581,-1.5138506740442639,-1.3730936340451894,-0.5381722959775009,1.0,0,2,2,-1.0305591443227722,-0.6795456917635454,-0.7225009190029515,1.1960491034658225,34,60
-0.36821205212873787,-1.5138506740442639,-0.2269663597241146,-0.4261571485956431,1.5,0,0,3,-0.7545233147728985,0.8884475915052836,-1.4473708072818852,1.1950300692249545,34,60
-0.36821205212873787,-0.07592922079946847,-0.5344639211273298,0.34713553964198485,1.0,0,0,2,-0.739995113217642,0.31600559920079047,-0.3600659748634848,1.1909539322614822,34,48
0.7758969183563824,-0.07592922079946847,-0.3807151404257222,-0.6812411475840323,1.5,0,0,2,0.0009431661004398731,-0.6795456917635454,-1.5791653324235095,1.2103155828379757,34,46
-0.36821205212873787,-1.5138506740442639,-1.2892306627534036,0.2570243443471734,1.0,0,0,3,-0.943389934991233,-0.6795456917635454,-0.7554495502883577,1.189934898020614,35,66
-0.36821205212873787,-0.4354095841106673,0.06655403979713626,-0.27920658396102754,1.0,0,1,4,-0.827164322549181,1.535555930632102,-1.9745489078483822,-0.8359051728251414,34,62
3.064114859326623,0.2835511425117304,2.2609684552655356,1.2540700621322254,1.0,0,0,3,1.8896093682837858,0.78889246240885,-0.7225009190029515,-0.8359051728251414,34,59
0.7758969183563824,-0.07592922079946847,-0.2269663597241146,-0.34852288803395937,2.0,0,0,4,0.16075338320826144,-0.6795456917635454,-1.9416002765629763,1.1828016583345373,34,73
-0.36821205212873787,-0.4354095841106673,-0.5484410830092942,0.9823501501663324,1.0,0,0,4,-1.2920667723173893,1.2368905433428012,-0.7554495502883577,-0.8359051728251414,22,24
-0.36821205212873787,0.6430315058229292,-0.33878365477982925,-0.6188564739183937,2.0,0,0,2,0.044527770766209396,-0.6795456917635454,1.0896738016943823,-0.8359051728251414,14,13
-1.5123210226138581,0.6430315058229292,-0.21298919784215029,-1.4390069837093236,2.0,0,0,4,0.17528158476351796,-0.6795456917635454,0.13416349441760628,-0.8359051728251414,3,3
-0.36821205212873787,-0.7948899474218662,0.37405160120035147,-0.6257881043256869,1.5,0,0,2,0.7854660500842913,-0.6795456917635454,-1.2496790195694487,-0.8359051728251414,34,73
0.7758969183563824,0.6430315058229292,0.8073436195412456,-0.7524983081710063,2.0,0,0,2,1.235840298297243,-0.6795456917635454,1.0567251704089764,-0.8359051728251414,32,42
-1.5123210226138581,-0.07592922079946847,-0.8699158062944736,-1.2244037062995266,2.0,0,0,2,-0.5075438883335378,-0.6795456917635454,1.1226224329797885,1.2052204116336354,21,23
-1.5123210226138581,-0.7948899474218662,-1.2892306627534036,0.12809601877152013,2.0,0,0,2,-0.943389934991233,-0.6795456917635454,0.36480391341544877,1.2154107540423162,31,33
-0.36821205212873787,-0.4354095841106673,0.37405160120035147,0.12449157095972768,2.0,0,2,2,0.7854660500842913,-0.6795456917635454,-2.0404461704191945,1.189934898020614,10,72
-0.36821205212873787,-0.7948899474218662,-0.29685216913393625,-0.03826311100351635,1.5,0,0,3,0.08811237543197892,-0.6795456917635454,-0.5907063938613273,-0.8359051728251414,35,66
-0.36821205212873787,-1.5138506740442639,-1.2472991771075106,2.697512778146959,1.0,0,0,3,-0.8998053303254635,-0.6795456917635454,-0.06352829329483015,-0.8359051728251414,31,36
-0.36821205212873787,0.2835511425117304,-0.35276081666179354,0.5082266303074785,1.0,0,0,3,-0.7690515163281549,0.6893373333124164,-0.3600659748634848,-0.8359051728251414,3,7
1.9200058888415028,-0.4354095841106673,0.737457810131424,-0.11395651505115795,1.5,0,0,4,-0.46395928366776834,2.1079979229365953,-1.9416002765629763,1.1858587610571416,34,50
-0.36821205212873787,-1.5138506740442639,-0.9537787775862596,-0.7311488865165433,1.5,0,0,3,-0.739995113217642,-0.43065786902246145,-2.304035220702443,1.1726113159258567,34,46
-0.36821205212873787,-1.5138506740442639,-1.3730936340451894,0.10064676235863912,1.0,0,0,2,-1.0305591443227722,-0.6795456917635454,-0.5248091312905151,1.2072584801153714,34,48
0.7758969183563824,1.7214725957565258,2.1211968364458924,-0.29750608823628155,2.0,0,0,2,2.6014912444913545,-0.6795456917635454,1.452108745833849,-0.8359051728251414,32,41
-0.36821205212873787,0.6430315058229292,-0.5065095973634012,-1.6147931308382788,3.0,0,0,2,-0.1298106478968687,-0.6795456917635454,1.320314220692225,-0.8359051728251414,34,46
-0.36821205212873787,0.2835511425117304,0.08053120167910058,0.023012501796955423,2.0,0,0,2,0.4803738174239046,-0.6795456917635454,0.463649807271667,-0.8359051728251414,41,40
-0.36821205212873787,-0.07592922079946847,-0.24094352160607893,-0.22985337546110002,1.0,0,0,3,-0.9869745396570025,1.2617793256169096,-0.920192706715388,1.1838206925754056,34,73
-1.5123210226138581,-1.5138506740442639,-1.6666140335664403,-0.29861514910144843,1.0,0,0,2,-1.3356513769831588,-0.6795456917635454,-0.7225009190029515,1.1960491034658225,34,56
-0.36821205212873787,-0.07592922079946847,0.4579145724921374,1.122369084393655,1.0,0,0,2,-0.7690515163281549,2.1328867052107037,0.5295470698424791,-0.8359051728251414,31,32
-0.36821205212873787,-1.5138506740442639,-1.1354818820517958,-1.374404188313351,1.0,0,0,3,-1.2194257645411066,0.0671177764597065,-1.9086516452775701,1.1909539322614822,34,55
1.9200058888415028,1.0025118691341282,1.380407256701783,1.281796583761398,1.0,0,0,4,0.0009431661004398731,2.456440874774113,-0.06352829329483015,-0.8359051728251414,16,15
1.9200058888415028,-0.4354095841106673,-0.39469230230768654,-1.1803185369091418,1.5,0,0,2,-0.013585035454816633,-0.6795456917635454,-2.238137958131631,-0.8359051728251414,34,63
-0.36821205212873787,0.6430315058229292,-0.4645781117175082,-1.021445567973982,2.0,0,0,2,-0.08622604323109917,-0.6795456917635454,1.4191601145484432,1.1236976723641885,31,33
0.7758969183563824,1.0025118691341282,2.4846030453769647,0.2015713010888279,2.0,0,0,2,2.9792244849280234,-0.6795456917635454,0.9578792765527581,-0.8359051728251414,37,37
-1.5123210226138581,-0.07592922079946847,-0.35276081666179354,-0.6396513651402732,1.0,0,0,2,0.029999569210952887,-0.6795456917635454,1.1885196955506006,-0.8359051728251414,30,31
-1.5123210226138581,-0.7948899474218662,-0.63230405430108,2.3245910622345853,1.0,0,0,3,-0.26056446189417726,-0.6795456917635454,-0.9860899692862002,1.203182343151899,34,64
0.7758969183563824,0.6430315058229292,-0.14310338843232864,0.37264393954082375,2.0,0,0,2,0.24792259253980048,-0.6795456917635454,1.0896738016943823,-0.8359051728251414,21,23
-1.5123210226138581,-1.5138506740442639,-1.4010479578091182,0.10147855800751429,1.0,0,0,1,-1.0596155474332851,-0.6795456917635454,-0.920192706715388,-0.8359051728251414,6,67
0.7758969183563824,0.2835511425117304,0.010645392269278948,-0.29140625347786353,2.0,0,0,2,0.40773280964762204,-0.6795456917635454,0.6613415949841034,1.211334617078844,14,13
-0.36821205212873787,0.6430315058229292,-0.4925324354814368,-0.3305006489749971,2.0,0,0,2,-0.11528244634161218,-0.6795456917635454,0.4965984385570731,-0.8359051728251414,16,17
-1.5123210226138581,-1.5138506740442639,-1.2612763389894748,-0.41783919210689124,1.0,0,0,4,-0.9143335318807201,-0.6795456917635454,-1.381473544711073,1.1715922816849884,34,54
-0.36821205212873787,0.6430315058229292,-0.674235539946973,-1.7201539130291352,2.0,0,0,2,-1.0450873458780285,0.5897822042159828,1.2544169581214126,-0.8359051728251414,34,49
-1.5123210226138581,-1.5138506740442639,-1.4150251196910824,-0.9640516682015944,1.0,0,0,2,-1.0741437489885417,-0.6795456917635454,-1.9745489078483822,1.2082775143562396,34,46
-0.36821205212873787,-0.4354095841106673,-0.841961482530545,0.06737493640363182,1.0,0,0,2,-0.47848748522302487,-0.6795456917635454,-0.29416871229267266,1.2062394458745034,3,3
0.7758969183563824,-0.4354095841106673,0.10848552544302924,-0.26534332314644116,1.0,0,2,4,-0.07169784167584266,0.31600559920079047,-1.0849358631424184,-0.8359051728251414,34,73
0.7758969183563824,0.6430315058229292,0.569731867547852,0.3579488830773622,2.0,0,0,2,0.9888608718578823,-0.6795456917635454,0.7601874888403216,-0.8359051728251414,18,19
1.9200058888415028,2.0809529590677247,2.1771054839737496,0.6718131079195977,2.0,0,4,2,1.1631992905209605,1.8839988824696197,0.33185528213004273,-0.8359051728251414,35,69
-0.36821205212873787,0.2835511425117304,-0.6309063381128837,-1.2302262758416527,2.0,0,0,2,-0.2591116417386516,-0.6795456917635454,1.386211483263037,1.1124882957146396,1,1
-1.5123210226138581,-1.5138506740442639,-1.4988880909828683,-0.937988737870172,1.0,0,0,3,-1.1613129583200807,-0.6795456917635454,-1.2826276508548549,-0.8359051728251414,31,34
-0.36821205212873787,0.2835511425117304,-0.5624182448912585,-1.6669189915011235,2.0,0,0,2,-0.885277128770207,0.5151158573936577,1.452108745833849,-0.8359051728251414,34,58
-1.5123210226138581,-1.5138506740442639,-1.610705386038583,-1.0486175591705713,1.0,0,0,3,-1.2775385707621327,-0.6795456917635454,-1.3155762821402608,-0.8359051728251414,26,26
-0.36821205212873787,-1.5138506740442639,-0.3108293310159006,-0.1943634277757589,1.5,0,0,3,-0.6673541054413594,0.5897822042159828,-1.4473708072818852,1.1950300692249545,34,61
-0.36821205212873787,-0.4354095841106673,-1.1774133676976888,-0.01580462848388642,1.0,0,0,2,-0.827164322549181,-0.6795456917635454,-0.06352829329483015,1.1991062061884268,19,22
1.9200058888415028,0.6430315058229292,0.8492751051871386,-0.9496338769544246,2.0,0,0,4,0.14622518165300494,1.2617793256169096,-1.348524913425667,-0.8359051728251414,34,55
-0.36821205212873787,-0.7948899474218662,-0.7441213493567947,-1.7287491347341788,3.0,0,0,2,-0.3767900743362293,-0.6795456917635454,1.2214683268360067,-0.8359051728251414,34,53
-0.36821205212873787,-0.4354095841106673,-0.29685216913393625,-0.6257881043256869,1.0,0,0,2,0.08811237543197892,-0.6795456917635454,-0.5248091312905151,1.2164297882831843,34,58
0.7758969183563824,0.6430315058229292,1.2546127997641041,-0.6257881043256869,2.0,0,0,2,1.7007427480654511,-0.6795456917635454,0.8260847514111338,-0.8359051728251414,34,47
-0.36821205212873787,0.6430315058229292,0.4439374106101731,-0.43392057465181144,2.0,0,0,2,0.8581070578605737,-0.6795456917635454,0.9908279078381641,-0.8359051728251414,34,64
0.7758969183563824,1.0025118691341282,0.9471152383608888,-0.858690886010738,3.0,0,0,4,0.3641482049818525,1.0626690674240424,-1.9745489078483822,-0.8359051728251414,34,46
0.7758969183563824,1.0025118691341282,0.12246268732499356,0.9601689328629942,1.0,0,0,3,-0.3477336712257163,0.8137812446829584,0.20006075698841844,1.1940110349840865,30,30
0.7758969183563824,0.6430315058229292,-0.12912622655036432,-1.579025917936646,2.0,0,0,2,-0.3767900743362293,0.41556072829722407,1.1226224329797885,1.2052204116336354,34,48
-0.36821205212873787,0.2835511425117304,-0.8978701300584023,-1.3189511450550055,2.0,0,0,3,-0.5366002914440509,-0.6795456917635454,0.5624957011278853,-0.8359051728251414,34,52
0.7758969183563824,0.6430315058229292,0.05257687791517193,-0.1821637582589229,2.0,0,0,2,0.45131741431339156,-0.6795456917635454,0.5624957011278853,1.202163308911031,18,18
0.7758969183563824,-0.4354095841106673,-0.29685216913393625,-0.0781893021495251,1.0,0,0,2,-0.3477336712257163,0.0671177764597065,0.16711212570301237,-0.8359051728251414,30,30
-0.36821205212873787,-1.5138506740442639,-0.758098511238759,0.656286255807261,1.5,0,0,3,-0.3913182758914858,-0.6795456917635454,-0.5248091312905151,1.1807635898528013,35,66
-0.36821205212873787,0.6430315058229292,0.779389295777317,-0.8079513514293518,2.0,0,0,2,1.20678389518673,-0.6795456917635454,1.0896738016943823,-0.8359051728251414,16,17
0.7758969183563824,0.2835511425117304,2.191082645855714,1.8349406902633945,1.0,0,4,3,0.24792259253980048,3.476880948012557,-1.0519872318570123,-0.8359051728251414,34,64
0.7758969183563824,2.4404333223789236,3.2533469488850026,0.705084933874605,2.0,0,0,2,3.778275570467131,-0.6795456917635454,1.2544169581214126,-0.8359051728251414,19,21
0.7758969183563824,0.6430315058229292,0.5138232200199947,-0.2243080711352655,2.0,0,0,2,0.9307480656368563,-0.6795456917635454,1.0237765391235703,-0.8359051728251414,18,18
0.7758969183563824,0.6430315058229292,2.5447048414694113,-0.014695567618719513,2.0,0,0,2,2.4358697467614303,0.35831652906677475,1.2544169581214126,-0.8359051728251414,14,13
-1.5123210226138581,0.2835511425117304,0.8632522670691029,-0.44196126592427154,1.0,0,0,2,0.08811237543197892,1.3862232369874516,1.3532628519776309,-0.8359051728251414,31,33
0.7758969183563824,-0.4354095841106673,-0.2688978453700076,0.5786519952455773,1.0,0,0,2,-0.6964105085518725,0.7142261155865248,0.2659580195592306,-0.8359051728251414,14,13
0.7758969183563824,0.6430315058229292,1.2685899616460683,-0.7644207124715506,2.0,0,0,2,1.7152709496207077,-0.6795456917635454,1.386211483263037,1.1124882957146396,17,16
0.7758969183563824,0.6430315058229292,1.5201788755214263,0.2897416398695972,2.0,0,0,3,1.9767785776153248,-0.6795456917635454,0.7931361201257278,-0.8359051728251414,9,25
1.9200058888415028,0.6430315058229292,0.3181429536724941,0.13308679266477122,2.0,0,0,2,0.7273532438632652,-0.6795456917635454,0.924930645267352,1.2082775143562396,37,37
-0.36821205212873787,-0.4354095841106673,-0.9118472919403666,0.9590598719978274,1.0,0,0,3,-0.5511284929993073,-0.6795456917635454,-0.030579662009424073,-0.8359051728251414,31,36
0.7758969183563824,1.361992232445327,1.6739276562230339,-0.43170245292147763,1.5,0,0,2,0.13169698009774844,2.7551062620634137,-0.5577577625759212,-0.8359051728251414,34,53
0.7758969183563824,1.0025118691341282,0.4439374106101731,-1.0602626982548238,1.5,0,0,2,-0.23150805878366423,1.1871129787945844,-1.414422175996479,1.2154107540423162,34,52
0.7758969183563824,0.2835511425117304,0.4579145724921374,-0.01580462848388642,2.0,0,0,3,0.8726352594158303,-0.6795456917635454,0.463649807271667,-0.8359051728251414,18,19
-0.36821205212873787,-1.5138506740442639,-1.1774133676976888,-0.22791251894705794,1.0,0,0,3,-0.827164322549181,-0.6795456917635454,-0.49186050000510906,1.211334617078844,34,48
0.7758969183563824,0.6430315058229292,1.4502930661116047,-0.7921472341007233,2.0,0,0,2,1.9041375698390421,-0.6795456917635454,1.452108745833849,-0.8359051728251414,30,30
-0.36821205212873787,-0.07592922079946847,-0.4086694641896509,-0.5481538437640031,1.5,0,0,4,-0.02811323701007314,-0.6795456917635454,-1.9745489078483822,-0.8359051728251414,1,1
-0.36821205212873787,-0.4354095841106673,-0.841961482530545,0.5387258040995685,1.0,0,0,3,-0.47848748522302487,-0.6795456917635454,0.10121486313220021,-0.8359051728251414,1,44
-1.5123210226138581,-0.07592922079946847,-0.800029996884652,-0.7122948518087058,1.0,0,0,2,-1.2775385707621327,0.7640036801347416,-0.8542954441445759,-0.8359051728251414,34,53
0.7758969183563824,2.0809529590677247,2.750169121134287,0.314418244119561,2.0,0,0,2,3.255260314477897,-0.6795456917635454,1.1885196955506006,-0.8359051728251414,19,21
0.7758969183563824,0.2835511425117304,0.12246268732499356,0.323567996257188,1.0,0,0,3,-0.4058464774467423,0.913336373779392,0.29890665084463663,-0.8359051728251414,19,22
0.7758969183563824,0.6430315058229292,-0.03128609337661403,-0.6257881043256869,2.0,0,0,2,0.3641482049818525,-0.6795456917635454,1.1555710642651946,-0.8359051728251414,21,23
-2.6564299930989783,-1.5138506740442639,-1.56877390039269,-1.3325371406533002,1.0,0,0,4,-1.2339539660963632,-0.6795456917635454,-0.953141338000794,-0.8359051728251414,34,60
-0.36821205212873787,-0.07592922079946847,-0.3108293310159006,-0.008872998076593235,2.0,0,0,3,0.0735841738767224,-0.6795456917635454,0.5954443324132913,-0.8359051728251414,14,13
0.7758969183563824,-1.5138506740442639,-0.6882127018289375,-0.04353115011305917,1.5,0,0,2,-0.31867726811520325,-0.6795456917635454,-2.106343432990007,1.2164297882831843,34,49
-0.36821205212873787,0.2835511425117304,-0.6812241208879553,-1.604257052619193,2.0,0,0,2,-0.5220720898887944,-0.31865834878897364,1.0896738016943823,-0.8359051728251414,16,15
0.7758969183563824,-0.07592922079946847,0.22030282049874386,-0.1738458017701711,1.0,0,0,2,-0.856220725659694,1.8591101001955113,0.13416349441760628,-0.8359051728251414,34,70
-2.6564299930989783,-1.5138506740442639,-1.6805911954484047,-1.4736651357457895,1.0,0,0,2,-1.3501795785384152,-0.6795456917635454,1.2544169581214126,-0.8359051728251414,34,63
-1.5123210226138581,-0.4354095841106673,-0.841961482530545,-0.34852288803395937,1.0,0,0,3,-1.0160309427675156,0.2413392523784653,-1.842754382706758,1.1461164256632863,34,73
0.7758969183563824,0.6430315058229292,1.0729096952985677,0.9862318631944167,1.0,0,0,3,-0.1443388494521252,2.157775487484812,-0.12942555586564228,-0.8359051728251414,18,18
-0.36821205212873787,-1.5138506740442639,-0.4925324354814368,-0.26534332314644116,1.0,0,0,2,-0.6964105085518725,0.31600559920079047,-1.4803194385672913,1.2042013773927673,34,73
4.208223829811743,3.5188744123125204,3.0856210063014307,0.501572265116477,1.0,0,0,2,0.5965994298659566,4.472432238976893,0.2659580195592306,-0.8359051728251414,34,59
-0.36821205212873787,-0.07592922079946847,-0.059240417140542685,-1.568767104933852,2.0,0,0,2,-0.3332054696704598,0.46533829284544087,1.386211483263037,1.1124882957146396,34,62
-0.36821205212873787,2.0809529590677247,-0.39469230230768654,-1.3849402665324366,3.0,0,0,2,-0.013585035454816633,-0.6795456917635454,1.320314220692225,-0.8359051728251414,34,46
-1.5123210226138581,-1.5138506740442639,-1.4010479578091182,-0.6970452649126608,1.0,0,0,3,-1.0596155474332851,-0.6795456917635454,-0.920192706715388,1.1838206925754056,31,33
1.9200058888415028,0.6430315058229292,0.38802876308231576,0.6648814775123045,1.0,0,0,2,-0.28962086500469025,1.1871129787945844,0.20006075698841844,-0.8359051728251414,5,9
-1.5123210226138581,-0.4354095841106673,-0.841961482530545,-0.01580462848388642,1.0,0,0,2,-0.47848748522302487,-0.6795456917635454,0.7601874888403216,-0.8359051728251414,33,71
1.9200058888415028,0.2835511425117304,0.2901886299085655,0.18105367508324008,1.0,0,0,2,-0.856220725659694,1.9835540115660533,-0.26122008100726657,1.2052204116336354,3,6
-0.36821205212873787,0.6430315058229292,0.22030282049874386,0.10619206668447366,1.0,0,0,2,-0.43490288055725534,1.1373354142463676,-0.26122008100726657,1.2164297882831843,35,61
-0.36821205212873787,0.6430315058229292,0.9471152383608888,0.0701475885665491,2.0,0,0,2,1.381122313849808,-0.6795456917635454,0.8590333826965398,-0.8359051728251414,30,30
-0.36821205212873787,1.361992232445327,2.4706258834950003,0.8645124332423483,2.0,0,0,2,2.964696283372767,-0.6795456917635454,0.39775254470085486,-0.8359051728251414,33,71
-0.36821205212873787,-0.07592922079946847,-0.7301441874748303,-0.41506653994397397,1.0,0,0,2,-0.36226187278097277,-0.6795456917635454,0.4965984385570731,-0.8359051728251414,18,18
-0.36821205212873787,-0.4354095841106673,-0.43662378795357953,0.02023984963403815,1.0,0,0,3,-0.827164322549181,0.6395597687641996,0.13416349441760628,-0.8359051728251414,19,22
-0.36821205212873787,-1.5138506740442639,-0.9258244538223309,-0.9030533206174143,1.5,0,2,2,-0.5656566945545639,-0.6795456917635454,-1.381473544711073,1.1552877338310992,34,60
-0.36821205212873787,0.6430315058229292,0.9331380764789245,0.7860463770317894,1.0,0,0,2,1.3665941122945515,-0.6795456917635454,0.463649807271667,-0.8359051728251414,32,41
0.7758969183563824,2.0809529590677247,1.1148411809444607,-1.1672870717434305,2.0,0,0,2,1.0760300811894215,0.1417841232820317,1.1885196955506006,-0.8359051728251414,34,54
-0.36821205212873787,-0.07592922079946847,0.3460972774364228,-0.5037914091573268,1.0,0,0,4,-0.8126361209939245,2.0084427938401617,-2.1722406955608187,-0.8359051728251414,34,46
-0.36821205212873787,-0.4354095841106673,-0.25492068348804325,1.1320733669638652,1.0,0,1,3,-0.5220720898887944,0.44044951057133247,0.5624957011278853,-0.8359051728251414,32,41
-1.5123210226138581,-1.5138506740442639,-1.5547967385107258,0.8353995855317169,1.0,0,0,2,-1.2194257645411066,-0.6795456917635454,-0.5248091312905151,1.2072584801153714,34,68
-0.36821205212873787,-0.07592922079946847,-0.3248064928978649,1.1695041711632486,1.0,0,0,4,-1.001502741212259,1.1373354142463676,-0.8213468128591698,-0.8359051728251414,6,64
-1.5123210226138581,-1.5138506740442639,0.17837133485285087,0.31635910063360306,1.0,0,0,2,-0.5801848961098204,1.3115568901651264,-0.26122008100726657,1.2052204116336354,34,68
0.7758969183563824,0.6430315058229292,0.48586889625606605,-0.01580462848388642,2.0,0,0,2,0.9016916625263433,-0.6795456917635454,0.7931361201257278,-0.8359051728251414,18,18
-0.36821205212873787,-1.5138506740442639,-0.18503487407822164,-0.45610179195514966,1.0,0,0,3,-0.6673541054413594,0.8137812446829584,-0.920192706715388,1.1838206925754056,34,60
1.9200058888415028,0.6430315058229292,2.051311027036071,0.47495480435247117,1.0,0,0,3,0.0590559723214659,3.551547294834882,-0.3600659748634848,-0.8359051728251414,35,61
-0.36821205212873787,0.6430315058229292,0.9471152383608888,-0.23623047543580977,2.0,0,0,2,1.381122313849808,-0.6795456917635454,1.0237765391235703,-0.8359051728251414,37,37
-0.36821205212873787,0.6430315058229292,1.1148411809444607,-0.3951034443709696,2.0,0,0,2,1.555460732512886,-0.6795456917635454,0.924930645267352,1.2082775143562396,3,4
-0.36821205212873787,0.6430315058229292,0.08053120167910058,1.5349397262357454,2.0,0,0,2,0.4803738174239046,-0.6795456917635454,0.7601874888403216,-0.8359051728251414,17,16
-0.36821205212873787,-1.5138506740442639,-1.4290022815730468,-0.7644207124715506,1.0,0,0,2,-1.088671950543798,-0.6795456917635454,-0.7225009190029515,1.1960491034658225,34,55
-0.36821205212873787,0.6430315058229292,-0.35276081666179354,1.0913153801689814,2.0,0,0,2,0.029999569210952887,-0.6795456917635454,0.463649807271667,-0.8359051728251414,31,35
-0.36821205212873787,-0.07592922079946847,-0.5624182448912585,0.46247786961934345,1.0,0,0,2,-0.1879234541178947,-0.6795456917635454,0.2330093882738245,1.2062394458745034,5,9
0.7758969183563824,0.6430315058229292,2.973803711245716,0.686785429599351,1.0,0,4,2,0.7128250423080087,4.0742117225911585,0.2330093882738245,1.2062394458745034,17,16
1.9200058888415028,0.2835511425117304,1.4922245517574977,1.8415950554543958,2.0,0,0,3,1.9477221745048117,-0.6795456917635454,0.16711212570301237,-0.8359051728251414,30,30
-0.36821205212873787,0.2835511425117304,-0.12912622655036432,-0.4172846616743078,2.0,0,0,2,0.262450794095057,-0.6795456917635454,1.0896738016943823,-0.8359051728251414,19,22
-1.5123210226138581,-0.07592922079946847,0.48586889625606605,-0.1225517367562015,1.0,0,0,2,0.9016916625263433,-0.6795456917635454,1.0567251704089764,-0.8359051728251414,30,31
-0.36821205212873787,2.4404333223789236,2.7361919592523227,-0.03244054146139007,1.0,0,2,2,1.0615018796341649,3.0537716493527145,-0.887244075429982,1.2092965485971077,34,70
0.7758969183563824,0.6430315058229292,2.4286943978491076,0.7488928380486979,2.0,0,0,2,2.9211116787069975,-0.6795456917635454,1.1555710642651946,-0.8359051728251414,31,35
-0.36821205212873787,-0.7948899474218662,-0.6043497305371515,0.7655287510262015,1.0,0,0,3,-0.23150805878366423,-0.6795456917635454,-0.4259632374342969,1.203182343151899,31,35
-0.36821205212873787,-0.4354095841106673,-0.39469230230768654,1.4118339702022182,1.0,0,0,2,-0.013585035454816633,-0.6795456917635454,-0.4259632374342969,1.202163308911031,33,71
1.9200058888415028,0.6430315058229292,1.6180190086951767,1.523017321935201,1.0,0,0,2,0.13169698009774844,2.65555113296698,-0.06352829329483015,1.1991062061884268,14,13
0.7758969183563824,-0.07592922079946847,-0.0033317696126853795,-0.1821637582589229,1.0,0,0,3,-0.9143335318807201,1.5604447129062105,-0.09647692458023621,-0.8359051728251414,6,68
-1.5123210226138581,-1.5138506740442639,-1.5967282241566187,0.323567996257188,1.0,0,0,3,-1.2630103692068761,-0.6795456917635454,-0.5577577625759212,1.1848397268162736,35,61
-0.36821205212873787,-0.4354095841106673,-0.5763954067732228,0.37929830473182524,1.0,0,0,2,-0.2024516556731512,-0.6795456917635454,0.20006075698841844,-0.8359051728251414,5,9
-0.36821205212873787,-0.07592922079946847,0.569731867547852,-1.0480630287379877,1.0,0,1,4,-0.710938710107129,2.2324418343071373,0.03531760056138807,-0.8359051728251414,34,56
-0.36821205212873787,0.6430315058229292,-0.4645781117175082,-1.4753287270435398,2.0,0,0,2,-0.08622604323109917,-0.6795456917635454,1.2214683268360067,-0.8359051728251414,34,50
-0.36821205212873787,0.2835511425117304,0.9191609145969603,2.210357793122393,2.0,0,3,2,1.352065910739295,-0.6795456917635454,0.463649807271667,-0.8359051728251414,10,72
0.7758969183563824,0.6430315058229292,0.16439417297088654,-0.2487074101689375,2.0,0,0,2,0.5675430267554437,-0.6795456917635454,0.5954443324132913,1.202163308911031,16,17
0.7758969183563824,0.6430315058229292,0.2482571442626725,1.8280090598561012,2.0,0,0,2,0.6547122360869827,-0.6795456917635454,0.5624957011278853,1.202163308911031,16,15
-0.36821205212873787,2.0809529590677247,-0.15708055031429297,-1.5959390961304412,2.0,0,0,2,-0.3332054696704598,0.29111681692668206,1.452108745833849,-0.8359051728251414,34,63
0.7758969183563824,1.7214725957565258,1.1847269903542825,0.1713493925130296,2.0,0,0,2,1.6281017402891687,-0.6795456917635454,1.1885196955506006,-0.8359051728251414,34,61
-0.36821205212873787,0.2835511425117304,0.12246268732499356,-1.0139594071341054,2.0,0,0,2,0.5239584220896741,-0.6795456917635454,0.924930645267352,1.2082775143562396,19,21
-0.36821205212873787,0.6430315058229292,0.22030282049874386,-0.7089676692132051,2.0,0,0,2,0.6256558329764697,-0.6795456917635454,1.0567251704089764,-0.8359051728251414,9,25
-0.36821205212873787,0.6430315058229292,-0.29685216913393625,0.4153427828497498,1.0,0,0,2,-0.9579181365464896,1.1124466319722592,0.43070117598626095,1.211334617078844,14,13
-1.5123210226138581,-0.07592922079946847,-0.3248064928978649,-1.1329061849232565,1.0,0,0,4,-1.175841159875337,1.4360008015356684,-1.414422175996479,-0.8359051728251414,1,1
-0.36821205212873787,2.0809529590677247,1.31890774442114,-0.6019432957245983,2.0,0,0,2,1.0179172749683953,0.6047154735804479,1.2214683268360067,-0.8359051728251414,41,40
-0.36821205212873787,0.6430315058229292,-0.4226466260716152,0.12282797966197731,1.0,0,0,2,-0.7835797178834115,0.5897822042159828,0.2659580195592306,-0.8359051728251414,18,19
-0.36821205212873787,-0.4354095841106673,-0.10117190278643567,2.3356816708862547,1.0,0,0,3,0.29150719720557,-0.6795456917635454,0.03531760056138807,-0.8359051728251414,14,13
1.9200058888415028,1.361992232445327,-0.07321757902250701,-0.6257881043256869,1.0,0,0,2,-0.8126361209939245,1.2617793256169096,0.891982013981946,-0.8359051728251414,34,48
-0.36821205212873787,0.2835511425117304,1.3105214472919613,0.2531426313190892,2.0,0,0,2,0.8581070578605737,0.8635588092311752,0.8260847514111338,-0.8359051728251414,34,62
-1.5123210226138581,-1.5138506740442639,-1.3451393102812608,-0.4414067354916881,1.0,0,0,3,-1.001502741212259,-0.6795456917635454,-2.0404461704191945,-0.8359051728251414,34,56
0.7758969183563824,0.6430315058229292,1.3664300948198187,0.10369667973784812,2.0,0,2,2,1.816968360507503,-0.6795456917635454,1.1885196955506006,-0.8359051728251414,21,23
-0.36821205212873787,-0.7948899474218662,-1.3311621483992964,0.14778184912823278,1.0,0,0,4,-0.9869745396570025,-0.6795456917635454,-0.030579662009424073,-0.8359051728251414,19,22
-0.36821205212873787,0.6430315058229292,-0.3248064928978649,-0.9030533206174143,2.0,0,0,2,0.0590559723214659,-0.6795456917635454,1.0896738016943823,-0.8359051728251414,37,37
-0.36821205212873787,0.6430315058229292,1.3244986091739257,1.7309662341539966,1.0,0,4,4,-0.2024516556731512,2.705328697515197,-0.6566036564321395,-0.8359051728251414,8,3
-1.5123210226138581,-1.5138506740442639,-1.2193448533435818,-0.01580462848388642,1.0,0,0,3,-0.8707489272149506,-0.6795456917635454,-0.6236550251467333,1.201144274670163,35,66
-0.36821205212873787,0.6430315058229292,1.0729096952985677,0.7588743858352002,1.0,0,3,3,-0.4494310821125118,2.6804399152410885,-0.3600659748634848,-0.8359051728251414,10,72
1.9200058888415028,-0.4354095841106673,-0.12912622655036432,0.886139120113103,1.0,0,2,2,-0.43490288055725534,0.5151158573936577,-0.7225009190029515,1.1960491034658225,6,67
0.7758969183563824,0.2835511425117304,0.4159830868462444,-0.01580462848388642,1.0,0,0,3,-0.5220720898887944,1.6351110597285357,-0.2282714497218605,-0.8359051728251414,35,61
0.7758969183563824,2.0809529590677247,0.7933664576592813,-1.1581373196058036,2.0,0,0,2,0.21886618942928748,1.037780285149934,1.2544169581214126,-0.8359051728251414,30,30
0.7758969183563824,0.2835511425117304,-0.10117190278643567,-0.07125767174223191,1.0,0,0,2,-0.7835797178834115,1.162224196520476,0.29890665084463663,1.2164297882831843,14,13
-0.36821205212873787,-1.5138506740442639,-0.9817331013501883,0.6407594036949242,1.0,0,0,4,-0.6237695007755899,-0.6795456917635454,-0.26122008100726657,-0.8359051728251414,24,33
-0.36821205212873787,0.6430315058229292,-0.9258244538223309,-1.6849412305600857,3.0,0,0,2,-0.5656566945545639,-0.6795456917635454,1.0237765391235703,-0.8359051728251414,34,49
-0.36821205212873787,-1.5138506740442639,-0.9537787775862596,-0.6812411475840323,1.0,0,0,3,-0.5947130976650769,-0.6795456917635454,-0.6236550251467333,1.201144274670163,34,60
-0.36821205212873787,0.6430315058229292,1.0449553715346391,0.13863209699060577,2.0,0,0,2,1.4828197247366035,-0.6795456917635454,0.6613415949841034,1.211334617078844,14,13
0.7758969183563824,1.0025118691341282,0.5278003819019591,-0.6257881043256869,2.0,0,0,2,0.9452762671921128,-0.6795456917635454,1.1885196955506006,-0.8359051728251414,21,23
-1.5123210226138581,-0.4354095841106673,-0.9677559394682239,-1.1803185369091418,1.5,0,0,2,-0.6092412992203334,-0.6795456917635454,-2.106343432990007,1.2164297882831843,34,47
-0.36821205212873787,0.6430315058229292,0.3600744393183871,0.8631261071608897,2.0,0,0,2,0.7709378485290347,-0.6795456917635454,0.5624957011278853,1.202163308911031,32,41
-0.36821205212873787,0.2835511425117304,-0.3038407500749184,-0.1214426758910346,2.0,0,0,2,0.08084827465435065,-0.6795456917635454,0.8260847514111338,-0.8359051728251414,14,2
-0.36821205212873787,-0.4354095841106673,-0.7441213493567947,0.6346595689365062,1.0,0,0,3,-0.3767900743362293,-0.6795456917635454,0.463649807271667,-0.8359051728251414,14,2
-0.36821205212873787,-0.4354095841106673,0.4020059249642801,1.216916523149134,1.0,0,0,2,-0.5656566945545639,1.6848886242767525,-0.6566036564321395,1.2072584801153714,17,16
-0.36821205212873787,0.6430315058229292,0.8073436195412456,-0.2597980188206066,2.0,0,0,2,1.235840298297243,-0.6795456917635454,0.8590333826965398,-0.8359051728251414,32,42
-0.36821205212873787,0.2835511425117304,0.8073436195412456,-0.2545299797110638,1.5,0,2,4,0.21886618942928748,1.0626690674240424,-1.2496790195694487,1.2042013773927673,34,73
-0.36821205212873787,0.2835511425117304,1.5760875230492837,1.3414086052641194,2.0,0,0,2,2.0348913838363507,-0.6795456917635454,0.43070117598626095,1.211334617078844,3,5
-1.5123210226138581,-1.5138506740442639,-1.2892306627534036,-0.934938820490963,1.5,0,0,3,-0.943389934991233,-0.6795456917635454,-2.106343432990007,1.1919729665023502,34,52
-0.36821205212873787,0.6430315058229292,-0.674235539946973,-0.623569982595353,1.0,0,0,2,-1.1903693614305937,0.8386700269570668,1.2214683268360067,-0.8359051728251414,34,48
-0.36821205212873787,-0.4354095841106673,-0.03128609337661403,1.480318478626275,1.0,0,0,2,-0.46395928366776834,0.7391148978606332,0.2330093882738245,1.2062394458745034,41,40
-0.36821205212873787,-0.07592922079946847,-0.8140071587666163,1.925051885558206,1.0,0,0,2,-0.4494310821125118,-0.6795456917635454,0.6283929636986973,-0.8359051728251414,11,11
-0.36821205212873787,-0.07592922079946847,-0.9677559394682239,1.085492810626855,1.0,0,0,2,-0.9579181365464896,-0.08221491718494388,0.463649807271667,-0.8359051728251414,32,41
-0.36821205212873787,0.6430315058229292,-0.21298919784215029,-0.1347514062730375,1.0,0,0,2,-0.6237695007755899,0.6893373333124164,0.6613415949841034,1.211334617078844,34,48
-2.6564299930989783,-1.5138506740442639,-1.6805911954484047,-1.1803185369091418,1.0,0,0,2,-1.3501795785384152,-0.6795456917635454,-1.9416002765629763,1.1807635898528013,34,49
1.9200058888415028,1.0025118691341282,0.7668098500835491,-0.8905763858842866,2.0,0,0,2,1.1937085137869992,-0.6795456917635454,1.452108745833849,-0.8359051728251414,1,0
-0.36821205212873787,0.2835511425117304,-0.15708055031429297,0.019130788768871237,2.0,0,0,2,0.23339439098454398,-0.6795456917635454,0.43070117598626095,1.211334617078844,19,22
0.7758969183563824,2.0809529590677247,2.0093795413901776,-1.0045323897801866,2.0,0,0,2,1.5845171356233991,0.8635588092311752,1.2214683268360067,-0.8359051728251414,16,17
-0.36821205212873787,0.2835511425117304,-0.7301441874748303,-1.6552738524168709,2.0,0,0,2,-0.5366002914440509,-0.38088030447424465,1.1555710642651946,-0.8359051728251414,16,15
-0.36821205212873787,-1.5138506740442639,-1.0655960726419742,1.0378031934246779,1.0,0,0,1,-0.710938710107129,-0.6795456917635454,0.33185528213004273,-0.8359051728251414,11,11
-0.36821205212873787,-0.4354095841106673,-0.45060094983554383,-0.2154355842139302,1.0,0,0,3,-0.07169784167584266,-0.6795456917635454,-0.7554495502883577,1.189934898020614,34,59
-0.36821205212873787,0.2835511425117304,-0.7021898637109018,-1.456751957551994,2.0,0,0,2,-0.9869745396570025,0.44044951057133247,0.8590333826965398,-0.8359051728251414,34,63
-0.36821205212873787,-0.4354095841106673,0.3041657917905298,-0.810724003592269,1.0,0,0,2,-0.6673541054413594,1.6848886242767525,-0.458911868719703,1.203182343151899,34,62
-0.36821205212873787,-1.5138506740442639,-1.2472991771075106,0.24149749223483666,1.0,0,0,2,-0.8998053303254635,-0.6795456917635454,0.43070117598626095,1.211334617078844,11,11
-0.36821205212873787,0.6430315058229292,0.20632565861677954,-0.673477721527864,2.0,0,0,2,0.6111276314212132,-0.6795456917635454,1.0567251704089764,-0.8359051728251414,9,25
-0.36821205212873787,-0.4354095841106673,0.3460972774364228,0.12282797966197731,1.0,0,0,2,-0.26056446189417726,1.0626690674240424,-0.29416871229267266,1.2062394458745034,35,69
-0.36821205212873787,0.6430315058229292,-0.29685216913393625,-1.176991354313641,2.0,0,0,2,0.08811237543197892,-0.6795456917635454,1.3532628519776309,-0.8359051728251414,34,61
-1.5123210226138581,-0.7948899474218662,-0.6183268924191158,-0.8808721033140762,1.0,0,0,2,-1.0596155474332851,0.7142261155865248,-0.458911868719703,1.203182343151899,34,60
-0.36821205212873787,-1.5138506740442639,-1.1634362058157246,-0.7366941908423779,1.0,0,0,2,-0.8126361209939245,-0.6795456917635454,-1.7439084888505398,1.211334617078844,34,54
0.7758969183563824,-0.4354095841106673,-0.39469230230768654,0.15055450129115006,1.0,0,0,2,-0.013585035454816633,-0.6795456917635454,-0.06352829329483015,1.1991062061884268,31,35
0.7758969183563824,0.6430315058229292,1.4922245517574977,0.703144077360563,2.0,0,0,2,1.9477221745048117,-0.6795456917635454,1.0567251704089764,-0.8359051728251414,21,23
0.7758969183563824,0.6430315058229292,-0.1151490646684,-0.6146974956740178,1.0,0,0,2,-0.6237695007755899,0.8635588092311752,-1.3155762821402608,1.2154107540423162,34,60
-0.36821205212873787,-0.7948899474218662,0.5417775437839234,0.06737493640363182,1.0,0,0,2,0.9598044687473694,-0.6795456917635454,0.20006075698841844,-0.8359051728251414,11,11
-0.36821205212873787,0.2835511425117304,-0.4086694641896509,-0.931888903111754,2.0,0,0,2,-0.02811323701007314,-0.6795456917635454,0.7931361201257278,-0.8359051728251414,16,17
0.7758969183563824,-0.4354095841106673,0.5557547056658877,-0.6257881043256869,1.5,0,0,3,-0.21697985722840774,1.3613344547133432,-1.348524913425667,-0.8359051728251414,34,55
-1.5123210226138581,0.2835511425117304,-0.9398016157042953,-1.6683053175825822,3.0,0,0,2,-0.5801848961098204,-0.6795456917635454,1.1226224329797885,1.2052204116336354,34,46
0.7758969183563824,1.361992232445327,0.8772294289510673,-0.4577653832529,2.0,0,0,2,1.3084813060735254,-0.6795456917635454,1.1226224329797885,1.2052204116336354,1,44
-0.36821205212873787,-0.07592922079946847,-0.7301441874748303,0.08567444067888583,1.0,0,0,2,-0.36226187278097277,-0.6795456917635454,0.4965984385570731,-0.8359051728251414,18,18
-0.36821205212873787,0.6430315058229292,-0.33878365477982925,-1.5648853919057677,2.0,0,0,2,-0.739995113217642,0.664448551038308,1.452108745833849,-0.8359051728251414,16,17
0.7758969183563824,0.2835511425117304,1.33847577105589,3.0413216463487007,3.0,1,4,2,1.7879119573969902,-0.6795456917635454,0.463649807271667,-0.8359051728251414,31,33
-0.36821205212873787,-0.4354095841106673,-0.8559386444125093,-0.29168351869415526,1.0,0,0,4,-0.49301568677828134,-0.6795456917635454,-0.7225009190029515,1.1868777952980099,35,61
0.7758969183563824,0.6430315058229292,0.12246268732499356,-0.8060104949153097,2.0,0,0,4,0.10264057698723542,0.042228994185598105,-0.887244075429982,-0.8359051728251414,34,73
-0.36821205212873787,2.0809529590677247,-0.059240417140542685,-1.5379906659254703,2.0,0,0,2,-0.02811323701007314,-0.057326134910835484,0.9578792765527581,-0.8359051728251414,34,46
-0.36821205212873787,1.7214725957565258,0.5278003819019591,-1.1595236456872622,2.0,0,0,2,0.10264057698723542,0.7640036801347416,1.1555710642651946,-0.8359051728251414,34,54
-0.36821205212873787,-0.4354095841106673,0.06655403979713626,-0.5980615826965141,1.0,0,0,2,-0.5656566945545639,1.0875578496981508,-0.16237418715104837,1.1950300692249545,34,46
0.7758969183563824,-0.4354095841106673,-0.16546684744347157,-0.6257881043256869,1.0,0,0,3,-1.039276065255926,1.4857783660838852,-0.6236550251467333,1.201144274670163,34,53
-0.36821205212873787,0.6430315058229292,-1.006891992737724,-1.6866048218578362,3.0,0,0,2,-0.6499202635750516,-0.6795456917635454,1.1226224329797885,1.2052204116336354,34,59
0.7758969183563824,-1.5138506740442639,-0.674235539946973,0.4721821521895539,1.0,0,0,2,-0.3041490665599468,-0.6795456917635454,-0.887244075429982,1.2042013773927673,34,64
1.9200058888415028,2.0809529590677247,2.191082645855714,0.8035140856581683,2.0,0,0,2,1.323009507628782,1.6351110597285357,0.8590333826965398,-0.8359051728251414,3,5
0.7758969183563824,0.6430315058229292,0.569731867547852,-0.45942897455065035,2.0,0,0,2,0.9888608718578823,-0.6795456917635454,-1.6121139637089155,1.2154107540423162,34,64
-0.36821205212873787,-0.4354095841106673,-0.8279843206485806,2.5572165787033447,1.0,0,0,3,-0.46395928366776834,-0.6795456917635454,-0.06352829329483015,-0.8359051728251414,18,25
-1.5123210226138581,-1.5138506740442639,-1.3870707959271538,-0.6146974956740178,1.0,0,0,2,-1.0450873458780285,-0.6795456917635454,-1.4473708072818852,1.2052204116336354,34,60
0.7758969183563824,-1.5138506740442639,-0.7860528350026877,0.34436288747906757,1.0,0,0,2,-0.4203746790019988,-0.6795456917635454,-0.6895522877175455,1.2001252404292948,35,66
0.7758969183563824,0.6430315058229292,1.2685899616460683,1.5551800870250414,1.0,0,0,3,0.17528158476351796,1.9586652292919449,0.2330093882738245,-0.8359051728251414,3,4
-0.36821205212873787,0.2835511425117304,1.3244986091739257,0.6912216730600186,2.0,0,0,2,1.7733837558417336,-0.6795456917635454,0.6283929636986973,-0.8359051728251414,3,5
-0.36821205212873787,0.6430315058229292,0.8492751051871386,-0.3227372229188287,2.0,0,0,2,1.2794249029630125,-0.6795456917635454,0.9578792765527581,-0.8359051728251414,19,22
-0.36821205212873787,0.2835511425117304,-0.4086694641896509,1.9732960331929663,1.0,0,0,3,-0.7545233147728985,0.5648934219418744,-0.2282714497218605,-0.8359051728251414,6,65
-0.36821205212873787,1.361992232445327,2.7641462830162515,3.262302023733208,2.0,0,0,2,3.2697885160331537,-0.6795456917635454,0.4965984385570731,-0.8359051728251414,7,10
0.7758969183563824,-0.4354095841106673,0.010645392269278948,-0.09648880642477911,1.0,0,0,3,-1.001502741212259,1.7346661888249693,-0.953141338000794,1.2001252404292948,34,61
0.7758969183563824,0.6430315058229292,0.1364398492069579,-0.9102622162409992,2.0,0,0,2,0.5384866236449306,-0.6795456917635454,0.7931361201257278,-0.8359051728251414,16,17
-1.5123210226138581,-0.7948899474218662,-1.2892306627534036,-1.4664562401222045,1.5,0,0,4,-0.943389934991233,-0.6795456917635454,-2.106343432990007,-0.8359051728251414,34,49
0.7758969183563824,1.0025118691341282,0.9331380764789245,-0.5176546699719131,1.0,0,0,3,-0.5220720898887944,2.5559960038705465,-0.3271173435780787,1.203182343151899,34,73
0.7758969183563824,0.2835511425117304,0.5557547056658877,0.48160916954347266,2.0,0,0,2,0.9743326703026258,-0.6795456917635454,0.5295470698424791,-0.8359051728251414,30,30
-0.36821205212873787,-1.5138506740442639,-0.3667379785437579,-0.8808721033140762,1.0,0,0,2,-0.710938710107129,0.5648934219418744,-0.09647692458023621,1.21337268556058,34,53
-0.36821205212873787,-0.07592922079946847,0.5837090294298164,-0.43170245292147763,1.5,0,0,3,0.21886618942928748,0.664448551038308,-1.0190386005716063,1.1909539322614822,34,52
0.7758969183563824,-0.07592922079946847,0.26223430614463683,1.1706132320284155,1.0,0,0,3,-0.8707489272149506,1.9586652292919449,-0.9860899692862002,1.203182343151899,34,59
1.9200058888415028,1.361992232445327,0.7654121338953526,0.785491846599206,1.0,0,0,2,-0.5220720898887944,2.2573306165812457,1.1226224329797885,1.2052204116336354,34,70
0.7758969183563824,2.0809529590677247,2.0373338651541064,-0.9088758901595406,2.0,0,0,2,1.381122313849808,1.2617793256169096,1.452108745833849,-0.8359051728251414,34,73
-1.5123210226138581,0.6430315058229292,-0.7720756731207233,-1.747880434658308,3.0,0,0,2,-0.4058464774467423,-0.6795456917635454,1.1885196955506006,-0.8359051728251414,34,46
-0.36821205212873787,-0.4354095841106673,-0.7441213493567947,1.8072141686342216,1.0,0,0,2,-0.3767900743362293,-0.6795456917635454,-0.2282714497218605,1.2103155828379757,17,16
-1.5123210226138581,-0.07592922079946847,1.3943844185837473,1.885402959628489,1.0,0,2,3,0.029999569210952887,2.4315520925000045,0.33185528213004273,-0.8359051728251414,40,39
-0.36821205212873787,0.2835511425117304,0.37405160120035147,2.6794905390879964,2.0,0,0,2,0.7854660500842913,-0.6795456917635454,0.5624957011278853,1.202163308911031,21,23
0.7758969183563824,0.6430315058229292,1.1008640190624965,-0.6984315909941194,2.0,0,0,2,1.5409325309576296,-0.6795456917635454,1.386211483263037,1.1124882957146396,37,37
-0.36821205212873787,-0.4354095841106673,-0.5484410830092942,-1.1803185369091418,1.0,0,2,2,-1.2920667723173893,1.2368905433428012,-1.6450625949943216,1.1807635898528013,34,55
0.7758969183563824,2.4404333223789236,1.0589325334166035,-0.9030533206174143,2.0,0,3,3,0.6692404376422392,0.7391148978606332,-2.0074975391337886,1.1909539322614822,34,57
-0.36821205212873787,-1.5138506740442639,-1.3311621483992964,-1.1553646674428864,1.5,0,0,2,-0.9869745396570025,-0.6795456917635454,-2.2051893268462246,1.2072584801153714,34,56
0.7758969183563824,-0.4354095841106673,-0.33878365477982925,-0.8808721033140762,1.0,0,0,3,-1.1467847567648242,1.3613344547133432,0.463649807271667,-0.8359051728251414,34,63
0.7758969183563824,-0.4354095841106673,-0.3248064928978649,0.15055450129115006,1.0,0,0,4,-0.7835797178834115,0.7640036801347416,0.36480391341544877,-0.8359051728251414,31,36
0.7758969183563824,-1.5138506740442639,-1.1354818820517958,-1.2676570800410358,1.0,0,0,2,-1.1613129583200807,-0.03243735263672709,-1.0190386005716063,1.1705732474441204,31,34
-0.36821205212873787,-0.4354095841106673,0.09450836356106491,0.5986150908185817,1.0,0,0,3,0.4949020189791611,-0.6795456917635454,-0.29416871229267266,1.203182343151899,19,21
-1.5123210226138581,-0.4354095841106673,-0.7301441874748303,-1.733462643411138,1.5,0,0,2,-1.1032001520990546,0.5897822042159828,1.3532628519776309,-0.8359051728251414,16,17
-1.5123210226138581,-1.5138506740442639,-1.4569566053369754,-0.7394668430052951,1.0,0,0,2,-1.1177283536543112,-0.6795456917635454,-1.5462167011381034,1.2001252404292948,34,55
-0.36821205212873787,-0.4354095841106673,-0.5903725686551872,-0.6812411475840323,1.0,0,2,2,-1.1613129583200807,0.9382251560535004,-1.4803194385672913,1.21337268556058,34,60
1.9200058888415028,1.361992232445327,1.380407256701783,1.159799888593038,2.0,0,0,2,1.8314965620627597,-0.6795456917635454,1.0896738016943823,-0.8359051728251414,35,61
-0.36821205212873787,-1.5138506740442639,-1.0795732345239386,0.5331804997737339,1.0,0,0,2,-0.7254669116623854,-0.6795456917635454,-0.06352829329483015,1.1991062061884268,41,43
-1.5123210226138581,-1.5138506740442639,-1.3451393102812608,-0.4871554961798231,1.0,0,0,2,-1.001502741212259,-0.6795456917635454,-0.458911868719703,1.203182343151899,34,56
0.7758969183563824,-0.4354095841106673,0.653594838839638,0.12282797966197731,1.5,0,0,3,-0.23150805878366423,1.5604447129062105,-1.414422175996479,-0.8359051728251414,34,61
0.7758969183563824,0.6430315058229292,-0.2688978453700076,0.06737493640363182,1.0,0,0,3,-0.6382977023308464,0.6146709864900912,0.20006075698841844,1.1940110349840865,30,30
-0.36821205212873787,-0.4354095841106673,-0.2269663597241146,0.446673752290715,1.0,0,0,3,0.16075338320826144,-0.6795456917635454,-0.3600659748634848,-0.8359051728251414,1,1
-0.36821205212873787,-1.5138506740442639,-1.2472991771075106,-0.27920658396102754,1.0,0,0,2,-0.8998053303254635,-0.6795456917635454,-0.920192706715388,1.201144274670163,34,62
-0.36821205212873787,0.6430315058229292,-0.5763954067732228,-1.39991258821219,2.0,0,0,2,-0.8998053303254635,0.5151158573936577,1.2214683268360067,-0.8359051728251414,34,57
-0.36821205212873787,-0.07592922079946847,-0.4226466260716152,0.21099831844274664,1.0,0,0,2,-0.04264143856532965,-0.6795456917635454,1.0896738016943823,-0.8359051728251414,27,27
0.7758969183563824,0.6430315058229292,0.09450836356106491,0.7746785031638286,2.0,0,0,2,0.4949020189791611,-0.6795456917635454,0.891982013981946,-0.8359051728251414,21,23
-0.36821205212873787,-0.7948899474218662,-1.4709337672189398,-0.1821637582589229,1.0,0,0,4,-1.1322565552095676,-0.6795456917635454,-0.8213468128591698,-0.8359051728251414,34,70
-0.36821205212873787,0.2835511425117304,-0.3667379785437579,-0.6812411475840323,1.5,0,3,2,0.015471367655696379,-0.6795456917635454,-2.2051893268462246,1.2072584801153714,34,57
0.7758969183563824,-0.7948899474218662,-0.5344639211273298,0.532071438908567,1.0,0,0,2,-0.9579181365464896,0.6893373333124164,-0.458911868719703,1.203182343151899,3,7
3.064114859326623,1.361992232445327,3.2393697870030382,-0.7921472341007233,2.5,0,0,3,1.9767785776153248,2.3817745279517877,-2.238137958131631,-0.8359051728251414,34,56
-0.36821205212873787,0.6430315058229292,-0.08719474090447134,-0.38345830528671704,2.0,0,0,2,0.3060353987608265,-0.6795456917635454,1.1555710642651946,-0.8359051728251414,18,25
-0.36821205212873787,-1.5138506740442639,-1.1494590439337602,0.37042581781048994,1.0,0,0,2,-0.798107919438668,-0.6795456917635454,0.29890665084463663,1.2164297882831843,35,66
-0.36821205212873787,0.6430315058229292,0.37405160120035147,1.0378031934246779,2.0,0,2,2,0.7854660500842913,-0.6795456917635454,0.2659580195592306,-0.8359051728251414,3,7
0.7758969183563824,0.6430315058229292,0.779389295777317,0.28641445727409653,2.0,0,0,2,1.20678389518673,-0.6795456917635454,0.9578792765527581,-0.8359051728251414,1,44
-1.5123210226138581,0.2835511425117304,-0.8978701300584023,-1.6422423872511598,3.0,0,0,2,-0.5366002914440509,-0.6795456917635454,1.2214683268360067,-0.8359051728251414,34,49
-1.5123210226138581,0.6430315058229292,-1.0795732345239386,-1.6078615004309855,2.0,0,0,2,-0.8998053303254635,-0.38088030447424465,1.386211483263037,1.1124882957146396,34,57
0.7758969183563824,1.0025118691341282,1.6599504943410694,0.10730112754964058,2.0,0,0,2,2.1220605931678898,-0.6795456917635454,1.320314220692225,-0.8359051728251414,37,37
-0.36821205212873787,-1.5138506740442639,-1.2892306627534036,0.08401084938113547,1.0,0,0,2,-0.943389934991233,-0.6795456917635454,-0.3930146061488909,1.2062394458745034,31,35
0.7758969183563824,0.6430315058229292,1.0030238858887461,0.19075795765345055,2.0,0,0,2,1.439235120070834,-0.6795456917635454,1.1885196955506006,-0.8359051728251414,34,59
0.7758969183563824,1.361992232445327,0.06655403979713626,-0.5281907481909988,2.5,0,0,2,0.4658456158686481,-0.6795456917635454,-0.953141338000794,1.2072584801153714,34,62
0.7758969183563824,0.6430315058229292,0.7095034863674953,-0.1680232322280448,2.0,0,0,2,1.1341428874104473,-0.6795456917635454,1.452108745833849,-0.8359051728251414,34,55
0.7758969183563824,0.6430315058229292,1.0309782096526747,1.7207074211512028,2.0,0,0,3,1.4682915231813471,-0.6795456917635454,0.6283929636986973,-0.8359051728251414,16,17
-0.36821205212873787,0.6430315058229292,-0.35276081666179354,1.1243099409076969,1.0,0,0,2,-0.8416925241044375,0.8137812446829584,-0.3600659748634848,1.1909539322614822,34,64
-0.36821205212873787,-1.5138506740442639,-1.0935503964059028,-0.6743095171767391,1.0,0,0,3,-0.739995113217642,-0.6795456917635454,-0.4259632374342969,1.203182343151899,16,15
-0.36821205212873787,0.2835511425117304,0.22030282049874386,0.9637733806747867,1.0,0,0,2,-0.31867726811520325,0.9382251560535004,-0.3930146061488909,1.2062394458745034,34,53
-0.36821205212873787,-0.7948899474218662,-0.800029996884652,0.9618325241607446,1.0,0,0,3,-0.43490288055725534,-0.6795456917635454,-0.12942555586564228,-0.8359051728251414,31,36
-1.5123210226138581,-1.5138506740442639,-1.3870707959271538,0.7158982773099823,1.0,0,0,2,-1.0450873458780285,-0.6795456917635454,-1.9745489078483822,1.2082775143562396,34,62
0.7758969183563824,-1.5138506740442639,-0.758098511238759,-0.8365096687073997,1.0,0,0,2,-0.885277128770207,0.1666729055561401,-1.5132680698526972,1.21337268556058,34,46
-0.36821205212873787,1.0025118691341282,0.9191609145969603,1.3325361183427842,2.0,0,0,2,1.352065910739295,-0.6795456917635454,0.7601874888403216,-0.8359051728251414,3,5
-0.36821205212873787,-0.07592922079946847,-0.6183268924191158,-0.6812411475840323,2.0,0,0,4,-0.24603626033892073,-0.6795456917635454,-0.7225009190029515,1.1868777952980099,34,55
-1.5123210226138581,-1.5138506740442639,0.06655403979713626,-0.6257881043256869,1.0,0,0,3,-0.827164322549181,1.535555930632102,-1.5462167011381034,-0.8359051728251414,34,63
0.7758969183563824,2.0809529590677247,0.9890467240067818,-0.37624940966313214,2.0,0,2,2,1.4247069185155776,-0.6795456917635454,-1.0849358631424184,1.2001252404292948,34,62
-0.36821205212873787,-0.4354095841106673,-0.3807151404257222,0.8021277595767096,1.5,0,0,2,0.0009431661004398731,-0.6795456917635454,-0.4259632374342969,1.202163308911031,35,61
0.7758969183563824,2.4404333223789236,1.2266584760001753,0.9934407588180015,2.0,0,2,3,0.5965994298659566,1.162224196520476,0.7931361201257278,-0.8359051728251414,26,26
-0.36821205212873787,-0.7948899474218662,-0.5065095973634012,-0.15443723662975015,1.0,0,0,3,-0.1298106478968687,-0.6795456917635454,-0.458911868719703,-0.8359051728251414,3,6
-0.36821205212873787,-0.4354095841106673,-0.21298919784215029,0.22957508793429238,1.0,0,0,2,-0.652825903886103,0.7391148978606332,0.20006075698841844,-0.8359051728251414,5,9
0.7758969183563824,-0.4354095841106673,0.7654121338953526,0.5373394780181099,1.0,0,0,2,-0.3913182758914858,2.03333157611427,-0.6566036564321395,1.2072584801153714,3,3
-1.5123210226138581,-1.5138506740442639,-1.8902486236778695,0.06737493640363182,1.0,0,0,2,-1.5681026018672628,-0.6795456917635454,-0.887244075429982,1.2042013773927673,34,70
-0.36821205212873787,0.6430315058229292,1.0589325334166035,-0.07125767174223191,2.0,0,0,4,0.262450794095057,1.4360008015356684,-0.887244075429982,-0.8359051728251414,34,53
-0.36821205212873787,0.6430315058229292,-0.6113383114781336,-1.7525939433352673,3.0,0,0,2,-0.36952597355860106,-0.45554665129656985,1.1885196955506006,-0.8359051728251414,34,63
-1.5123210226138581,-1.5138506740442639,-1.4010479578091182,0.13391858831364642,1.0,0,0,2,-1.0596155474332851,-0.6795456917635454,-1.5132680698526972,1.21337268556058,34,59
0.7758969183563824,-1.5138506740442639,-1.0655960726419742,0.24676553134437948,1.5,0,0,2,-0.710938710107129,-0.6795456917635454,-0.3600659748634848,1.1909539322614822,34,59
0.7758969183563824,0.6430315058229292,1.4922245517574977,0.8692259419193077,2.0,0,0,2,1.9477221745048117,-0.6795456917635454,0.8260847514111338,-0.8359051728251414,16,15
0.7758969183563824,1.0025118691341282,0.8352979433051743,1.918952050799788,2.0,0,0,2,1.264896701407756,-0.6795456917635454,0.891982013981946,-0.8359051728251414,11,11
-0.36821205212873787,-0.7948899474218662,-0.716167025592866,-0.7644207124715506,1.0,0,0,2,-0.3477336712257163,-0.6795456917635454,-0.3600659748634848,1.1909539322614822,34,46
-1.5123210226138581,-0.07592922079946847,-0.35276081666179354,-0.4161756008091409,2.0,0,0,3,0.029999569210952887,-0.6795456917635454,-1.9745489078483822,-0.8359051728251414,1,1
-1.5123210226138581,-1.8733310373554628,-0.6882127018289375,-0.9862328855049326,1.0,0,0,2,-0.6673541054413594,-0.08221491718494388,-1.842754382706758,1.1980871719475588,34,49
-0.36821205212873787,0.2835511425117304,0.06655403979713626,0.7924234770064992,1.0,0,0,2,0.4658456158686481,-0.6795456917635454,-0.3600659748634848,1.1909539322614822,3,4
-0.36821205212873787,0.6430315058229292,0.8632522670691029,1.719321095069744,2.0,0,0,2,1.293953104518269,-0.6795456917635454,0.6613415949841034,1.211334617078844,3,5
-0.36821205212873787,-1.5138506740442639,-0.8559386444125093,0.37929830473182524,1.0,0,0,3,-0.49301568677828134,-0.6795456917635454,-0.4259632374342969,1.203182343151899,31,33
0.7758969183563824,-0.07592922079946847,-0.45060094983554383,0.6496318906162595,1.0,0,0,4,-0.07169784167584266,-0.6795456917635454,-0.09647692458023621,-0.8359051728251414,24,33
-0.36821205212873787,-0.4354095841106673,-0.9817331013501883,1.6078604781204697,1.0,0,0,3,-0.6237695007755899,-0.6795456917635454,-0.26122008100726657,-0.8359051728251414,1,0
-0.36821205212873787,0.6430315058229292,0.024622554151243276,0.27560111383871916,2.0,0,0,2,0.42226101120287857,-0.6795456917635454,0.6613415949841034,1.211334617078844,1,0
-1.5123210226138581,-1.5138506740442639,-1.7644541667401905,1.0156219761213399,1.0,0,0,2,-1.4373487878699542,-0.6795456917635454,-0.920192706715388,1.201144274670163,34,64
-1.5123210226138581,-1.5138506740442639,-1.7085455192123333,-1.6971409000769218,2.0,0,0,3,-1.3792359816489284,-0.6795456917635454,-0.887244075429982,-0.8359051728251414,34,45
-1.5123210226138581,-1.5138506740442639,-0.12912622655036432,-1.0971389720216236,1.5,0,0,3,-0.7690515163281549,1.0875578496981508,-1.9745489078483822,-0.8359051728251414,34,49
-0.36821205212873787,-1.5138506740442639,-1.0655960726419742,-0.15443723662975015,1.0,0,0,2,-0.710938710107129,-0.6795456917635454,-0.4259632374342969,1.202163308911031,34,59
0.7758969183563824,0.6430315058229292,0.7095034863674953,1.0391895195061367,2.0,0,0,2,1.1341428874104473,-0.6795456917635454,0.7931361201257278,-0.8359051728251414,24,33
0.7758969183563824,-0.4354095841106673,-0.04526325525857836,0.2753238486224274,1.0,0,0,3,-1.0305591443227722,1.6848886242767525,-0.49186050000510906,1.211334617078844,3,5
-1.5123210226138581,-1.5138506740442639,-1.3870707959271538,-0.6812411475840323,1.0,0,0,3,-1.0450873458780285,-0.6795456917635454,-1.9416002765629763,1.1563067680719672,34,54
0.7758969183563824,0.6430315058229292,0.6256405150757094,0.6535136036443436,2.0,0,0,3,1.0469736780789083,-0.6795456917635454,0.6942902262695095,-0.8359051728251414,3,5
-1.5123210226138581,0.2835511425117304,-0.8140071587666163,-1.598157217860775,2.0,0,0,2,-0.885277128770207,0.0671177764597065,1.2214683268360067,-0.8359051728251414,34,62
0.7758969183563824,0.6430315058229292,1.0729096952985677,-0.20573130164371975,2.0,0,0,2,1.5118761278471164,-0.6795456917635454,0.924930645267352,1.2082775143562396,31,35
0.7758969183563824,0.6430315058229292,1.2126813141182111,0.6324414472061723,2.0,0,0,2,1.6571581433996816,-0.6795456917635454,0.7601874888403216,-0.8359051728251414,14,2
-0.36821205212873787,-0.07592922079946847,-1.0376417488780456,-0.1175609628629504,1.0,0,0,2,-0.6818823069966159,-0.6795456917635454,0.8260847514111338,-0.8359051728251414,1,44
-0.36821205212873787,-1.5138506740442639,-1.2752535008714392,0.3751393264874493,1.0,0,0,4,-0.9288617334359766,-0.6795456917635454,-0.3600659748634848,-0.8359051728251414,31,33
0.7758969183563824,-0.07592922079946847,-0.3248064928978649,0.38345728297620113,1.0,0,0,2,-1.175841159875337,1.4360008015356684,-0.49186050000510906,1.212353651319712,3,5
-1.5123210226138581,-0.4354095841106673,-1.2193448533435818,-1.6680280523662905,2.0,0,0,2,-1.0160309427675156,-0.43065786902246145,1.2544169581214126,-0.8359051728251414,34,63
-0.36821205212873787,-0.4354095841106673,-0.9258244538223309,0.2337340661786683,1.0,0,0,2,-1.1322565552095676,0.29111681692668206,-0.6566036564321395,1.2072584801153714,6,64
-0.36821205212873787,0.6430315058229292,-0.5624182448912585,-1.0516674765497802,2.0,0,0,2,-0.1879234541178947,-0.6795456917635454,0.924930645267352,1.2082775143562396,3,6
-0.36821205212873787,-0.4354095841106673,-1.05161891076001,1.8493584815105641,1.0,0,0,4,-0.6964105085518725,-0.6795456917635454,-0.26122008100726657,-0.8359051728251414,31,36
-0.36821205212873787,0.2835511425117304,-0.8112117263902235,-1.5424269093861378,3.0,0,0,2,-0.44652544180146053,-0.6795456917635454,1.2214683268360067,-0.8359051728251414,34,59
-0.36821205212873787,-1.5138506740442639,-0.14310338843232864,0.2639559747544666,1.0,0,0,2,0.24792259253980048,-0.6795456917635454,-0.920192706715388,1.201144274670163,17,16
0.7758969183563824,1.0025118691341282,0.9610924002428531,-0.15249638011570807,2.0,0,0,2,1.3956505154050645,-0.6795456917635454,0.9908279078381641,-0.8359051728251414,32,42
-0.36821205212873787,-0.07592922079946847,-0.6560652295004195,-1.7714479780431047,3.0,0,0,2,-0.2852624045381133,-0.6795456917635454,1.0896738016943823,-0.8359051728251414,34,53
0.7758969183563824,0.6430315058229292,0.5278003819019591,1.87597594227457,2.0,0,0,2,0.9452762671921128,-0.6795456917635454,0.6942902262695095,-0.8359051728251414,11,11
1.9200058888415028,2.0809529590677247,2.875963578071966,0.7433475337228633,2.0,0,0,2,3.3860141284752054,-0.6795456917635454,1.0237765391235703,-0.8359051728251414,24,36
0.7758969183563824,1.0025118691341282,1.85563076068857,-0.6535146259548597,2.0,0,0,2,2.325455414941481,-0.6795456917635454,1.4191601145484432,1.1236976723641885,31,36
0.7758969183563824,0.6430315058229292,1.2266584760001753,1.0710750193796852,2.0,0,0,2,1.6716863449549382,-0.6795456917635454,0.39775254470085486,-0.8359051728251414,32,41
-0.36821205212873787,-1.5138506740442639,-1.3171849865173322,0.9610007285118695,1.0,0,0,4,-0.9724463381017461,-0.6795456917635454,-0.3271173435780787,-0.8359051728251414,31,36
-0.36821205212873787,0.6430315058229292,-1.2193448533435818,-1.5862348135602309,2.0,0,0,2,-0.8707489272149506,-0.6795456917635454,0.9908279078381641,-0.8359051728251414,34,55
-0.36821205212873787,-0.4354095841106673,-0.4925324354814368,0.04408465823512671,1.0,0,0,2,-0.739995113217642,0.39067194602311567,-0.09647692458023621,1.21337268556058,3,4
-1.5123210226138581,0.2835511425117304,0.2762114680266012,-0.6479693216290251,1.5,0,4,3,-0.1879234541178947,0.8137812446829584,-0.953141338000794,1.2001252404292948,34,54
0.7758969183563824,0.6430315058229292,1.0729096952985677,-0.07181220217481538,2.0,0,0,2,1.5118761278471164,-0.6795456917635454,1.0237765391235703,-0.8359051728251414,39,68
-0.36821205212873787,0.2835511425117304,-0.6462812161830445,-1.5745896744759782,2.0,0,0,2,-0.827164322549181,0.26622803465257366,1.2214683268360067,-0.8359051728251414,34,62
0.7758969183563824,0.6430315058229292,1.0729096952985677,-0.5980615826965141,1.0,0,0,3,-0.31867726811520325,2.456440874774113,-0.06352829329483015,-0.8359051728251414,34,62
-0.36821205212873787,0.2835511425117304,1.0309782096526747,0.06737493640363182,1.0,0,0,3,-0.02811323701007314,1.8839988824696197,-0.12942555586564228,-0.8359051728251414,6,67
-0.36821205212873787,0.6430315058229292,0.7234806482494597,-0.8110012688085608,2.0,0,0,2,1.148671088965704,-0.6795456917635454,1.320314220692225,-0.8359051728251414,30,31
0.7758969183563824,0.6430315058229292,0.3460972774364228,0.7993551074137923,1.0,0,0,3,-0.6964105085518725,1.8093325356472945,-0.06352829329483015,-0.8359051728251414,30,30
-0.36821205212873787,-0.4354095841106673,-0.5065095973634012,0.33327227882739846,1.0,0,0,2,-0.1298106478968687,-0.6795456917635454,0.6942902262695095,-0.8359051728251414,12,12
0.7758969183563824,0.6430315058229292,-0.017308931494649706,0.3618305961054464,2.0,0,2,3,0.37867640653710904,-0.6795456917635454,0.7931361201257278,-0.8359051728251414,12,12
0.7758969183563824,0.2835511425117304,0.737457810131424,1.1071194974976097,1.0,0,0,3,1.1631992905209605,-0.6795456917635454,-0.3600659748634848,-0.8359051728251414,1,1
3.064114859326623,1.0025118691341282,1.7717677893967843,0.5387258040995685,1.0,0,2,3,-0.08622604323109917,3.302659472093798,-0.5577577625759212,1.1848397268162736,6,64
0.7758969183563824,0.6430315058229292,1.5341560374033907,1.4786548873285246,1.5,0,0,3,1.9913067791705812,-0.6795456917635454,0.5954443324132913,-0.8359051728251414,3,3
-0.36821205212873787,-0.7948899474218662,-0.04526325525857836,-0.6257881043256869,1.5,0,0,2,-0.02811323701007314,-0.03243735263672709,-1.4473708072818852,1.2052204116336354,34,53
0.7758969183563824,1.361992232445327,1.6319961705771409,2.279951362411617,2.0,0,0,2,1.0760300811894215,1.0626690674240424,0.8590333826965398,-0.8359051728251414,17,16
0.7758969183563824,1.0025118691341282,1.3664300948198187,-0.2559163057925224,2.0,0,0,2,1.816968360507503,-0.6795456917635454,1.4191601145484432,1.1236976723641885,26,26
0.7758969183563824,-0.4354095841106673,-1.1354818820517958,0.2753238486224274,1.0,0,0,3,-0.7835797178834115,-0.6795456917635454,-0.12942555586564228,-0.8359051728251414,31,35
-1.5123210226138581,-0.4354095841106673,-0.758098511238759,-0.7694114863648017,1.0,0,0,3,-0.3913182758914858,-0.6795456917635454,0.33185528213004273,-0.8359051728251414,10,72
-0.36821205212873787,0.6430315058229292,0.06655403979713626,1.8596172945133582,1.0,0,0,4,0.4658456158686481,-0.6795456917635454,-0.3600659748634848,-0.8359051728251414,22,24
0.7758969183563824,0.6430315058229292,1.0868868571805321,-0.3817947139889667,2.0,0,0,2,1.526404329402373,-0.6795456917635454,0.924930645267352,1.2082775143562396,1,44
-0.36821205212873787,-0.4354095841106673,0.05257687791517193,0.8353995855317169,1.0,0,0,3,0.45131741431339156,-0.6795456917635454,-0.12942555586564228,-0.8359051728251414,18,20
-0.36821205212873787,0.6430315058229292,0.7654121338953526,0.30083224852126633,2.0,0,0,2,1.1922556936314734,-0.6795456917635454,0.5295470698424791,-0.8359051728251414,31,35
-0.36821205212873787,0.6430315058229292,0.17837133485285087,-0.8947353641286625,2.0,0,0,2,0.5820712283107001,-0.6795456917635454,0.9578792765527581,-0.8359051728251414,18,20
-0.36821205212873787,-0.4354095841106673,-0.758098511238759,1.0114629978769638,1.0,0,0,2,-1.1613129583200807,0.6395597687641996,-0.4259632374342969,1.202163308911031,34,48
-0.36821205212873787,1.0025118691341282,-0.9537787775862596,-1.7647936128521033,2.0,0,0,2,-0.8998053303254635,-0.15688126400726907,1.320314220692225,-0.8359051728251414,34,54
0.7758969183563824,-0.07592922079946847,-0.4226466260716152,0.4860454130041403,1.0,0,0,3,-0.885277128770207,0.7640036801347416,0.16711212570301237,-0.8359051728251414,1,44
-0.36821205212873787,-0.07592922079946847,-0.5204867592453655,0.38345728297620113,1.0,0,0,4,-0.1443388494521252,-0.6795456917635454,-0.09647692458023621,-0.8359051728251414,19,22
-0.36821205212873787,-0.4354095841106673,0.06655403979713626,0.2337340661786683,1.0,0,0,3,-0.5075438883335378,0.9880027206017172,-0.6895522877175455,1.1868777952980099,35,61
1.9200058888415028,2.0809529590677247,1.1008640190624965,0.09454692760022111,2.0,0,0,2,0.29150719720557,1.4608895838097768,0.7601874888403216,-0.8359051728251414,34,53
-0.36821205212873787,-0.7948899474218662,-0.9957102632321526,-1.711004160891508,3.0,0,0,2,-0.6382977023308464,-0.6795456917635454,1.2214683268360067,-0.8359051728251414,34,61
-0.36821205212873787,-0.4354095841106673,0.0385997160332076,0.2437156139651705,1.0,0,0,2,-0.9869745396570025,1.7595549710990777,-0.7225009190029515,1.1960491034658225,34,48
-1.5123210226138581,-0.7948899474218662,-1.4150251196910824,-1.5690443701501438,2.0,0,0,2,-1.0741437489885417,-0.6795456917635454,0.8260847514111338,-0.8359051728251414,34,61
0.7758969183563824,0.6430315058229292,0.1923484967348152,-0.7644207124715506,2.0,0,0,2,0.5965994298659566,-0.6795456917635454,1.1226224329797885,1.2052204116336354,21,23
-1.5123210226138581,0.6430315058229292,-0.5763954067732228,-1.571817022313061,2.0,0,0,2,-0.6092412992203334,0.017340211911489708,1.2214683268360067,-0.8359051728251414,34,63
-0.36821205212873787,-1.5138506740442639,-1.0795732345239386,0.43142416539467,1.0,0,0,2,-0.7254669116623854,-0.6795456917635454,-0.5907063938613273,1.2103155828379757,34,59
0.7758969183563824,0.2835511425117304,-0.17105771219625732,-0.6341060608144387,2.0,0,0,2,0.21886618942928748,-0.6795456917635454,1.0896738016943823,-0.8359051728251414,31,36
-0.36821205212873787,0.6430315058229292,-0.2828750072519719,0.341867500532442,1.0,0,0,2,-0.652825903886103,0.6146709864900912,-0.030579662009424073,1.212353651319712,19,22
-0.36821205212873787,0.2835511425117304,-0.29685216913393625,0.17412204467594689,2.0,0,0,2,0.08811237543197892,-0.6795456917635454,0.43070117598626095,1.211334617078844,14,13
-1.5123210226138581,-0.7948899474218662,-1.0795732345239386,-1.6134068047568202,2.0,0,0,2,-0.7254669116623854,-0.6795456917635454,1.0237765391235703,-0.8359051728251414,34,63
0.7758969183563824,-0.07592922079946847,-0.4925324354814368,0.15055450129115006,2.0,0,0,1,-0.11528244634161218,-0.6795456917635454,-2.106343432990007,-0.8359051728251414,34,63
-0.36821205212873787,0.6430315058229292,-0.6602583780650088,-1.1681188673923057,2.0,0,0,2,-0.28962086500469025,-0.6795456917635454,0.9908279078381641,-0.8359051728251414,34,50
-0.36821205212873787,0.6430315058229292,-0.9537787775862596,-1.706290652214549,3.0,0,2,2,-0.5947130976650769,-0.6795456917635454,1.1555710642651946,-0.8359051728251414,34,46
-1.5123210226138581,0.6430315058229292,-1.652636871684476,-1.6156249264871538,2.0,0,0,2,-1.3211231754279023,-0.6795456917635454,1.1885196955506006,-0.8359051728251414,34,58
-0.36821205212873787,0.6430315058229292,-0.5204867592453655,-0.8476002773590688,2.0,0,0,2,-0.1443388494521252,-0.6795456917635454,1.0896738016943823,-0.8359051728251414,21,23
0.7758969183563824,0.2835511425117304,0.4020059249642801,-0.08428913690794311,2.0,0,0,3,0.8145224531948042,-0.6795456917635454,0.9578792765527581,-0.8359051728251414,21,23
-0.36821205212873787,0.2835511425117304,-0.43662378795357953,-1.7354034999251802,2.5,0,0,2,-0.1733952525626382,-0.48043543357067825,1.320314220692225,-0.8359051728251414,16,17
0.7758969183563824,2.0809529590677247,-0.1151490646684,-0.20462224077855282,2.0,0,0,2,-0.7690515163281549,1.1124466319722592,0.5295470698424791,-0.8359051728251414,14,13
-0.36821205212873787,-0.7948899474218662,-0.6602583780650088,0.7350295772341116,1.0,0,0,2,-0.28962086500469025,-0.6795456917635454,-0.5907063938613273,1.2103155828379757,10,65
-2.6564299930989783,-0.07592922079946847,-1.0935503964059028,0.7084121164701057,1.0,0,0,3,-0.739995113217642,-0.6795456917635454,-0.26122008100726657,-0.8359051728251414,1,0
0.7758969183563824,1.7214725957565258,0.7933664576592813,-0.4036986660760131,1.5,0,0,2,0.4367892127581351,0.664448551038308,-1.4473708072818852,1.2052204116336354,34,52
0.7758969183563824,0.6430315058229292,0.42996024872820876,-0.01580462848388642,2.0,0,0,2,0.8435788563053173,-0.6795456917635454,0.8260847514111338,-0.8359051728251414,34,56
-0.36821205212873787,-0.4354095841106673,-0.883892968176438,-0.5112775699972034,1.5,0,0,2,-0.5220720898887944,-0.6795456917635454,-1.4803194385672913,1.1940110349840865,34,53
0.7758969183563824,0.6430315058229292,0.12246268732499356,-0.2830882969891117,2.0,0,0,2,0.5239584220896741,-0.6795456917635454,1.0567251704089764,-0.8359051728251414,0,0
-0.36821205212873787,-0.4354095841106673,-0.6043497305371515,-0.01580462848388642,1.0,0,0,2,-0.23150805878366423,-0.6795456917635454,-0.4259632374342969,1.202163308911031,35,61
-0.36821205212873787,0.2835511425117304,-0.6183268924191158,-1.6760687436387505,2.0,0,0,2,-0.8998053303254635,0.44044951057133247,1.3532628519776309,-0.8359051728251414,34,52
0.7758969183563824,1.0025118691341282,1.3244986091739257,-0.9030533206174143,1.5,0,0,2,0.6401840345317261,1.2617793256169096,-1.9086516452775701,1.202163308911031,34,63
0.7758969183563824,1.361992232445327,-0.0033317696126853795,-1.1717233152040982,1.0,0,0,2,-0.6673541054413594,1.1373354142463676,1.1885196955506006,-0.8359051728251414,11,11
-0.36821205212873787,0.6430315058229292,1.0449553715346391,-0.47634215274444575,2.0,0,0,2,1.4828197247366035,-0.6795456917635454,1.4191601145484432,1.1236976723641885,26,26
0.7758969183563824,-0.4354095841106673,0.23427998238070818,-0.6951044083986188,1.0,0,0,2,-0.46395928366776834,1.2120017610686928,0.16711212570301237,-0.8359051728251414,34,46
0.7758969183563824,0.6430315058229292,1.296544285409997,1.424310904935346,2.0,0,0,2,1.7443273527312206,-0.6795456917635454,0.9578792765527581,-0.8359051728251414,32,42
0.7758969183563824,-0.07592922079946847,0.1364398492069579,0.23927937050450285,2.0,0,0,2,0.5384866236449306,-0.6795456917635454,-0.6566036564321395,1.2072584801153714,34,70
-1.5123210226138581,0.2835511425117304,-0.5484410830092942,-1.7464941085768493,3.0,0,0,2,-0.1733952525626382,-0.6795456917635454,1.2214683268360067,-0.8359051728251414,34,58
-0.36821205212873787,-0.07592922079946847,-0.39469230230768654,-0.30693310559020026,2.0,0,0,3,-0.013585035454816633,-0.6795456917635454,-1.4473708072818852,1.1950300692249545,34,54
-0.36821205212873787,-0.4354095841106673,-0.12912622655036432,-0.8947353641286625,1.0,0,0,4,-0.885277128770207,1.286668107891018,-1.4803194385672913,-0.8359051728251414,34,50
-1.5123210226138581,-1.5138506740442639,-1.4709337672189398,-0.24316210584310294,1.0,0,0,2,-1.1322565552095676,-0.6795456917635454,-1.0519872318570123,1.1960491034658225,34,53
-0.36821205212873787,0.6430315058229292,-0.6602583780650088,-1.5648853919057677,2.0,0,0,2,-0.6964105085518725,0.017340211911489708,1.2214683268360067,-0.8359051728251414,34,55
-0.36821205212873787,0.6430315058229292,0.705310337802906,-0.5880800349100119,2.0,0,0,2,1.1297844269438704,-0.6795456917635454,1.3532628519776309,-0.8359051728251414,1,1
-2.6564299930989783,-1.8733310373554628,-2.1837690231991203,-1.512759531242923,1.0,0,0,4,-1.8731948345276495,-0.6795456917635454,-1.5462167011381034,-0.8359051728251414,34,55
0.7758969183563824,0.6430315058229292,0.8912065908330316,0.483272760841223,1.0,0,0,3,-0.10075424478635567,1.7595549710990777,0.29890665084463663,-0.8359051728251414,14,13
0.7758969183563824,1.0025118691341282,1.7997221131607128,-0.7943653558310572,1.5,0,0,3,0.9598044687473694,1.5604447129062105,-1.2826276508548549,-0.8359051728251414,34,47
0.7758969183563824,-1.5138506740442639,-0.8699158062944736,-0.5703350610673413,1.5,0,0,2,-0.7254669116623854,-0.30621395765191944,-0.8213468128591698,1.212353651319712,34,60
0.7758969183563824,0.2835511425117304,0.3321201155544585,0.6676541296752218,1.0,0,0,3,-0.5220720898887944,1.4857783660838852,0.20006075698841844,1.1940110349840865,3,5
0.7758969183563824,1.361992232445327,2.498580207258929,2.1601727889735907,3.0,0,0,2,2.9937526864832797,-0.6795456917635454,0.29890665084463663,1.2164297882831843,31,36
-0.36821205212873787,-0.07592922079946847,-0.9258244538223309,-1.6452923046303687,3.0,0,0,2,-0.5656566945545639,-0.6795456917635454,1.1885196955506006,-0.8359051728251414,34,46
-0.36821205212873787,0.6430315058229292,-0.3248064928978649,-0.8739404729067829,2.0,0,0,2,0.0590559723214659,-0.6795456917635454,0.7272388575549156,-0.8359051728251414,34,58
-0.36821205212873787,-1.5138506740442639,-1.3032078246353678,3.1208967634244265,1.0,0,0,2,-0.9579181365464896,-0.6795456917635454,-0.9860899692862002,1.1980871719475588,34,64
0.7758969183563824,0.6430315058229292,0.8772294289510673,-0.4613698310646925,2.0,0,0,2,1.3084813060735254,-0.6795456917635454,1.0237765391235703,-0.8359051728251414,30,31
-1.5123210226138581,0.6430315058229292,0.8492751051871386,-0.046581067492268174,2.0,0,0,2,1.2794249029630125,-0.6795456917635454,1.1226224329797885,1.2052204116336354,34,54
-0.36821205212873787,-1.5138506740442639,-0.14310338843232864,0.20711660541466245,1.0,0,0,2,-0.6673541054413594,0.8884475915052836,-0.3271173435780787,1.214391719801448,34,59
3.064114859326623,1.0025118691341282,0.82132078142321,0.5731066909197428,1.0,0,0,3,-0.49301568677828134,2.3071081811294625,-0.26122008100726657,-0.8359051728251414,20,66
0.7758969183563824,-1.5138506740442639,-0.29685216913393625,-1.2357715801674873,1.5,0,0,3,-0.6673541054413594,0.6146709864900912,-1.4473708072818852,1.1950300692249545,34,53
-0.36821205212873787,1.361992232445327,0.82132078142321,-1.4154394403245267,1.5,0,0,2,-0.1443388494521252,1.7097774065508609,-1.4803194385672913,1.2082775143562396,34,57
-0.36821205212873787,-0.4354095841106673,-0.5624182448912585,0.20600754454949555,2.0,0,0,2,-0.1879234541178947,-0.6795456917635454,0.2659580195592306,-0.8359051728251414,30,30
-1.5123210226138581,-1.5138506740442639,-0.9677559394682239,-0.01580462848388642,1.0,0,0,2,-0.6092412992203334,-0.6795456917635454,-0.09647692458023621,1.21337268556058,39,68
-0.36821205212873787,0.6430315058229292,-0.39469230230768654,1.8845711639796137,1.0,0,0,3,-0.7690515163281549,0.6146709864900912,0.5295470698424791,-0.8359051728251414,16,15
1.9200058888415028,2.0809529590677247,1.2126813141182111,-0.5925162783706795,2.5,0,0,2,1.6571581433996816,-0.6795456917635454,-2.2051893268462246,1.2072584801153714,34,58
-0.36821205212873787,-1.5138506740442639,-1.009687425114117,-0.41783919210689124,1.5,0,0,3,-0.652825903886103,-0.6795456917635454,-1.9745489078483822,-0.8359051728251414,34,62
-0.36821205212873787,-0.4354095841106673,-0.19901203596018596,0.10896471884739094,1.0,0,3,2,0.18980978631877446,-0.6795456917635454,0.2659580195592306,-0.8359051728251414,14,13
-0.36821205212873787,-0.4354095841106673,0.15041701108892222,0.006653854035743502,1.0,0,0,2,-0.9288617334359766,1.8591101001955113,-0.26122008100726657,1.2052204116336354,39,71
0.7758969183563824,-0.7948899474218662,0.7933664576592813,-0.26534332314644116,1.0,0,0,3,-0.23150805878366423,1.8093325356472945,-0.29416871229267266,1.203182343151899,18,20
1.9200058888415028,1.0025118691341282,2.0373338651541064,-0.5672851436881323,2.0,0,0,2,2.5143220351598154,-0.6795456917635454,1.1226224329797885,1.2052204116336354,32,42
0.7758969183563824,0.6430315058229292,-0.4226466260716152,-0.7719068733114273,2.0,0,0,2,-0.04264143856532965,-0.6795456917635454,1.0896738016943823,-0.8359051728251414,21,23
-1.5123210226138581,-0.07592922079946847,-0.45060094983554383,2.8677536209500794,2.0,0,0,2,-0.07169784167584266,-0.6795456917635454,-1.3155762821402608,1.1848397268162736,39,70
-0.36821205212873787,0.6430315058229292,-0.08719474090447134,-0.8864174076399106,2.0,0,0,2,0.3060353987608265,-0.6795456917635454,1.1555710642651946,-0.8359051728251414,18,25
0.7758969183563824,-0.07592922079946847,-0.4925324354814368,0.20600754454949555,1.0,0,0,2,-0.8998053303254635,0.664448551038308,-0.09647692458023621,1.21337268556058,14,2
0.7758969183563824,0.6430315058229292,1.7577906275148198,0.2600742617263824,2.0,0,0,2,2.2237580040546856,-0.6795456917635454,1.1885196955506006,-0.8359051728251414,21,23
0.7758969183563824,0.6430315058229292,1.5481331992853549,-0.10258864118319712,2.0,0,0,2,2.005834980725838,-0.6795456917635454,0.9578792765527581,-0.8359051728251414,32,41
-0.36821205212873787,-1.5138506740442639,-1.1075275582878672,-0.8476002773590688,2.0,0,0,3,-0.7545233147728985,-0.6795456917635454,-2.1722406955608187,-0.8359051728251414,34,63
-0.36821205212873787,-0.4354095841106673,-0.8699158062944736,0.22402978360845785,1.0,0,0,3,-0.5075438883335378,-0.6795456917635454,-0.7225009190029515,-0.8359051728251414,34,55
0.7758969183563824,-0.4354095841106673,-0.4645781117175082,-0.24316210584310294,1.0,0,0,2,-0.7690515163281549,0.49022707511954927,-0.3600659748634848,1.1909539322614822,34,59
0.7758969183563824,0.6430315058229292,1.6599504943410694,1.9527784071873786,2.0,0,0,2,2.1220605931678898,-0.6795456917635454,1.0896738016943823,-0.8359051728251414,16,15
-1.5123210226138581,-1.5138506740442639,-1.009687425114117,0.594178847357914,1.0,0,0,1,-0.652825903886103,-0.6795456917635454,-0.6895522877175455,-0.8359051728251414,34,48
-1.5123210226138581,-1.5138506740442639,-1.2333220152255462,-1.2995425799145846,1.0,0,0,4,-1.175841159875337,-0.18177004628137747,-1.414422175996479,-0.8359051728251414,34,55
-0.36821205212873787,0.6430315058229292,1.0309782096526747,0.8980615244136473,2.0,0,0,2,1.4682915231813471,-0.6795456917635454,0.6283929636986973,-0.8359051728251414,32,41
0.7758969183563824,0.6430315058229292,0.7654121338953526,2.5239447527483376,1.0,0,0,4,-0.21697985722840774,1.7346661888249693,-0.3600659748634848,-0.8359051728251414,17,16
-0.36821205212873787,-0.07592922079946847,-0.5065095973634012,-0.43003886162372723,1.0,0,0,2,-0.1298106478968687,-0.6795456917635454,0.924930645267352,1.2082775143562396,1,44
-0.36821205212873787,0.2835511425117304,-0.9817331013501883,0.04519371910029362,1.5,0,0,4,-0.6237695007755899,-0.6795456917635454,-1.875703013992164,-0.8359051728251414,1,1
-0.36821205212873787,-1.5138506740442639,-0.674235539946973,-0.9030533206174143,1.0,0,1,3,-1.0305591443227722,0.5648934219418744,-0.7225009190029515,-0.8359051728251414,34,56
-1.5123210226138581,-1.5138506740442639,-1.1634362058157246,-1.0145139375666887,1.0,0,0,3,-0.8126361209939245,-0.6795456917635454,-1.4473708072818852,1.1950300692249545,34,63
-0.36821205212873787,0.6430315058229292,-0.10117190278643567,-0.18022290174488081,2.0,0,0,2,0.29150719720557,-0.6795456917635454,0.6283929636986973,-0.8359051728251414,14,13
-0.36821205212873787,-0.4354095841106673,-0.14310338843232864,-0.5925162783706795,1.5,0,2,4,0.24792259253980048,-0.6795456917635454,-2.2051893268462246,-0.8359051728251414,34,58
-1.5123210226138581,-1.5138506740442639,-0.7720756731207233,-0.7949198862636406,1.0,0,0,3,-1.1322565552095676,0.5648934219418744,-1.2826276508548549,-0.8359051728251414,34,53
-0.36821205212873787,0.6430315058229292,0.653594838839638,-0.0781893021495251,2.0,0,0,2,1.0760300811894215,-0.6795456917635454,0.7601874888403216,-0.8359051728251414,24,33
-0.36821205212873787,-0.07592922079946847,0.12246268732499356,0.3598897395914043,1.0,0,0,3,-0.6382977023308464,1.3115568901651264,-0.4259632374342969,1.203182343151899,34,59
-0.36821205212873787,2.0809529590677247,0.20632565861677954,-0.5980615826965141,2.0,0,0,2,0.6111276314212132,-0.6795456917635454,1.1226224329797885,1.2052204116336354,21,23
-0.36821205212873787,-0.07592922079946847,0.5138232200199947,1.708230486418075,1.0,0,0,2,-0.3332054696704598,1.4857783660838852,-0.49186050000510906,1.2072584801153714,3,3
-0.36821205212873787,-0.7948899474218662,-0.7720756731207233,1.0738476715426024,1.0,0,0,2,-0.4058464774467423,-0.6795456917635454,-0.3271173435780787,1.214391719801448,14,2
0.7758969183563824,1.361992232445327,0.010645392269278948,0.2531426313190892,1.0,0,0,3,0.40773280964762204,-0.6795456917635454,-0.7225009190029515,-0.8359051728251414,35,66
-1.5123210226138581,-1.5138506740442639,-1.4988880909828683,0.2914052311673476,1.0,0,0,3,-1.1613129583200807,-0.6795456917635454,-0.7225009190029515,-0.8359051728251414,34,64
-0.36821205212873787,0.2835511425117304,0.2762114680266012,0.405915765495831,1.0,0,0,2,-0.1298106478968687,0.7142261155865248,0.5624957011278853,1.202163308911031,18,19
0.7758969183563824,0.6430315058229292,0.5138232200199947,-0.30471498385986645,2.0,0,0,2,0.9307480656368563,-0.6795456917635454,0.9578792765527581,-0.8359051728251414,34,53
0.7758969183563824,-0.07592922079946847,0.17837133485285087,-0.6257881043256869,1.0,0,0,2,-0.9143335318807201,1.8839988824696197,-0.6895522877175455,1.2154107540423162,34,55
-0.36821205212873787,-0.07592922079946847,-0.6882127018289375,0.544271108425403,1.0,0,0,2,-0.31867726811520325,-0.6795456917635454,-0.16237418715104837,1.1950300692249545,10,72
-0.36821205212873787,0.6430315058229292,1.0309782096526747,1.3669170051629584,2.0,0,0,2,1.4682915231813471,-0.6795456917635454,0.5295470698424791,-0.8359051728251414,30,30
0.7758969183563824,0.6430315058229292,1.4782473898755333,2.648436834863323,2.0,0,0,2,1.9331939729495553,-0.6795456917635454,0.6613415949841034,1.211334617078844,41,43
0.7758969183563824,-0.4354095841106673,-0.07321757902250701,0.012753688794161507,1.0,0,0,2,-0.943389934991233,1.4857783660838852,0.20006075698841844,-0.8359051728251414,19,22
-1.5123210226138581,0.6430315058229292,-0.47855527359947253,-1.500559861726087,2.0,0,0,2,-0.10075424478635567,-0.6795456917635454,0.891982013981946,-0.8359051728251414,19,21
0.7758969183563824,1.361992232445327,0.08053120167910058,-0.29861514910144843,2.0,0,0,2,0.4803738174239046,-0.6795456917635454,0.6613415949841034,1.211334617078844,14,13
-0.36821205212873787,-0.07592922079946847,-1.2193448533435818,-0.41783919210689124,1.0,0,0,2,-0.8707489272149506,-0.6795456917635454,0.36480391341544877,1.2154107540423162,34,60
0.7758969183563824,1.7214725957565258,1.7717677893967843,-0.04879918922260199,2.0,0,0,2,2.238286205609942,-0.6795456917635454,1.1226224329797885,1.2052204116336354,32,42
-1.5123210226138581,-1.5138506740442639,-1.6386597098025117,-0.4871554961798231,1.5,0,0,2,-1.3065949738726457,-0.6795456917635454,-0.7554495502883577,1.214391719801448,34,68
-1.5123210226138581,-1.5138506740442639,-1.0236645869960812,0.483272760841223,1.0,0,2,4,-0.6673541054413594,-0.6795456917635454,-1.7439084888505398,-0.8359051728251414,10,72
1.9200058888415028,0.2835511425117304,0.05257687791517193,2.2153485670156443,1.0,0,0,2,-0.3041490665599468,0.6146709864900912,0.5295470698424791,-0.8359051728251414,13,14
-0.36821205212873787,0.6430315058229292,1.296544285409997,-0.7805020950164708,2.0,0,0,2,1.7443273527312206,-0.6795456917635454,0.9908279078381641,-0.8359051728251414,34,73
-0.36821205212873787,-0.4354095841106673,-0.6183268924191158,0.3074866137122678,1.0,0,0,3,-0.943389934991233,0.5151158573936577,0.16711212570301237,-0.8359051728251414,9,25
-0.36821205212873787,-0.4354095841106673,0.4020059249642801,2.8588811340287443,1.0,0,0,3,0.8145224531948042,-0.6795456917635454,-0.09647692458023621,-0.8359051728251414,41,40
-0.36821205212873787,0.6430315058229292,-0.5624182448912585,-1.122092841487879,1.5,0,0,4,-0.943389934991233,0.6146709864900912,-1.381473544711073,1.1715922816849884,34,55
0.7758969183563824,-0.07592922079946847,1.0868868571805321,-0.6951044083986188,1.0,0,0,3,-0.28962086500469025,2.4315520925000045,-1.6780112262797278,1.1868777952980099,34,53
-1.5123210226138581,-1.5138506740442639,-1.4290022815730468,0.24898365307471332,1.0,0,0,3,-1.088671950543798,-0.6795456917635454,-0.7225009190029515,-0.8359051728251414,35,66
-0.36821205212873787,2.0809529590677247,-0.04526325525857836,-1.5651626571220596,2.0,0,0,2,-0.3332054696704598,0.49022707511954927,1.2544169581214126,-0.8359051728251414,34,62
-0.36821205212873787,0.2835511425117304,-0.7860528350026877,-1.5895619961557315,3.0,0,0,2,-0.4203746790019988,-0.6795456917635454,1.1555710642651946,-0.8359051728251414,34,46
1.9200058888415028,0.2835511425117304,0.17837133485285087,0.3812391612458673,1.0,0,0,2,-0.9143335318807201,1.8839988824696197,-0.26122008100726657,1.2052204116336354,6,64
0.7758969183563824,0.6430315058229292,0.82132078142321,0.3487991309397352,2.0,0,0,2,1.2503684998524995,-0.6795456917635454,0.9578792765527581,-0.8359051728251414,11,11
0.7758969183563824,0.6430315058229292,1.4642702279935689,0.2356749226927104,2.0,0,0,2,1.9186657713942987,-0.6795456917635454,0.9908279078381641,-0.8359051728251414,37,37
-0.36821205212873787,0.6430315058229292,0.2818023327793869,-1.4620199966615368,2.5,0,0,2,0.6895799198195983,-0.6795456917635454,1.2544169581214126,-0.8359051728251414,16,17
0.7758969183563824,-0.4354095841106673,-0.07321757902250701,0.4278197175828775,1.0,0,0,2,-0.7690515163281549,1.1871129787945844,-0.3271173435780787,1.214391719801448,34,68
0.7758969183563824,-0.07592922079946847,-0.3667379785437579,0.756933529321158,1.0,0,0,2,0.015471367655696379,-0.6795456917635454,-0.09647692458023621,1.21337268556058,1,0
-1.5123210226138581,-0.4354095841106673,-1.0655960726419742,-1.3466776666841782,1.0,0,0,3,-1.3356513769831588,0.39067194602311567,-2.2051893268462246,-0.8359051728251414,34,46
-0.36821205212873787,0.6430315058229292,-0.25492068348804325,-1.0821666503418703,2.0,0,0,3,0.13169698009774844,-0.6795456917635454,0.6942902262695095,-0.8359051728251414,19,21
-0.36821205212873787,0.6430315058229292,-0.4086694641896509,-1.660264626310122,3.0,0,0,2,-0.02811323701007314,-0.6795456917635454,1.2873655894068188,-0.8359051728251414,34,52
0.7758969183563824,-0.4354095841106673,-0.15708055031429297,-0.6216291260813109,1.0,0,0,3,-0.6818823069966159,0.8884475915052836,-1.4473708072818852,1.1950300692249545,34,50
0.7758969183563824,-0.07592922079946847,-0.47855527359947253,-0.1405739758151638,1.0,0,0,2,-0.10075424478635567,-0.6795456917635454,-0.6236550251467333,1.1960491034658225,34,45
-1.5123210226138581,-0.4354095841106673,-1.009687425114117,0.06931579291767391,1.0,0,0,2,-0.652825903886103,-0.6795456917635454,0.39775254470085486,-0.8359051728251414,19,22
0.7758969183563824,0.6430315058229292,0.0385997160332076,0.7322569250711943,2.0,0,0,2,0.4367892127581351,-0.6795456917635454,1.0237765391235703,-0.8359051728251414,18,18
0.7758969183563824,-0.4354095841106673,0.26223430614463683,0.04519371910029362,1.0,0,0,3,-0.8707489272149506,1.9586652292919449,-0.458911868719703,-0.8359051728251414,3,7
-1.5123210226138581,-1.5138506740442639,-1.5827510622746543,-0.24316210584310294,1.0,0,2,2,-1.2484821676516198,-0.6795456917635454,-0.9860899692862002,1.1980871719475588,34,53
-0.36821205212873787,-0.4354095841106673,-0.5204867592453655,-0.01386377196984433,1.0,0,0,2,-0.5947130976650769,0.0920065587338149,0.43070117598626095,1.211334617078844,19,22
-0.36821205212873787,0.6430315058229292,-0.5624182448912585,0.5958424386556643,1.0,0,0,2,-0.5656566945545639,-0.03243735263672709,0.7601874888403216,-0.8359051728251414,31,36
1.9200058888415028,-0.07592922079946847,0.010645392269278948,-0.34852288803395937,1.0,0,0,4,-1.001502741212259,1.7346661888249693,-0.8213468128591698,-0.8359051728251414,34,53
-0.36821205212873787,-0.7948899474218662,-0.7720756731207233,-0.7644207124715506,1.0,0,0,4,-0.4058464774467423,-0.6795456917635454,-0.3271173435780787,-0.8359051728251414,22,24
0.7758969183563824,-1.5138506740442639,-0.674235539946973,0.4278197175828775,1.0,0,0,3,-0.3041490665599468,-0.6795456917635454,-0.5248091312905151,1.1807635898528013,3,5
0.7758969183563824,-1.5138506740442639,-0.4925324354814368,0.3377085222880661,1.5,0,2,3,-0.11528244634161218,-0.6795456917635454,-1.381473544711073,-0.8359051728251414,34,70
0.7758969183563824,0.6430315058229292,0.030213418904029007,-0.6798548215025737,2.0,0,0,2,0.4280722918249812,-0.6795456917635454,1.1555710642651946,-0.8359051728251414,18,19
-0.36821205212873787,-1.5138506740442639,-1.1634362058157246,2.79400107341648,1.0,0,0,2,-0.8126361209939245,-0.6795456917635454,0.2659580195592306,-0.8359051728251414,1,0
-0.36821205212873787,-0.4354095841106673,-1.05161891076001,0.910538459146775,1.0,0,0,3,-1.0450873458780285,-0.08221491718494388,0.36480391341544877,-0.8359051728251414,32,41
-0.36821205212873787,-0.7948899474218662,-0.14310338843232864,0.7183936642566079,1.0,0,0,4,0.24792259253980048,-0.6795456917635454,-0.26122008100726657,-0.8359051728251414,24,33
-0.36821205212873787,-1.5138506740442639,-1.0236645869960812,0.34852186572344346,1.0,0,0,2,-0.6673541054413594,-0.6795456917635454,-0.3600659748634848,1.1909539322614822,12,12
0.7758969183563824,-0.07592922079946847,-0.12912622655036432,-0.509613978699453,1.0,0,0,3,-1.0741437489885417,1.6102222774544273,-0.920192706715388,1.1838206925754056,34,73
-1.5123210226138581,-1.5138506740442639,-1.3870707959271538,-0.5218136482162891,1.0,0,0,3,-1.0450873458780285,-0.6795456917635454,-0.5907063938613273,-0.8359051728251414,10,72
-0.36821205212873787,-1.5138506740442639,-1.1634362058157246,-0.8902991206679949,1.5,0,4,3,-0.8126361209939245,-0.6795456917635454,-1.5791653324235095,-0.8359051728251414,10,72
0.7758969183563824,1.0025118691341282,1.7577906275148198,1.0294852369359262,2.0,0,0,2,2.2237580040546856,-0.6795456917635454,0.7931361201257278,-0.8359051728251414,32,42
-0.36821205212873787,0.2835511425117304,-0.6183268924191158,-1.653332995902829,2.0,0,0,2,-0.6382977023308464,-0.0075485703626186895,1.320314220692225,-0.8359051728251414,34,48
0.7758969183563824,-0.4354095841106673,0.7234806482494597,1.675513190895651,1.0,0,2,3,-0.04264143856532965,1.3613344547133432,0.5624957011278853,-0.8359051728251414,3,5
0.7758969183563824,0.2835511425117304,0.8912065908330316,0.622737164635962,2.0,0,0,2,1.323009507628782,-0.6795456917635454,0.33185528213004273,-0.8359051728251414,5,9
0.7758969183563824,0.6430315058229292,1.0030238858887461,-0.8154375122692284,1.5,0,0,2,-0.2024516556731512,2.1328867052107037,-2.1392920642754127,1.2154107540423162,34,54
0.7758969183563824,2.0809529590677247,1.7717677893967843,-1.11100223283621,2.0,0,0,2,1.4682915231813471,0.6395597687641996,1.2214683268360067,-0.8359051728251414,16,17
-0.36821205212873787,-0.4354095841106673,-0.5065095973634012,2.650654956593657,2.0,0,0,2,-0.1298106478968687,-0.6795456917635454,0.39775254470085486,-0.8359051728251414,26,26
-0.36821205212873787,0.6430315058229292,-0.29685216913393625,-1.5366043398440117,2.0,0,0,2,-0.6092412992203334,0.5151158573936577,1.1226224329797885,1.2052204116336354,34,62
0.7758969183563824,0.6430315058229292,0.8073436195412456,-0.11201565853711586,2.0,0,2,2,1.235840298297243,-0.6795456917635454,1.1885196955506006,-0.8359051728251414,21,23
-0.36821205212873787,1.0025118691341282,0.38802876308231576,-0.9030533206174143,2.0,0,0,2,0.7999942516395477,-0.6795456917635454,1.2544169581214126,-0.8359051728251414,30,31
1.9200058888415028,1.7214725957565258,2.6802833117244655,2.4931683137399556,2.0,0,2,2,1.9913067791705812,1.3613344547133432,1.0567251704089764,-0.8359051728251414,1,44
0.7758969183563824,1.0025118691341282,0.5976861913117807,-0.6468602607638582,2.0,0,0,2,1.0179172749683953,-0.6795456917635454,1.2544169581214126,-0.8359051728251414,17,16
-1.5123210226138581,-1.5138506740442639,-0.2828750072519719,0.6524045427791768,1.0,0,0,2,-0.4058464774467423,0.1915616878302485,-0.26122008100726657,1.2052204116336354,1,0
-0.36821205212873787,-0.7948899474218662,-0.4925324354814368,0.2570243443471734,1.0,0,0,2,-0.7545233147728985,0.41556072829722407,-0.5248091312905151,1.2072584801153714,10,65
-0.36821205212873787,-0.07592922079946847,-0.39469230230768654,0.6609997644842204,1.5,0,0,2,-0.013585035454816633,-0.6795456917635454,0.43070117598626095,1.211334617078844,19,22
-0.36821205212873787,0.6430315058229292,-0.2688978453700076,1.8002825382269285,2.0,0,0,3,0.11716877854249193,-0.6795456917635454,0.16711212570301237,-0.8359051728251414,3,7
0.7758969183563824,1.0025118691341282,1.1427955047083895,2.141873284698337,1.0,0,3,2,0.08811237543197892,1.8839988824696197,0.36480391341544877,1.2154107540423162,10,72
0.7758969183563824,0.6430315058229292,0.9191609145969603,0.3399266440183999,2.0,0,0,2,1.352065910739295,-0.6795456917635454,0.6942902262695095,-0.8359051728251414,5,9
0.7758969183563824,0.6430315058229292,1.0589325334166035,-0.6989861214267029,2.0,0,0,2,1.49734792629186,-0.6795456917635454,1.0237765391235703,-0.8359051728251414,30,31
-0.36821205212873787,0.2835511425117304,0.3460972774364228,0.13419585352993812,2.0,0,0,2,0.7564096469737782,-0.6795456917635454,0.5295470698424791,-0.8359051728251414,32,41
-0.36821205212873787,0.6430315058229292,-0.29685216913393625,-1.0139594071341054,2.0,0,0,2,0.08811237543197892,-0.6795456917635454,1.320314220692225,-0.8359051728251414,30,31
-1.5123210226138581,-1.5138506740442639,-1.4010479578091182,-0.24316210584310294,1.0,0,0,3,-1.0596155474332851,-0.6795456917635454,-0.9860899692862002,1.203182343151899,34,53
-0.36821205212873787,-1.5138506740442639,-1.1494590439337602,-0.34852288803395937,1.5,0,0,4,-0.798107919438668,-0.6795456917635454,-1.2496790195694487,1.2042013773927673,34,73
-0.36821205212873787,0.6430315058229292,0.8492751051871386,0.11728267533614276,2.0,0,1,3,1.2794249029630125,-0.6795456917635454,-0.9860899692862002,1.203182343151899,34,69
-0.36821205212873787,-0.4354095841106673,-0.5903725686551872,0.28946437465330555,1.0,0,0,2,-0.21697985722840774,-0.6795456917635454,-0.09647692458023621,1.21337268556058,19,22
-0.36821205212873787,0.6430315058229292,2.163128322091785,0.15055450129115006,1.0,0,0,3,0.13169698009774844,3.6262136416572073,-0.953141338000794,1.2001252404292948,34,69
-0.36821205212873787,-1.5138506740442639,-1.2053676914616176,-0.03244054146139007,1.0,0,0,2,-0.856220725659694,-0.6795456917635454,0.6283929636986973,-0.8359051728251414,34,56
-0.36821205212873787,-0.4354095841106673,-0.47855527359947253,0.26672862691738386,1.5,0,0,4,-1.001502741212259,0.8635588092311752,-1.0519872318570123,-0.8359051728251414,19,22
-0.36821205212873787,-0.7948899474218662,0.9331380764789245,-0.60222056094089,1.0,0,0,3,-0.3767900743362293,2.3071081811294625,-0.9860899692862002,1.203182343151899,34,60
-1.5123210226138581,-1.5138506740442639,-1.4290022815730468,0.6529590732117603,1.0,0,0,3,-1.088671950543798,-0.6795456917635454,0.36480391341544877,-0.8359051728251414,31,35
0.7758969183563824,0.6430315058229292,1.0309782096526747,1.280964788112523,2.0,0,0,2,1.4682915231813471,-0.6795456917635454,0.8590333826965398,-0.8359051728251414,32,41
-0.36821205212873787,-0.07592922079946847,-0.25492068348804325,0.6912216730600186,1.0,0,0,2,-0.4494310821125118,0.31600559920079047,-0.29416871229267266,1.2062394458745034,10,72
-0.36821205212873787,-0.4354095841106673,-0.4226466260716152,1.2596153664580598,1.0,0,0,3,-0.04264143856532965,-0.6795456917635454,0.03531760056138807,-0.8359051728251414,26,26
-0.36821205212873787,-0.4354095841106673,0.06655403979713626,-1.0971389720216236,1.5,0,0,3,-0.7545233147728985,1.41111201926156,-1.4473708072818852,1.1950300692249545,34,53
-1.5123210226138581,-0.7948899474218662,-1.526842414746797,-1.7717252432593964,2.0,0,0,2,-1.1903693614305937,-0.6795456917635454,1.1555710642651946,-0.8359051728251414,34,53
-0.36821205212873787,-0.4354095841106673,-0.5065095973634012,0.4139564567682911,1.0,0,0,2,-0.1298106478968687,-0.6795456917635454,-0.3271173435780787,1.214391719801448,6,65
0.7758969183563824,0.2835511425117304,0.9331380764789245,0.7328114555037777,1.0,0,0,2,-0.08622604323109917,1.8093325356472945,-0.16237418715104837,1.1950300692249545,34,70
0.7758969183563824,-0.07592922079946847,0.1364398492069579,0.5664523257287413,1.0,0,0,3,0.5384866236449306,-0.6795456917635454,0.20006075698841844,1.1940110349840865,30,30
-0.36821205212873787,-0.4354095841106673,-0.7720756731207233,0.025785153959872697,1.0,0,0,2,-0.9724463381017461,0.29111681692668206,0.36480391341544877,1.2154107540423162,9,25
-0.36821205212873787,1.7214725957565258,-0.6602583780650088,-1.570707961447894,2.0,0,0,2,-0.7690515163281549,0.1417841232820317,1.1885196955506006,-0.8359051728251414,34,60
-0.36821205212873787,0.6430315058229292,0.4159830868462444,-0.5292998090561657,2.0,0,0,2,0.8290506547500608,-0.6795456917635454,0.9908279078381641,-0.8359051728251414,37,37
-0.36821205212873787,0.6430315058229292,0.1923484967348152,1.6591545431344392,1.5,0,0,4,-0.5656566945545639,1.3115568901651264,-1.9745489078483822,-0.8359051728251414,34,45
0.7758969183563824,0.2835511425117304,0.1364398492069579,1.2000033449553384,1.0,0,0,3,-0.10075424478635567,0.41556072829722407,-0.09647692458023621,-0.8359051728251414,30,30
-0.36821205212873787,-1.5138506740442639,-0.674235539946973,-0.34852288803395937,1.0,0,0,3,-0.3041490665599468,-0.6795456917635454,-0.5577577625759212,1.1848397268162736,34,56
-1.5123210226138581,-0.4354095841106673,-1.4709337672189398,-0.13225601932641196,1.0,0,0,3,-1.1322565552095676,-0.6795456917635454,-0.8213468128591698,-0.8359051728251414,34,70
-0.36821205212873787,-1.5138506740442639,-0.9258244538223309,0.31691363106618653,1.0,0,0,2,-0.5656566945545639,-0.6795456917635454,-0.49186050000510906,1.2072584801153714,5,9
-0.36821205212873787,2.4404333223789236,1.0309782096526747,-0.20517677121113628,2.5,0,4,3,0.5239584220896741,0.9382251560535004,0.2330093882738245,-0.8359051728251414,34,60
-0.36821205212873787,-1.5138506740442639,-1.3591164721632252,0.6393730776134656,1.0,0,0,4,-1.0160309427675156,-0.6795456917635454,-0.09647692458023621,-0.8359051728251414,14,13
0.7758969183563824,-1.5138506740442639,-0.6183268924191158,-0.1821637582589229,1.0,0,0,2,-0.24603626033892073,-0.6795456917635454,-0.030579662009424073,1.212353651319712,6,68
-1.5123210226138581,-1.5138506740442639,-1.1075275582878672,-0.556471800252755,1.5,0,0,3,-0.7545233147728985,-0.6795456917635454,-0.6895522877175455,1.1868777952980099,34,61
0.7758969183563824,0.6430315058229292,0.37405160120035147,-0.9030533206174143,2.0,0,0,4,-0.3332054696704598,1.2368905433428012,-2.0404461704191945,-0.8359051728251414,34,57
1.9200058888415028,1.0025118691341282,0.8632522670691029,-0.6146974956740178,1.5,0,0,4,1.293953104518269,-0.6795456917635454,-2.238137958131631,-0.8359051728251414,34,58
-0.36821205212873787,2.0809529590677247,-0.33878365477982925,-1.6150703960545705,2.0,0,0,2,-0.43490288055725534,0.1417841232820317,1.2544169581214126,-0.8359051728251414,34,73
-1.5123210226138581,-1.5138506740442639,-0.8559386444125093,-0.7588754081457161,1.0,0,1,2,-0.49301568677828134,-0.6795456917635454,-1.9086516452775701,1.1726113159258567,34,54
0.7758969183563824,-0.4354095841106673,0.4998460581380304,0.8409448898575514,1.0,0,0,2,-0.46395928366776834,1.6848886242767525,-0.3271173435780787,1.214391719801448,34,64
-0.36821205212873787,0.6430315058229292,0.1364398492069579,-1.2343852540860287,2.0,0,0,2,0.08811237543197892,0.0920065587338149,1.0237765391235703,-0.8359051728251414,16,15
-0.36821205212873787,-0.07592922079946847,-0.8279843206485806,-0.01580462848388642,1.5,0,0,3,-0.46395928366776834,-0.6795456917635454,-1.5462167011381034,-0.8359051728251414,34,56
-0.36821205212873787,-0.4354095841106673,-0.2269663597241146,0.2711648703780515,1.0,0,0,2,-0.9143335318807201,1.162224196520476,-0.3271173435780787,1.214391719801448,6,65
-0.36821205212873787,0.6430315058229292,0.5138232200199947,-0.3460275010873338,1.0,0,0,2,0.9307480656368563,-0.6795456917635454,1.1555710642651946,-0.8359051728251414,30,31
0.7758969183563824,0.2835511425117304,-0.18503487407822164,0.3787437742992418,1.0,0,0,3,-0.43490288055725534,0.41556072829722407,0.33185528213004273,-0.8359051728251414,19,21
-0.36821205212873787,-0.7948899474218662,0.09450836356106491,0.010258301847535959,1.0,0,0,2,-0.2024516556731512,0.5151158573936577,-0.16237418715104837,1.1950300692249545,34,56
-0.36821205212873787,0.6430315058229292,-0.725951038910241,-1.0139594071341054,2.0,0,0,2,-0.3579034123143958,-0.6795456917635454,1.3532628519776309,-0.8359051728251414,18,19
-0.36821205212873787,-0.7948899474218662,0.7234806482494597,1.4528692222133939,1.0,0,0,3,1.148671088965704,-0.6795456917635454,-0.09647692458023621,-0.8359051728251414,37,37
-0.36821205212873787,-0.4354095841106673,-0.6462812161830445,-0.27920658396102754,1.0,0,3,3,-0.856220725659694,0.31600559920079047,-1.0190386005716063,1.1909539322614822,20,66
0.7758969183563824,0.6430315058229292,0.26223430614463683,-0.7483393299266304,2.0,0,0,2,0.6692404376422392,-0.6795456917635454,1.0567251704089764,-0.8359051728251414,21,23
-0.36821205212873787,-0.4354095841106673,-0.4925324354814368,0.535121356287776,1.0,0,0,2,-0.6964105085518725,0.31600559920079047,0.7601874888403216,-0.8359051728251414,21,23
0.7758969183563824,1.0025118691341282,0.12246268732499356,-0.051849106601810996,1.0,0,0,4,-0.943389934991233,1.8342213179214029,-0.3930146061488909,-0.8359051728251414,34,60
0.7758969183563824,0.6430315058229292,2.2749456171475,-0.5523128220083791,3.0,0,0,2,2.761301461599176,-0.6795456917635454,1.452108745833849,-0.8359051728251414,30,30
1.9200058888415028,-0.7948899474218662,-0.6043497305371515,-0.04020396751755844,1.0,0,0,4,-1.3065949738726457,1.162224196520476,-1.6450625949943216,-0.8359051728251414,6,67
1.9200058888415028,0.2835511425117304,1.4642702279935689,0.14528646218160723,1.0,0,0,2,-0.11528244634161218,2.8048838266116305,-0.3271173435780787,1.214391719801448,34,59
1.9200058888415028,1.361992232445327,0.7234806482494597,-0.7391895777890034,2.0,0,0,2,1.148671088965704,-0.6795456917635454,0.7931361201257278,-0.8359051728251414,34,55
0.7758969183563824,-0.07592922079946847,0.05257687791517193,0.8991705852788142,1.0,0,0,2,0.23339439098454398,-0.30621395765191944,-0.29416871229267266,1.2062394458745034,6,67
-0.36821205212873787,-0.07592922079946847,-0.5204867592453655,0.026339684392456153,1.0,0,0,2,-0.1443388494521252,-0.6795456917635454,0.7272388575549156,-0.8359051728251414,0,0
1.9200058888415028,-0.4354095841106673,0.5557547056658877,1.9588782419457966,1.0,0,0,3,-0.6964105085518725,2.1826642697589205,-0.06352829329483015,-0.8359051728251414,31,36
-1.5123210226138581,-1.5138506740442639,-1.7085455192123333,-0.01580462848388642,1.0,0,0,2,-1.3792359816489284,-0.6795456917635454,-0.887244075429982,1.2042013773927673,34,70
0.7758969183563824,1.0025118691341282,0.7234806482494597,2.0922428109821176,2.0,0,0,3,1.148671088965704,-0.6795456917635454,0.5954443324132913,-0.8359051728251414,24,36
-1.5123210226138581,-1.5138506740442639,-0.6462812161830445,-0.033272337110265254,1.0,0,0,2,-0.9288617334359766,0.44044951057133247,-0.953141338000794,1.1960491034658225,34,46
-0.36821205212873787,-1.5138506740442639,-1.2193448533435818,-0.5703350610673413,1.0,0,0,4,-0.8707489272149506,-0.6795456917635454,0.002368969275982,-0.8359051728251414,9,25
1.9200058888415028,-0.07592922079946847,2.2330141315016068,0.5900198691135381,1.5,0,0,2,2.7177168569334067,-0.6795456917635454,-1.4803194385672913,1.2042013773927673,34,63
-0.36821205212873787,-1.5138506740442639,-0.4645781117175082,0.018576258336287784,1.0,0,0,3,-0.08622604323109917,-0.6795456917635454,-0.3930146061488909,1.1736303501667247,31,33
-0.36821205212873787,1.361992232445327,0.7933664576592813,0.2902961703021807,2.0,0,0,2,1.2213120967419864,-0.6795456917635454,0.891982013981946,-0.8359051728251414,18,19
1.9200058888415028,0.6430315058229292,1.7158591418689269,1.16811784508179,1.0,0,0,3,0.17528158476351796,2.7551062620634137,0.03531760056138807,-0.8359051728251414,22,24
-0.36821205212873787,-0.4354095841106673,0.569731867547852,-0.8459366860613184,1.0,0,0,4,-0.710938710107129,2.2324418343071373,-1.7439084888505398,-0.8359051728251414,34,63
-1.5123210226138581,-0.4354095841106673,-1.009687425114117,-1.7259764825712614,2.0,0,0,2,-0.652825903886103,-0.6795456917635454,1.452108745833849,-0.8359051728251414,16,17
-0.36821205212873787,0.2835511425117304,-0.7301441874748303,-1.6544420567679958,2.0,0,0,2,-0.5366002914440509,-0.38088030447424465,1.1226224329797885,1.2052204116336354,16,15
1.9200058888415028,2.0809529590677247,1.2126813141182111,0.025785153959872697,2.0,0,0,2,1.6571581433996816,-0.6795456917635454,0.8260847514111338,-0.8359051728251414,34,48
-0.36821205212873787,-1.5138506740442639,-1.2333220152255462,-0.4416840007079798,1.0,0,0,3,-1.088671950543798,-0.33110273992602784,-0.7554495502883577,1.189934898020614,34,53
-1.5123210226138581,-1.5138506740442639,-1.2892306627534036,-1.1803185369091418,1.0,0,0,3,-0.943389934991233,-0.6795456917635454,-1.4803194385672913,1.1695542132032524,26,26
-0.36821205212873787,0.6430315058229292,-0.18503487407822164,-1.26349810179666,2.0,0,0,2,0.20433798787403096,-0.6795456917635454,1.3532628519776309,-0.8359051728251414,34,60
-0.36821205212873787,0.2835511425117304,-0.6183268924191158,-1.7420578651161815,2.0,0,0,2,-0.6382977023308464,-0.0075485703626186895,1.2873655894068188,-0.8359051728251414,34,48
-1.5123210226138581,-1.5138506740442639,-0.8978701300584023,-0.7228309300277914,1.0,0,0,3,-0.5366002914440509,-0.6795456917635454,-2.106343432990007,1.1919729665023502,34,53
0.7758969183563824,-0.07592922079946847,-0.19901203596018596,2.0609118415411523,1.0,0,1,3,0.015471367655696379,-0.38088030447424465,-0.3271173435780787,1.203182343151899,10,72
-0.36821205212873787,1.7214725957565258,-0.4226466260716152,-1.5471404180630972,3.0,0,0,2,-0.04264143856532965,-0.6795456917635454,1.2214683268360067,-0.8359051728251414,34,61
-0.36821205212873787,0.6430315058229292,1.0729096952985677,-1.6134068047568202,2.0,0,0,2,-0.5511284929993073,2.8546613911598473,1.0896738016943823,-0.8359051728251414,34,45
0.7758969183563824,0.6430315058229292,1.5062017136394619,-0.32079636640478665,2.0,0,0,2,1.9622503760600682,-0.6795456917635454,1.1555710642651946,-0.8359051728251414,30,30
-2.6564299930989783,-1.5138506740442639,-1.7225226810942975,-1.3189511450550055,1.0,0,0,3,-1.3937641832041847,-0.6795456917635454,-2.0733948017046004,-0.8359051728251414,34,48
-0.36821205212873787,-0.4354095841106673,-0.33878365477982925,0.25868793564492376,1.0,0,0,3,0.044527770766209396,-0.6795456917635454,-0.3930146061488909,1.1736303501667247,3,4
-0.36821205212873787,-0.07592922079946847,0.2482571442626725,-0.5841983218819278,1.0,0,0,4,-0.8416925241044375,1.8839988824696197,-1.6780112262797278,1.1349070490137374,34,56
0.7758969183563824,0.6430315058229292,1.7577906275148198,0.03937114955816734,2.0,0,0,2,2.2237580040546856,-0.6795456917635454,1.1885196955506006,-0.8359051728251414,21,23
-0.36821205212873787,-0.7948899474218662,0.6256405150757094,2.008231450445724,1.0,0,0,3,0.2769789956503135,0.6395597687641996,-0.29416871229267266,1.203182343151899,17,16
1.9200058888415028,0.6430315058229292,0.47189173437410176,-0.26534332314644116,2.0,0,0,2,0.8871634609710868,-0.6795456917635454,0.8260847514111338,-0.8359051728251414,1,44
-0.36821205212873787,-0.7948899474218662,-0.7301441874748303,0.6626633557819707,1.0,0,0,2,-0.36226187278097277,-0.6795456917635454,-0.29416871229267266,1.2062394458745034,35,69
-0.36821205212873787,0.6430315058229292,-0.15708055031429297,-0.6507419737919423,2.0,0,0,2,0.23339439098454398,-0.6795456917635454,0.7601874888403216,-0.8359051728251414,16,17
-0.36821205212873787,1.0025118691341282,-0.04526325525857836,-0.23761680151726838,1.0,0,0,4,-0.36226187278097277,0.540004639667766,-0.920192706715388,-0.8359051728251414,34,47
0.7758969183563824,0.6430315058229292,0.8632522670691029,-0.27754299266327714,2.0,0,0,2,1.293953104518269,-0.6795456917635454,0.7272388575549156,-0.8359051728251414,41,40
0.7758969183563824,-0.07592922079946847,0.37405160120035147,0.12282797966197731,1.0,0,0,2,-0.8126361209939245,2.0582203583883785,0.29890665084463663,1.2164297882831843,31,35
-0.36821205212873787,-0.07592922079946847,-0.5065095973634012,-0.07125767174223191,2.0,0,2,3,-0.885277128770207,0.6146709864900912,0.03531760056138807,-0.8359051728251414,34,58
-0.36821205212873787,-0.4354095841106673,-0.3248064928978649,2.7998236429586063,1.0,0,0,2,-0.6673541054413594,0.5648934219418744,0.2659580195592306,-0.8359051728251414,21,23
0.7758969183563824,1.0025118691341282,1.33847577105589,-0.11977908459328422,1.0,0,0,2,-0.1443388494521252,2.6306623506928717,0.10121486313220021,1.2154107540423162,19,22
0.7758969183563824,-0.7948899474218662,-0.7860528350026877,0.7486155728324062,1.0,0,0,2,-1.1032001520990546,0.49022707511954927,0.06826623184679415,1.2042013773927673,19,22
-0.36821205212873787,-0.4354095841106673,0.38802876308231576,2.479582318141661,1.0,0,0,2,-0.3913182758914858,1.3613344547133432,-0.3930146061488909,1.2062394458745034,3,4
0.7758969183563824,-0.4354095841106673,1.1987041522362467,2.833372734129905,1.0,0,2,2,-0.3041490665599468,2.65555113296698,-0.458911868719703,1.203182343151899,6,67
0.7758969183563824,0.6430315058229292,0.15041701108892222,0.31691363106618653,1.0,0,0,2,-0.3477336712257163,0.8635588092311752,-0.2282714497218605,1.2103155828379757,3,5
-1.5123210226138581,-0.07592922079946847,-0.5065095973634012,-0.7186719517834156,1.0,0,0,2,-0.1298106478968687,-0.6795456917635454,1.1885196955506006,-0.8359051728251414,30,31
0.7758969183563824,1.7214725957565258,2.2875250628412678,0.29667327027689044,2.0,0,0,2,2.774376842998907,-0.6795456917635454,1.4191601145484432,1.1236976723641885,31,32
-1.5123210226138581,0.6430315058229292,0.3181429536724941,-0.46469701366019317,1.0,0,0,2,0.7273532438632652,-0.6795456917635454,1.0567251704089764,-0.8359051728251414,30,31
-0.36821205212873787,-0.4354095841106673,-0.4226466260716152,-1.589007465723148,3.0,0,0,2,-0.04264143856532965,-0.6795456917635454,1.452108745833849,-0.8359051728251414,34,46
0.7758969183563824,1.7214725957565258,1.1288183428264251,0.00249487579136759,2.0,0,0,2,0.5820712283107001,1.0128915028758256,1.0896738016943823,-0.8359051728251414,16,15
-0.36821205212873787,-0.4354095841106673,-0.7860528350026877,0.4053612350632476,1.0,0,0,2,-0.4203746790019988,-0.6795456917635454,0.39775254470085486,-0.8359051728251414,9,25
4.208223829811743,0.6430315058229292,0.010645392269278948,-0.49880063526407564,2.0,0,0,2,0.40773280964762204,-0.6795456917635454,0.7931361201257278,-0.8359051728251414,1,44
0.7758969183563824,1.0025118691341282,0.6731628654743881,0.12088712314793522,2.0,0,0,2,1.0963695633667805,-0.6795456917635454,1.1885196955506006,-0.8359051728251414,1,1
-0.36821205212873787,0.2835511425117304,0.5278003819019591,-0.01580462848388642,2.0,0,0,2,0.9452762671921128,-0.6795456917635454,0.6613415949841034,1.211334617078844,18,19
-0.36821205212873787,-0.4354095841106673,-0.12912622655036432,0.9610007285118695,1.0,0,0,3,-0.6382977023308464,0.8635588092311752,0.13416349441760628,-0.8359051728251414,31,35
0.7758969183563824,0.2835511425117304,0.5138232200199947,0.12282797966197731,1.0,0,0,2,-0.4058464774467423,1.6102222774544273,-0.3600659748634848,1.1909539322614822,34,59
-0.36821205212873787,-0.07592922079946847,0.26223430614463683,-0.8808721033140762,2.0,0,0,2,0.6692404376422392,-0.6795456917635454,1.0896738016943823,-0.8359051728251414,30,31
0.7758969183563824,-0.4354095841106673,-0.12912622655036432,0.6496318906162595,1.0,0,0,2,-0.6382977023308464,0.8635588092311752,-0.09647692458023621,1.21337268556058,30,30
-0.36821205212873787,0.2835511425117304,0.1364398492069579,0.7025895469279795,1.0,0,0,3,-0.23150805878366423,0.6395597687641996,0.463649807271667,-0.8359051728251414,24,36
-0.36821205212873787,-0.7948899474218662,-0.7860528350026877,0.33632219620660747,1.0,0,0,3,-0.4203746790019988,-0.6795456917635454,-0.29416871229267266,1.203182343151899,1,44
-1.5123210226138581,0.6430315058229292,-0.47855527359947253,-1.6167339873523208,2.0,0,0,2,-0.10075424478635567,-0.6795456917635454,1.452108745833849,-0.8359051728251414,16,17
0.7758969183563824,-1.5138506740442639,-1.0236645869960812,-0.34852288803395937,1.5,0,0,2,-0.6673541054413594,-0.6795456917635454,-1.5462167011381034,1.2001252404292948,34,48
-0.36821205212873787,-0.07592922079946847,-0.24094352160607893,0.498522347737268,2.0,0,0,3,0.14622518165300494,-0.6795456917635454,0.4965984385570731,-0.8359051728251414,30,30
4.208223829811743,0.6430315058229292,0.9051837527149958,-0.41783919210689124,1.0,0,0,3,0.320563600316083,1.0626690674240424,-2.271086589417037,-0.8359051728251414,34,58
0.7758969183563824,-0.4354095841106673,-0.39469230230768654,0.14362287088385686,1.0,0,0,3,-0.739995113217642,0.5648934219418744,-0.6566036564321395,1.1848397268162736,34,61
-1.5123210226138581,-1.5138506740442639,-1.1913905295796532,0.6038831299281244,1.0,0,0,2,-0.8416925241044375,-0.6795456917635454,-0.3930146061488909,1.2062394458745034,31,35
-0.36821205212873787,0.6430315058229292,0.024622554151243276,-1.0139594071341054,2.0,0,0,2,0.42226101120287857,-0.6795456917635454,1.320314220692225,-0.8359051728251414,21,23
-0.36821205212873787,-0.4354095841106673,-0.4086694641896509,1.7309662341539966,1.0,0,0,2,-0.798107919438668,0.6395597687641996,-0.9860899692862002,1.1980871719475588,34,59
0.7758969183563824,-0.07592922079946847,0.4159830868462444,0.7328114555037777,1.5,0,0,4,0.8290506547500608,-0.6795456917635454,-0.3600659748634848,-0.8359051728251414,3,4
-0.36821205212873787,2.0809529590677247,-0.9677559394682239,-1.5501903354423063,2.0,0,0,2,-0.9579181365464896,-0.08221491718494388,1.2544169581214126,-0.8359051728251414,34,62
-0.36821205212873787,-0.07592922079946847,-1.3311621483992964,-0.6257881043256869,1.0,0,0,2,-0.9869745396570025,-0.6795456917635454,-0.9860899692862002,1.1980871719475588,34,63
0.7758969183563824,0.2835511425117304,0.1923484967348152,0.06737493640363182,2.0,0,0,3,0.5965994298659566,-0.6795456917635454,0.2330093882738245,-0.8359051728251414,19,22
-0.36821205212873787,2.4404333223789236,1.8416535988066058,-0.40480772694118006,2.0,0,2,3,1.032445476523652,1.5106671483579936,-0.6236550251467333,1.201144274670163,34,73
0.7758969183563824,-0.07592922079946847,-0.7860528350026877,-0.9030533206174143,2.0,0,0,2,-0.4203746790019988,-0.6795456917635454,-0.6236550251467333,1.1960491034658225,34,73
-0.36821205212873787,0.6430315058229292,0.9331380764789245,-0.5980615826965141,2.0,0,1,2,1.3665941122945515,-0.6795456917635454,0.924930645267352,1.2082775143562396,31,33
0.7758969183563824,-0.4354095841106673,0.16439417297088654,1.0156219761213399,1.0,0,3,2,-0.3041490665599468,0.8137812446829584,0.13416349441760628,-0.8359051728251414,20,66
-1.5123210226138581,-1.5138506740442639,-1.1774133676976888,-0.6257881043256869,1.0,0,0,3,-1.3501795785384152,0.2164504701043569,-0.920192706715388,1.1838206925754056,34,60
-1.5123210226138581,-1.5138506740442639,-1.1075275582878672,-0.5980615826965141,1.0,0,0,2,-0.7545233147728985,-0.6795456917635454,-0.920192706715388,1.201144274670163,34,62
-0.36821205212873787,-0.7948899474218662,-1.1913905295796532,-1.1969544498866453,1.5,0,0,3,-0.8416925241044375,-0.6795456917635454,-1.6450625949943216,-0.8359051728251414,34,53
-0.36821205212873787,1.7214725957565258,-0.5484410830092942,-1.816919473514948,3.0,0,0,2,-0.1733952525626382,-0.6795456917635454,1.3532628519776309,-0.8359051728251414,34,58
-0.36821205212873787,-0.07592922079946847,-0.9398016157042953,0.23151594444833448,1.0,0,0,2,-0.5801848961098204,-0.6795456917635454,0.5295470698424791,-0.8359051728251414,21,23
0.7758969183563824,0.6430315058229292,2.8200549305441087,0.9978770022786692,3.0,0,0,2,3.3279013222541796,-0.6795456917635454,1.4191601145484432,1.1236976723641885,32,42
-0.36821205212873787,-0.07592922079946847,-0.0033317696126853795,1.3003733532529438,1.0,0,0,3,0.39320460809236557,-0.6795456917635454,-0.12942555586564228,-0.8359051728251414,18,25
0.7758969183563824,2.0809529590677247,3.0856210063014307,-0.046581067492268174,2.0,0,0,2,2.180173399388916,1.7595549710990777,1.0896738016943823,-0.8359051728251414,19,22
1.9200058888415028,0.6430315058229292,1.7717677893967843,-0.22236721462122339,2.0,0,0,2,2.238286205609942,-0.6795456917635454,1.2873655894068188,-0.8359051728251414,37,37
-0.36821205212873787,0.2835511425117304,0.2482571442626725,0.11312369709176685,1.0,0,0,3,-0.43490288055725534,1.1871129787945844,0.10121486313220021,-0.8359051728251414,14,13
1.9200058888415028,0.6430315058229292,1.0309782096526747,2.6395643479419877,1.5,0,0,3,-0.05716964012058615,1.9337764470178365,-1.6450625949943216,-0.8359051728251414,34,59
-0.36821205212873787,-1.5138506740442639,-0.7021898637109018,-0.9474157552240907,1.0,0,0,2,-1.0305591443227722,0.5151158573936577,-0.8213468128591698,1.212353651319712,34,55
0.7758969183563824,-0.4354095841106673,-0.07321757902250701,-0.980687581179098,1.5,0,0,3,0.320563600316083,-0.6795456917635454,-1.5132680698526972,-0.8359051728251414,34,51
3.064114859326623,2.4404333223789236,2.88994073995393,-0.3443639097895835,2.0,0,2,2,2.063947786946864,1.6102222774544273,1.1226224329797885,1.2052204116336354,31,35
0.7758969183563824,-0.07592922079946847,0.1364398492069579,0.32412252668977143,2.0,0,0,2,0.5384866236449306,-0.6795456917635454,-0.8542954441445759,-0.8359051728251414,39,68
0.7758969183563824,-0.07592922079946847,0.42996024872820876,0.1297596100692705,1.0,0,0,4,-0.7835797178834115,2.1079979229365953,-0.458911868719703,-0.8359051728251414,34,48
-0.36821205212873787,0.6430315058229292,-0.6183268924191158,-1.538267931141762,3.0,0,0,2,-0.24603626033892073,-0.6795456917635454,1.1226224329797885,1.2052204116336354,34,59
-0.36821205212873787,0.2835511425117304,0.2901886299085655,-1.1803185369091418,2.0,0,0,2,0.6982968407527522,-0.6795456917635454,-2.1392920642754127,1.2082775143562396,34,46
-0.36821205212873787,1.7214725957565258,-0.5624182448912585,-1.5679353092849768,2.0,0,0,2,-0.7545233147728985,0.29111681692668206,1.4191601145484432,1.1236976723641885,34,48
-0.36821205212873787,-0.7948899474218662,0.10848552544302924,0.6163600646612521,1.0,0,0,2,-0.1298106478968687,0.41556072829722407,-0.6236550251467333,1.1960491034658225,34,59
1.9200058888415028,1.361992232445327,1.2685899616460683,-0.01608189370017815,1.0,0,0,2,0.0735841738767224,2.1328867052107037,1.0896738016943823,-0.8359051728251414,39,70
0.7758969183563824,-0.07592922079946847,0.9331380764789245,-0.6812411475840323,1.0,0,2,2,-0.3767900743362293,2.3071081811294625,-0.5577577625759212,-0.8359051728251414,34,57
1.9200058888415028,1.0025118691341282,1.1288183428264251,-0.4549927310899827,1.5,0,0,4,0.015471367655696379,1.9835540115660533,-1.4803194385672913,-0.8359051728251414,34,53
-0.36821205212873787,0.6430315058229292,-0.5903725686551872,0.8670078201889738,1.0,0,0,1,-0.9143335318807201,0.5151158573936577,0.20006075698841844,-0.8359051728251414,41,43
-0.36821205212873787,-0.7948899474218662,0.024622554151243276,2.411375074933896,1.0,0,0,3,0.42226101120287857,-0.6795456917635454,-0.3600659748634848,-0.8359051728251414,14,2
0.7758969183563824,0.6430315058229292,0.2901886299085655,-0.0033276937507586866,2.0,0,0,2,0.6982968407527522,-0.6795456917635454,1.0896738016943823,-0.8359051728251414,34,61
-0.36821205212873787,-0.07592922079946847,0.16439417297088654,-0.92163009010896,1.0,0,0,2,-0.6964105085518725,1.4857783660838852,-1.4473708072818852,1.203182343151899,34,52
-0.36821205212873787,0.2835511425117304,-0.6882127018289375,0.11534181882210066,1.0,0,0,2,-1.0450873458780285,0.5648934219418744,0.39775254470085486,-0.8359051728251414,18,19
0.7758969183563824,-0.7948899474218662,0.15041701108892222,0.4278197175828775,1.0,0,0,3,-0.9288617334359766,1.8591101001955113,-0.29416871229267266,1.203182343151899,3,6
-0.36821205212873787,0.6430315058229292,0.1364398492069579,-0.07957562823098374,2.0,0,0,3,0.5384866236449306,-0.6795456917635454,0.6942902262695095,-0.8359051728251414,16,17
-0.36821205212873787,0.6430315058229292,0.5278003819019591,-0.700926977940745,2.0,0,0,2,0.9452762671921128,-0.6795456917635454,1.3532628519776309,-0.8359051728251414,17,16
-0.36821205212873787,-0.07592922079946847,-0.24094352160607893,1.1514819321042862,1.0,0,0,4,-0.8707489272149506,1.0626690674240424,0.2330093882738245,-0.8359051728251414,31,35
0.7758969183563824,1.0025118691341282,0.3041657917905298,0.7369704337481536,1.0,0,0,4,-0.6092412992203334,1.5853334951803189,0.20006075698841844,-0.8359051728251414,24,33
-0.36821205212873787,-1.5138506740442639,-0.9537787775862596,2.3140549840155,1.0,0,0,3,-0.5947130976650769,-0.6795456917635454,-0.3600659748634848,-0.8359051728251414,31,33
-1.5123210226138581,0.2835511425117304,-0.45060094983554383,-1.4464931445492002,2.0,0,0,3,-0.07169784167584266,-0.6795456917635454,0.29890665084463663,-0.8359051728251414,31,33
-0.36821205212873787,2.0809529590677247,0.779389295777317,-1.0189501810273565,2.0,0,0,2,0.08811237543197892,1.2368905433428012,1.1555710642651946,-0.8359051728251414,16,15
1.9200058888415028,-0.07592922079946847,0.7234806482494597,0.618578186391586,1.0,0,0,3,-0.6092412992203334,2.331996963403571,-2.304035220702443,1.1563067680719672,34,61
0.7758969183563824,0.6430315058229292,0.3321201155544585,1.8762532074908618,2.0,0,0,2,0.7418814454185217,-0.6795456917635454,0.7272388575549156,-0.8359051728251414,11,11
-1.5123210226138581,-1.5138506740442639,-1.2053676914616176,-0.3973215661013034,1.0,0,2,4,-0.856220725659694,-0.6795456917635454,-0.6895522877175455,-0.8359051728251414,34,70
-1.5123210226138581,-1.5138506740442639,-1.736499842976262,-0.5481538437640031,1.0,0,0,3,-1.4082923847594413,-0.6795456917635454,-0.920192706715388,1.1838206925754056,31,33
-1.5123210226138581,-1.5138506740442639,-1.652636871684476,-0.5925162783706795,1.0,0,0,3,-1.3211231754279023,-0.6795456917635454,-0.953141338000794,1.2001252404292948,34,60
0.7758969183563824,-0.07592922079946847,-0.3667379785437579,1.3305952618287422,1.0,0,0,2,0.015471367655696379,-0.6795456917635454,-0.49186050000510906,1.2072584801153714,17,16
-1.5123210226138581,-1.5138506740442639,-1.3171849865173322,-0.6806866171514488,1.0,0,0,2,-0.9724463381017461,-0.6795456917635454,-0.7554495502883577,1.214391719801448,34,55
-0.36821205212873787,0.2835511425117304,0.9471152383608888,0.48382729127380647,2.0,0,0,2,1.381122313849808,-0.6795456917635454,0.5954443324132913,1.202163308911031,30,30
0.7758969183563824,1.7214725957565258,2.875963578071966,0.7012032208465208,2.0,0,0,2,3.3860141284752054,-0.6795456917635454,1.1226224329797885,1.2052204116336354,30,31
-1.5123210226138581,-1.5138506740442639,-0.9817331013501883,-0.9585063638757598,1.0,0,0,2,-0.6237695007755899,-0.6795456917635454,-1.381473544711073,1.1552877338310992,34,53
-0.36821205212873787,-0.7948899474218662,-0.4086694641896509,-0.009704793725468418,2.0,0,0,3,-0.02811323701007314,-0.6795456917635454,-2.0404461704191945,-0.8359051728251414,34,50
1.9200058888415028,-1.5138506740442639,0.8632522670691029,-0.730317090867668,2.5,0,0,3,1.293953104518269,-0.6795456917635454,-2.1392920642754127,-0.8359051728251414,34,58
-1.5123210226138581,-1.5138506740442639,-1.56877390039269,-0.8808721033140762,1.0,0,0,3,-1.2339539660963632,-0.6795456917635454,-0.953141338000794,1.2001252404292948,34,60
-0.36821205212873787,-0.4354095841106673,-0.6043497305371515,0.2539744269679644,1.0,0,0,2,-0.23150805878366423,-0.6795456917635454,0.891982013981946,-0.8359051728251414,19,22
-0.36821205212873787,-0.7948899474218662,0.17837133485285087,2.378935044627764,1.5,0,0,2,0.5820712283107001,-0.6795456917635454,-2.2051893268462246,1.2072584801153714,31,34
0.7758969183563824,0.6430315058229292,0.4579145724921374,-0.9826284376931401,2.0,0,0,2,0.8726352594158303,-0.6795456917635454,1.0896738016943823,-0.8359051728251414,19,22
-0.36821205212873787,-0.4354095841106673,0.9051837527149958,1.0378031934246779,1.0,0,0,3,-0.5366002914440509,2.531107221596438,-0.6236550251467333,1.201144274670163,3,5
-1.5123210226138581,-1.5138506740442639,-1.1634362058157246,0.283919070327471,1.0,0,0,3,-0.8126361209939245,-0.6795456917635454,-0.7554495502883577,1.189934898020614,35,66
1.9200058888415028,1.361992232445327,1.9534708938623204,3.2908603410112556,2.0,0,0,3,1.381122313849808,1.1124466319722592,0.2330093882738245,-0.8359051728251414,22,24
-1.5123210226138581,-1.5138506740442639,-1.0376417488780456,0.04186653650479289,1.0,0,0,2,-1.2048975629858503,0.2164504701043569,-0.953141338000794,1.1960491034658225,34,68
0.7758969183563824,-0.07592922079946847,1.2685899616460683,1.6940899603871968,1.0,0,0,2,-0.3477336712257163,2.8546613911598473,-0.5907063938613273,1.2103155828379757,8,3
0.7758969183563824,1.0025118691341282,0.16439417297088654,-0.9141439292690834,1.0,0,0,3,-0.6964105085518725,1.4857783660838852,0.5295470698424791,-0.8359051728251414,34,54
-0.36821205212873787,-0.7948899474218662,-0.15708055031429297,-0.4161756008091409,1.5,0,0,2,-0.02811323701007314,-0.23154761082959427,-0.7883981815737637,-0.8359051728251414,34,57
0.7758969183563824,0.6430315058229292,2.4286943978491076,0.11728267533614276,2.5,0,0,2,2.9211116787069975,-0.6795456917635454,1.2214683268360067,-0.8359051728251414,16,17
0.7758969183563824,2.0809529590677247,1.3664300948198187,-0.5536991480898377,2.0,0,0,2,1.816968360507503,-0.6795456917635454,1.386211483263037,1.1124882957146396,37,37
-0.36821205212873787,-0.07592922079946847,-0.15708055031429297,-0.6257881043256869,1.5,0,0,3,0.08811237543197892,-0.43065786902246145,-0.953141338000794,1.2001252404292948,34,54
0.7758969183563824,2.7999136856901226,2.2889227790294644,0.2753238486224274,2.0,0,0,2,1.7443273527312206,1.0875578496981508,1.4191601145484432,1.1236976723641885,22,24
-0.36821205212873787,-0.7948899474218662,-0.9258244538223309,-1.3588773362010143,2.0,0,0,2,-0.5656566945545639,-0.6795456917635454,1.386211483263037,1.1124882957146396,34,50
-0.36821205212873787,-0.07592922079946847,0.4020059249642801,0.8367859116131755,2.0,0,0,2,-0.02811323701007314,0.7640036801347416,0.33185528213004273,-0.8359051728251414,16,15
0.7758969183563824,-0.07592922079946847,0.22030282049874386,0.9823501501663324,1.0,0,0,3,0.6256558329764697,-0.6795456917635454,-0.6236550251467333,1.201144274670163,22,24
0.7758969183563824,0.6430315058229292,1.0589325334166035,3.1597138937052685,2.0,0,0,2,1.49734792629186,-0.6795456917635454,0.4965984385570731,-0.8359051728251414,32,41
-0.36821205212873787,1.361992232445327,-0.2828750072519719,-1.1969544498866453,3.0,0,0,2,0.10264057698723542,-0.6795456917635454,0.4965984385570731,-0.8359051728251414,34,55
-1.5123210226138581,-1.5138506740442639,-0.8559386444125093,0.4458419566418398,1.0,0,0,3,-0.49301568677828134,-0.6795456917635454,-0.887244075429982,-0.8359051728251414,6,68
-0.36821205212873787,-1.5138506740442639,-1.0935503964059028,0.24621100091179604,1.0,0,0,3,-0.9724463381017461,-0.28132517537781104,-1.2496790195694487,1.1593638707945715,35,66
-1.5123210226138581,-1.5138506740442639,-0.8279843206485806,0.14722731869564934,1.0,0,2,2,-0.46395928366776834,-0.6795456917635454,-0.7554495502883577,1.214391719801448,34,70
-0.36821205212873787,-0.4354095841106673,-0.4645781117175082,-0.3152510620789521,1.5,0,0,2,-0.08622604323109917,-0.6795456917635454,-1.5132680698526972,1.21337268556058,34,53
-0.36821205212873787,0.6430315058229292,1.9339028672275704,1.16174074510708,2.0,0,0,2,2.406813343650917,-0.6795456917635454,0.5295470698424791,-0.8359051728251414,14,13
0.7758969183563824,0.6430315058229292,0.15041701108892222,-0.33909587068004066,2.0,0,0,2,0.5530148252001871,-0.6795456917635454,0.6613415949841034,1.211334617078844,34,53
-0.36821205212873787,-0.4354095841106673,-0.04526325525857836,1.083551954112813,1.0,0,0,3,0.34962000342659605,-0.6795456917635454,-0.3600659748634848,-0.8359051728251414,3,7
0.7758969183563824,1.0025118691341282,0.5417775437839234,-0.80767408621306,2.0,0,0,2,0.9598044687473694,-0.6795456917635454,1.386211483263037,1.1124882957146396,31,36
-0.36821205212873787,-0.4354095841106673,-0.3807151404257222,-0.27920658396102754,1.0,0,0,2,-1.2048975629858503,1.3862232369874516,0.33185528213004273,-0.8359051728251414,34,54
0.7758969183563824,0.6430315058229292,0.82132078142321,-0.001109572020424867,2.0,0,0,2,1.2503684998524995,-0.6795456917635454,0.6613415949841034,1.211334617078844,31,36
-0.36821205212873787,-0.4354095841106673,-0.3108293310159006,0.9823501501663324,1.0,0,0,3,0.0735841738767224,-0.6795456917635454,-0.3930146061488909,1.1736303501667247,17,16
-0.36821205212873787,-0.7948899474218662,-0.800029996884652,0.6939943252229359,1.5,0,0,4,-0.43490288055725534,-0.6795456917635454,0.463649807271667,-0.8359051728251414,26,26
-1.5123210226138581,-1.5138506740442639,-1.56877390039269,-0.027449767568138977,1.0,0,0,4,-1.2339539660963632,-0.6795456917635454,-0.8542954441445759,-0.8359051728251414,6,68
1.9200058888415028,0.6430315058229292,2.666306149842501,2.675054295627329,2.0,0,0,2,3.168091105146358,-0.6795456917635454,0.6942902262695095,-0.8359051728251414,14,13
-1.5123210226138581,-1.5138506740442639,-1.3311621483992964,-1.4215392750829448,1.0,0,0,3,-1.1613129583200807,-0.38088030447424465,-1.7109598575651337,1.1756684186484607,34,55
0.7758969183563824,-0.4354095841106673,-0.47855527359947253,0.18382632724615736,2.0,0,0,3,-0.10075424478635567,-0.6795456917635454,-0.3271173435780787,1.203182343151899,35,61
0.7758969183563824,1.0025118691341282,0.5278003819019591,-0.445565713736064,1.0,0,2,2,-0.47848748522302487,1.7595549710990777,-0.5907063938613273,1.214391719801448,34,56
-0.36821205212873787,0.2835511425117304,-0.4086694641896509,-1.6782868653690843,3.0,0,0,2,-0.02811323701007314,-0.6795456917635454,1.452108745833849,-0.8359051728251414,34,52
-0.36821205212873787,1.361992232445327,0.20632565861677954,0.9049931548209404,1.5,0,0,2,0.6111276314212132,-0.6795456917635454,1.1226224329797885,1.2052204116336354,19,22
-1.5123210226138581,-1.5138506740442639,-1.7225226810942975,-0.6812411475840323,1.0,0,0,2,-1.3937641832041847,-0.6795456917635454,-1.5791653324235095,1.2103155828379757,34,58
0.7758969183563824,0.6430315058229292,0.1070878092548328,-0.6257881043256869,2.0,0,0,2,0.5079774003788919,-0.6795456917635454,1.452108745833849,-0.8359051728251414,1,44
-0.36821205212873787,1.0025118691341282,0.0385997160332076,-1.3189511450550055,1.5,0,0,4,-0.36226187278097277,0.6893373333124164,-1.4473708072818852,-0.8359051728251414,34,46
-0.36821205212873787,-1.5138506740442639,-0.7441213493567947,0.042421066937376344,1.0,0,0,2,-0.3767900743362293,-0.6795456917635454,-0.8542954441445759,-0.8359051728251414,6,67
-1.5123210226138581,-1.5138506740442639,-1.4290022815730468,-0.7644207124715506,1.5,0,0,3,-1.088671950543798,-0.6795456917635454,-2.106343432990007,1.1919729665023502,34,56
3.064114859326623,1.361992232445327,1.6459733324591053,-0.6257881043256869,1.5,0,0,4,0.21886618942928748,2.5559960038705465,-1.6121139637089155,-0.8359051728251414,34,46
0.7758969183563824,0.6430315058229292,-0.04526325525857836,-0.40674858345522213,2.0,0,0,2,0.34962000342659605,-0.6795456917635454,0.7931361201257278,-0.8359051728251414,16,17
0.7758969183563824,-0.07592922079946847,-0.2828750072519719,-0.4871554961798231,1.0,0,0,4,-0.943389934991233,1.1124466319722592,-0.887244075429982,-0.8359051728251414,34,48
-0.36821205212873787,-0.7948899474218662,-0.9537787775862596,0.12282797966197731,1.0,0,0,4,-0.5947130976650769,-0.6795456917635454,-0.06352829329483015,-0.8359051728251414,24,33
-0.36821205212873787,0.6430315058229292,-0.08719474090447134,-0.5012960222107012,2.0,0,0,2,0.3060353987608265,-0.6795456917635454,1.0896738016943823,-0.8359051728251414,5,9
-1.5123210226138581,-0.07592922079946847,-0.9677559394682239,-1.3189511450550055,2.0,0,0,2,-0.6092412992203334,-0.6795456917635454,0.4965984385570731,-0.8359051728251414,34,55
-0.36821205212873787,0.6430315058229292,0.8073436195412456,-0.5148820178089959,2.0,0,0,2,1.235840298297243,-0.6795456917635454,0.7272388575549156,-0.8359051728251414,31,33
1.9200058888415028,0.6430315058229292,0.5976861913117807,1.1417776495340757,1.0,0,0,3,-0.6964105085518725,2.2573306165812457,-0.26122008100726657,-0.8359051728251414,34,70
0.7758969183563824,0.2835511425117304,2.498580207258929,1.4215382527724287,1.0,0,2,4,0.29150719720557,3.9497678112206165,0.002368969275982,-0.8359051728251414,32,42
0.7758969183563824,1.7214725957565258,1.6180190086951767,0.6415911993437994,2.0,0,0,2,1.032445476523652,1.1124466319722592,1.1226224329797885,1.2052204116336354,30,30
-1.5123210226138581,-1.5138506740442639,-1.3870707959271538,0.35351263961669455,1.0,0,0,3,-1.0450873458780285,-0.6795456917635454,-0.3600659748634848,-0.8359051728251414,6,67
0.7758969183563824,-0.4354095841106673,0.12246268732499356,-0.06321698046977182,1.0,0,0,3,-0.3332054696704598,0.78889246240885,0.29890665084463663,-0.8359051728251414,30,30
-0.36821205212873787,0.6430315058229292,0.6815491626035667,0.013862749659328417,2.0,0,0,2,1.1050864842999344,-0.6795456917635454,0.924930645267352,1.2082775143562396,37,37
-1.5123210226138581,-0.7948899474218662,-0.8908815491174201,-1.7090633043774661,2.0,0,0,2,-0.8053720202162963,-0.20665882855548587,1.2214683268360067,-0.8359051728251414,34,58
-0.36821205212873787,0.6430315058229292,-0.3667379785437579,0.30693208327968435,1.0,0,0,3,-0.5220720898887944,0.2413392523784653,0.6613415949841034,-0.8359051728251414,9,25
0.7758969183563824,0.6430315058229292,1.4363159042296403,-0.6108157826459336,2.0,0,0,2,1.8896093682837858,-0.6795456917635454,1.1885196955506006,-0.8359051728251414,21,23
0.7758969183563824,-1.5138506740442639,-0.8559386444125093,-0.7810566254490542,1.5,0,0,2,-0.49301568677828134,-0.6795456917635454,-1.348524913425667,-0.8359051728251414,34,58
-0.36821205212873787,-0.4354095841106673,0.16439417297088654,-1.0361406244374436,1.0,0,0,3,-0.856220725659694,1.7595549710990777,0.2330093882738245,-0.8359051728251414,34,62
-0.36821205212873787,-1.5138506740442639,-0.7021898637109018,0.7619243032144091,1.5,0,0,3,-0.3332054696704598,-0.6795456917635454,-0.6566036564321395,1.1848397268162736,34,61
0.7758969183563824,0.2835511425117304,0.2901886299085655,-0.25009373625039616,2.0,0,0,2,0.6982968407527522,-0.6795456917635454,1.0567251704089764,-0.8359051728251414,37,37
-1.5123210226138581,-1.5138506740442639,-1.4290022815730468,-1.4570292227682857,1.5,0,0,2,-1.088671950543798,-0.6795456917635454,-2.304035220702443,1.2072584801153714,34,52
-0.36821205212873787,-0.07592922079946847,0.7933664576592813,-0.8808721033140762,1.5,0,0,4,0.029999569210952887,1.3613344547133432,-1.5791653324235095,1.1573258023128352,34,46
-0.36821205212873787,-0.4354095841106673,0.024622554151243276,0.4034203785492055,1.0,0,0,2,0.42226101120287857,-0.6795456917635454,-0.3271173435780787,1.214391719801448,31,32
-0.36821205212873787,0.6430315058229292,-0.9398016157042953,-1.7656254085009784,3.0,0,0,2,-0.5801848961098204,-0.6795456917635454,1.2544169581214126,-0.8359051728251414,34,51
0.7758969183563824,1.0025118691341282,0.010645392269278948,-0.19464069299205064,2.0,0,0,2,0.40773280964762204,-0.6795456917635454,0.6613415949841034,1.211334617078844,21,23
0.7758969183563824,1.0025118691341282,0.6675720007216023,0.6354913645853814,1.0,0,0,3,0.17528158476351796,0.8884475915052836,-0.458911868719703,-0.8359051728251414,19,21
1.9200058888415028,2.0809529590677247,1.6739276562230339,-0.6820729432329076,2.0,0,0,2,1.323009507628782,0.7142261155865248,1.452108745833849,-0.8359051728251414,3,5
-0.36821205212873787,1.0025118691341282,2.7361919592523227,-0.011368385023218783,2.0,0,1,2,2.325455414941481,0.8884475915052836,-0.09647692458023621,1.212353651319712,34,56
-0.36821205212873787,-0.07592922079946847,-0.04526325525857836,0.2337340661786683,1.0,0,0,3,-1.0305591443227722,1.6848886242767525,-0.9860899692862002,1.203182343151899,34,53
-0.36821205212873787,-0.07592922079946847,0.16439417297088654,1.6763449865445263,1.0,0,0,2,0.5675430267554437,-0.6795456917635454,0.7601874888403216,-0.8359051728251414,14,2
-0.36821205212873787,0.6430315058229292,-0.5204867592453655,0.5833655039225366,1.5,0,0,3,-0.43490288055725534,-0.18177004628137747,-1.1178844944278243,-0.8359051728251414,34,50
-0.36821205212873787,0.6430315058229292,-0.2269663597241146,-1.6696916436640408,3.0,0,0,2,-0.08622604323109917,-0.2564363931037027,1.2214683268360067,-0.8359051728251414,34,46
-0.36821205212873787,2.0809529590677247,-0.6043497305371515,-1.6658099306359566,2.0,0,0,2,-0.6092412992203334,-0.03243735263672709,1.1226224329797885,1.2052204116336354,34,49
-0.36821205212873787,0.6430315058229292,0.2762114680266012,-0.07985289344727546,2.0,0,0,2,0.6837686391974956,-0.6795456917635454,1.0896738016943823,-0.8359051728251414,21,23
-1.5123210226138581,0.6430315058229292,-0.7021898637109018,-1.7561983911470598,3.0,0,0,2,-0.36226187278097277,-0.6297681272153286,1.2544169581214126,-0.8359051728251414,34,46
0.7758969183563824,1.7214725957565258,2.442671559731072,-0.4153438051602657,2.0,0,0,2,1.7152709496207077,1.41111201926156,1.0896738016943823,-0.8359051728251414,16,15
-0.36821205212873787,-1.5138506740442639,-0.12912622655036432,0.2337340661786683,1.0,0,0,3,-1.0741437489885417,1.6102222774544273,-0.5577577625759212,1.1848397268162736,6,67
-0.36821205212873787,1.7214725957565258,0.3321201155544585,1.455919139592603,1.5,0,0,4,-0.013585035454816633,0.6146709864900912,-1.381473544711073,1.1715922816849884,22,24
0.7758969183563824,0.6430315058229292,0.5711295837360485,0.6479682993185091,2.0,0,0,2,0.990313692013408,-0.6795456917635454,0.891982013981946,-0.8359051728251414,30,30
-2.6564299930989783,-1.8733310373554628,-1.918202947441798,1.3483402356714127,1.0,0,0,2,-1.5971590049777757,-0.6795456917635454,-0.09647692458023621,1.21337268556058,7,10
-0.36821205212873787,0.2835511425117304,-0.24094352160607893,-0.7536073690361732,2.0,0,0,2,0.14622518165300494,-0.6795456917635454,0.5954443324132913,1.202163308911031,16,17
0.7758969183563824,-1.5138506740442639,-0.4226466260716152,-1.3006516407797515,1.5,0,0,2,-0.04264143856532965,-0.6795456917635454,-1.6121139637089155,1.202163308911031,34,58
1.9200058888415028,0.6430315058229292,0.1923484967348152,1.3150684097164054,1.0,0,0,3,-0.46395928366776834,1.1373354142463676,-0.09647692458023621,-0.8359051728251414,3,7
-1.5123210226138581,0.2835511425117304,-1.4010479578091182,-1.8049970692144037,2.0,0,0,2,-1.4954615940909803,0.0671177764597065,1.2214683268360067,-0.8359051728251414,34,63
-0.36821205212873787,-0.4354095841106673,-0.15708055031429297,0.6343823037202145,1.0,0,0,2,-0.6237695007755899,0.78889246240885,0.20006075698841844,-0.8359051728251414,20,66
-0.36821205212873787,-1.5138506740442639,-1.4290022815730468,-0.556471800252755,1.0,0,0,3,-1.088671950543798,-0.6795456917635454,0.03531760056138807,-0.8359051728251414,6,67
-0.36821205212873787,0.6430315058229292,0.737457810131424,1.3228318357725737,2.0,0,0,2,1.1631992905209605,-0.6795456917635454,0.8590333826965398,-0.8359051728251414,30,30
-0.36821205212873787,-0.4354095841106673,-0.07321757902250701,1.5427031522919137,1.0,0,0,2,0.320563600316083,-0.6795456917635454,-0.3600659748634848,1.1909539322614822,20,66
0.7758969183563824,1.361992232445327,2.4566487216130364,0.7305933337734439,2.0,0,0,2,2.9501680818175107,-0.6795456917635454,0.924930645267352,1.2082775143562396,32,42
-0.36821205212873787,0.2835511425117304,-0.017308931494649706,-0.6720913954464053,1.0,0,0,3,-0.8707489272149506,1.4608895838097768,-1.6121139637089155,-0.8359051728251414,34,61
0.7758969183563824,1.7214725957565258,0.8073436195412456,-0.5395586220589597,2.0,0,0,2,1.235840298297243,-0.6795456917635454,1.2873655894068188,-0.8359051728251414,31,33
-1.5123210226138581,-1.5138506740442639,-1.4429794434550112,1.7395614558590402,1.0,0,0,2,-1.1032001520990546,-0.6795456917635454,0.29890665084463663,1.2164297882831843,27,27
-0.36821205212873787,-1.5138506740442639,-1.0376417488780456,0.6180236559590025,1.0,0,0,3,-0.6818823069966159,-0.6795456917635454,-0.5577577625759212,1.1848397268162736,25,67
0.7758969183563824,-0.07592922079946847,0.82132078142321,-0.34852288803395937,1.0,0,0,2,-0.3767900743362293,2.1079979229365953,-1.6121139637089155,1.2092965485971077,34,46
-0.36821205212873787,0.2835511425117304,0.2901886299085655,1.1115557409582775,2.0,0,0,2,0.6982968407527522,-0.6795456917635454,0.5295470698424791,-0.8359051728251414,11,11
-1.5123210226138581,-1.5138506740442639,-1.7225226810942975,-1.3649771709594323,1.0,0,0,2,-1.3937641832041847,-0.6795456917635454,-0.8213468128591698,1.212353651319712,34,55
-0.36821205212873787,0.2835511425117304,-0.29685216913393625,0.483272760841223,1.0,0,0,3,-0.49301568677828134,0.31600559920079047,-0.030579662009424073,-0.8359051728251414,14,13
1.9200058888415028,0.6430315058229292,0.695526324485531,-0.6865091866935752,2.0,0,0,2,1.119614685855191,-0.6795456917635454,1.0237765391235703,-0.8359051728251414,31,35
0.7758969183563824,0.6430315058229292,0.38802876308231576,-0.3263416707306212,1.0,0,2,3,-0.36226187278097277,1.3115568901651264,-0.16237418715104837,-0.8359051728251414,34,70
-0.36821205212873787,0.2835511425117304,-0.08719474090447134,-1.1165475371620444,2.0,0,0,2,0.3060353987608265,-0.6795456917635454,0.891982013981946,-0.8359051728251414,31,33
-0.36821205212873787,-0.7948899474218662,-1.2193448533435818,0.889189037492312,1.0,0,0,3,-0.8707489272149506,-0.6795456917635454,0.10121486313220021,-0.8359051728251414,19,22
-1.5123210226138581,-1.5138506740442639,-1.4849109291009042,-0.5148820178089959,1.0,0,0,2,-1.1467847567648242,-0.6795456917635454,-0.6566036564321395,1.2092965485971077,34,60
-0.36821205212873787,-0.07592922079946847,-0.6882127018289375,-0.013031976320969148,1.0,0,0,2,-0.31867726811520325,-0.6795456917635454,0.43070117598626095,1.211334617078844,1,44
-0.36821205212873787,-1.5138506740442639,-1.3591164721632252,0.6587816427538865,1.0,0,0,4,-1.0160309427675156,-0.6795456917635454,0.39775254470085486,-0.8359051728251414,12,12
-0.36821205212873787,-0.7948899474218662,-0.9258244538223309,1.2041623231997145,1.0,0,0,3,-0.5656566945545639,-0.6795456917635454,-0.19532281843645444,-0.8359051728251414,18,19
0.7758969183563824,1.7214725957565258,2.5125573691408936,-0.747784799494047,2.0,0,0,2,1.5990453371786555,1.7346661888249693,1.4191601145484432,1.1236976723641885,34,46
0.7758969183563824,-0.07592922079946847,0.4579145724921374,-0.34852288803395937,1.0,0,0,2,-0.3332054696704598,1.3862232369874516,-0.3930146061488909,1.2062394458745034,34,53
-1.5123210226138581,-0.7948899474218662,-0.9398016157042953,-1.5754214701248535,2.0,0,0,2,-0.5801848961098204,-0.6795456917635454,1.0237765391235703,-0.8359051728251414,34,63
-1.5123210226138581,-0.4354095841106673,-0.883892968176438,-0.9030533206174143,2.0,0,0,2,-0.5220720898887944,-0.6795456917635454,-0.7225009190029515,1.1960491034658225,34,47
1.9200058888415028,0.2835511425117304,0.7654121338953526,1.3344769748568264,2.0,0,0,2,1.1922556936314734,-0.6795456917635454,0.2659580195592306,-0.8359051728251414,32,41
-0.36821205212873787,1.0025118691341282,0.37405160120035147,2.126069167369708,1.0,0,0,2,-0.8126361209939245,2.0582203583883785,0.39775254470085486,-0.8359051728251414,30,31
-0.36821205212873787,0.6430315058229292,0.05257687791517193,0.06737493640363182,2.0,0,0,2,0.45131741431339156,-0.6795456917635454,0.5954443324132913,1.202163308911031,1,44
0.7758969183563824,-0.4354095841106673,-0.29685216913393625,0.7655287510262015,1.0,0,0,4,0.08811237543197892,-0.6795456917635454,-0.3271173435780787,-0.8359051728251414,9,25
-0.36821205212873787,0.6430315058229292,-0.19901203596018596,-0.02495438062151343,2.0,0,0,2,0.18980978631877446,-0.6795456917635454,0.6283929636986973,-0.8359051728251414,32,41
0.7758969183563824,0.6430315058229292,0.737457810131424,-0.6005569696431396,2.0,0,0,2,1.1631992905209605,-0.6795456917635454,1.0896738016943823,-0.8359051728251414,31,35
-0.36821205212873787,-1.5138506740442639,-1.4569566053369754,0.31691363106618653,1.0,0,0,3,-1.1177283536543112,-0.6795456917635454,-0.5248091312905151,1.1807635898528013,31,33
-0.36821205212873787,-0.07592922079946847,-0.5903725686551872,0.17384477945965515,1.0,0,0,2,-0.21697985722840774,-0.6795456917635454,-0.920192706715388,1.2164297882831843,6,67
-0.36821205212873787,-0.07592922079946847,-0.3248064928978649,-0.8337370165444824,1.0,0,0,2,-1.1177283536543112,1.3364456724392348,-0.8542954441445759,-0.8359051728251414,34,73
-0.36821205212873787,-0.07592922079946847,0.17837133485285087,-0.8919627119657452,1.0,0,0,3,-0.7835797178834115,1.659999842002644,-0.7554495502883577,1.189934898020614,34,46
-0.36821205212873787,0.6430315058229292,0.5557547056658877,-1.4611882010126618,2.0,0,4,2,-0.36226187278097277,1.6102222774544273,1.1226224329797885,1.2052204116336354,34,49
-0.36821205212873787,0.2835511425117304,-0.21298919784215029,0.0063765888194517745,1.0,0,2,2,-0.46395928366776834,0.41556072829722407,0.06826623184679415,1.2042013773927673,19,22
-1.5123210226138581,-0.4354095841106673,-0.8140071587666163,-0.7328124778142937,1.0,0,0,2,-0.4494310821125118,-0.6795456917635454,1.2544169581214126,-0.8359051728251414,30,31
-0.36821205212873787,-0.4354095841106673,-0.9677559394682239,-1.0139594071341054,1.5,0,0,4,-0.6092412992203334,-0.6795456917635454,-1.4473708072818852,-0.8359051728251414,34,54
-0.36821205212873787,-0.7948899474218662,-0.43662378795357953,0.5692249778916585,1.0,0,0,3,-0.05716964012058615,-0.6795456917635454,-0.09647692458023621,-0.8359051728251414,9,25
-0.36821205212873787,0.6430315058229292,-0.47855527359947253,-1.0663625330132418,2.0,0,0,2,-0.10075424478635567,-0.6795456917635454,0.9908279078381641,-0.8359051728251414,37,37
-0.36821205212873787,-0.7948899474218662,-1.2752535008714392,0.5032358564142274,1.0,0,0,2,-1.0741437489885417,-0.43065786902246145,-1.3155762821402608,1.1991062061884268,34,53
0.7758969183563824,0.6430315058229292,1.6879048181049983,0.5456574345068617,1.0,0,2,4,0.16075338320826144,2.7302174797893053,-0.12942555586564228,-0.8359051728251414,31,34
-0.36821205212873787,0.6430315058229292,1.8835850844524988,0.8442720724530521,1.0,0,0,2,0.029999569210952887,3.302659472093798,0.002368969275982,1.2164297882831843,34,53
-0.36821205212873787,-0.4354095841106673,1.4363159042296403,1.431519800558931,1.0,0,2,3,-0.26056446189417726,3.0039940848044977,-0.5907063938613273,-0.8359051728251414,34,54
-0.36821205212873787,0.6430315058229292,-0.2269663597241146,-1.2149766889456077,2.0,0,0,2,0.16075338320826144,-0.6795456917635454,0.6613415949841034,1.211334617078844,34,54
0.7758969183563824,0.6430315058229292,0.7933664576592813,-0.6410376912217318,2.0,0,0,2,1.2213120967419864,-0.6795456917635454,1.4191601145484432,1.1236976723641885,37,37
0.7758969183563824,0.2835511425117304,0.10848552544302924,3.255924923758498,2.0,0,0,3,0.5094302205344176,-0.6795456917635454,0.16711212570301237,-0.8359051728251414,9,25
0.7758969183563824,0.6430315058229292,1.9954023795082134,2.172095193274135,2.0,0,0,2,2.470737430494046,-0.6795456917635454,0.891982013981946,-0.8359051728251414,30,30
-0.36821205212873787,-0.07592922079946847,-0.07321757902250701,0.9707050110820798,1.0,0,0,4,-1.0450873458780285,1.659999842002644,-0.5907063938613273,1.2001252404292948,31,36
-0.36821205212873787,2.0809529590677247,-0.800029996884652,-1.6586010350123717,2.0,0,0,2,-0.6092412992203334,-0.38088030447424465,1.2214683268360067,-0.8359051728251414,34,63
-0.36821205212873787,-0.4354095841106673,0.3181429536724941,-0.2731067492026095,1.0,0,0,3,-0.3913182758914858,1.2368905433428012,-0.3271173435780787,1.203182343151899,34,53
-1.5123210226138581,-1.5138506740442639,-1.4569566053369754,-1.4298572315716964,1.0,0,0,3,-1.3065949738726457,-0.35599152220013625,-1.6780112262797278,1.1868777952980099,34,49
0.7758969183563824,1.0025118691341282,0.9610924002428531,-0.34325484892441654,2.0,0,0,2,1.3956505154050645,-0.6795456917635454,1.4191601145484432,1.1236976723641885,26,26
-1.5123210226138581,0.2835511425117304,-0.841961482530545,0.9928862283854181,2.0,0,0,2,-0.47848748522302487,-0.6795456917635454,0.4965984385570731,-0.8359051728251414,17,16
0.7758969183563824,0.6430315058229292,0.5138232200199947,0.20295762717028654,2.0,0,0,2,0.9307480656368563,-0.6795456917635454,0.6613415949841034,1.211334617078844,32,41
-0.36821205212873787,-0.07592922079946847,0.8772294289510673,2.058139189378235,1.0,0,0,2,-0.47848748522302487,2.3817745279517877,0.5624957011278853,1.202163308911031,30,30
-0.36821205212873787,0.6430315058229292,-0.7441213493567947,-1.6483422220095778,3.5,0,0,2,-0.3767900743362293,-0.6795456917635454,1.2214683268360067,-0.8359051728251414,34,46
0.7758969183563824,0.6430315058229292,0.8492751051871386,-0.24732108408747885,2.0,0,0,2,0.3060353987608265,0.9880027206017172,0.9908279078381641,-0.8359051728251414,31,32
-0.36821205212873787,-1.5138506740442639,-0.8279843206485806,-0.8243099991905637,1.0,0,0,2,-0.8416925241044375,-0.03243735263672709,-1.9745489078483822,1.2082775143562396,34,47
-0.36821205212873787,0.6430315058229292,0.15041701108892222,-0.7292080300025012,2.0,0,0,2,0.5530148252001871,-0.6795456917635454,0.7272388575549156,-0.8359051728251414,30,30
-0.36821205212873787,0.2835511425117304,-0.4086694641896509,0.025785153959872697,1.0,0,0,2,-0.7545233147728985,0.5648934219418744,0.463649807271667,-0.8359051728251414,14,2
-0.36821205212873787,0.6430315058229292,0.42996024872820876,0.9823501501663324,2.0,0,0,2,0.8435788563053173,-0.6795456917635454,0.8590333826965398,-0.8359051728251414,17,16
-0.36821205212873787,-0.7948899474218662,-0.5763954067732228,-0.8232009383253968,1.0,0,0,2,-0.9288617334359766,0.5648934219418744,-0.6895522877175455,1.2001252404292948,34,62
-0.36821205212873787,-1.5138506740442639,-0.47855527359947253,-0.23207149719143386,1.0,0,0,2,-0.10075424478635567,-0.6795456917635454,-0.8542954441445759,-0.8359051728251414,34,62
-0.36821205212873787,0.6430315058229292,-1.05161891076001,-1.6622054828241641,3.0,0,0,2,-0.6964105085518725,-0.6795456917635454,1.320314220692225,-0.8359051728251414,34,57
-0.36821205212873787,-1.5138506740442639,-1.2193448533435818,0.7455656554531972,1.0,0,0,3,-0.8707489272149506,-0.6795456917635454,-0.458911868719703,-0.8359051728251414,33,71
-0.36821205212873787,-1.5138506740442639,-0.5484410830092942,-1.0696897156087426,1.5,0,0,2,-0.6673541054413594,0.1666729055561401,-1.4473708072818852,1.2052204116336354,34,55
-0.36821205212873787,0.6430315058229292,-0.18503487407822164,-0.41478927472768223,2.0,0,0,3,0.20433798787403096,-0.6795456917635454,0.6613415949841034,-0.8359051728251414,34,48
-0.36821205212873787,0.6430315058229292,1.2406356378821397,0.2500927139398802,2.0,0,0,2,1.6862145465101945,-0.6795456917635454,1.1226224329797885,1.2052204116336354,16,17
-1.5123210226138581,-1.5138506740442639,-0.8699158062944736,-0.0357677240568908,1.0,0,0,3,-1.0450873458780285,0.2413392523784653,0.33185528213004273,-0.8359051728251414,18,19
-0.36821205212873787,-0.4354095841106673,0.3600744393183871,1.4886364351150267,2.0,0,0,3,0.7709378485290347,-0.6795456917635454,0.2659580195592306,1.202163308911031,18,25
0.7758969183563824,0.6430315058229292,0.9051837527149958,-0.49380986137082455,2.0,0,0,2,1.3375377091840386,-0.6795456917635454,1.1555710642651946,-0.8359051728251414,18,19
0.7758969183563824,0.2835511425117304,-0.29685216913393625,0.6920534687088938,1.0,0,0,3,-0.7835797178834115,0.8137812446829584,0.2659580195592306,1.202163308911031,14,13
0.7758969183563824,0.2835511425117304,-0.29685216913393625,0.2891871094370138,1.0,0,0,3,0.08811237543197892,-0.6795456917635454,0.10121486313220021,-0.8359051728251414,14,13
-0.36821205212873787,0.6430315058229292,0.08053120167910058,-0.9074895640780819,2.0,0,0,2,0.4803738174239046,-0.6795456917635454,1.1226224329797885,1.2052204116336354,32,42
-0.36821205212873787,-0.4354095841106673,-0.8279843206485806,0.05988877556375517,1.0,0,0,3,-0.46395928366776834,-0.6795456917635454,0.10121486313220021,-0.8359051728251414,1,1
-0.36821205212873787,-0.4354095841106673,-0.5065095973634012,2.238361579967858,1.0,0,0,2,-0.8416925241044375,0.540004639667766,-0.458911868719703,1.203182343151899,6,67
1.9200058888415028,0.6430315058229292,1.4642702279935689,-0.5212591177837056,2.0,0,0,2,1.9186657713942987,-0.6795456917635454,1.1885196955506006,-0.8359051728251414,30,30
1.9200058888415028,1.0025118691341282,0.2762114680266012,-0.2869700100171959,1.0,0,0,2,-0.5220720898887944,1.3862232369874516,0.6942902262695095,-0.8359051728251414,34,56
-0.36821205212873787,0.2835511425117304,-1.0655960726419742,-1.6658099306359566,3.0,0,0,2,-0.710938710107129,-0.6795456917635454,1.452108745833849,-0.8359051728251414,34,49
0.7758969183563824,0.6430315058229292,-0.0033317696126853795,0.6615542949168037,2.0,0,0,3,0.39320460809236557,-0.6795456917635454,0.7272388575549156,-0.8359051728251414,18,19
-0.36821205212873787,-1.5138506740442639,-0.9957102632321526,0.17162665772932134,1.0,0,0,2,-0.6382977023308464,-0.6795456917635454,-0.12942555586564228,1.1644590419989118,19,22
-0.36821205212873787,-1.5138506740442639,-1.2333220152255462,0.34408562226277584,1.0,0,0,2,-0.885277128770207,-0.6795456917635454,-0.3930146061488909,1.2062394458745034,18,19
0.7758969183563824,-0.4354095841106673,-0.5763954067732228,0.12282797966197731,1.0,0,0,3,-0.2024516556731512,-0.6795456917635454,-0.09647692458023621,-0.8359051728251414,19,22
0.7758969183563824,0.6430315058229292,0.10848552544302924,0.19824411849332718,2.0,0,0,3,0.5094302205344176,-0.6795456917635454,0.6283929636986973,-0.8359051728251414,16,17
0.7758969183563824,-0.07592922079946847,0.23427998238070818,-0.6654370302554039,2.0,0,0,2,0.6401840345317261,-0.6795456917635454,-0.16237418715104837,1.1858587610571416,20,66
-0.36821205212873787,-0.4354095841106673,-0.45060094983554383,0.3759711221363245,1.0,0,0,4,-0.07169784167584266,-0.6795456917635454,-0.26122008100726657,-0.8359051728251414,19,21
0.7758969183563824,-0.4354095841106673,0.0385997160332076,0.5664523257287413,1.0,0,0,4,-0.46395928366776834,0.8635588092311752,0.29890665084463663,-0.8359051728251414,26,26
-0.36821205212873787,-1.5138506740442639,-1.2472991771075106,-0.2001859973178852,1.0,0,0,2,-0.8998053303254635,-0.6795456917635454,-0.7554495502883577,1.214391719801448,34,68
1.9200058888415028,0.2835511425117304,1.3244986091739257,1.3053641271461949,2.0,0,0,3,1.7733837558417336,-0.6795456917635454,0.6613415949841034,-0.8359051728251414,9,25
-1.5123210226138581,-1.5138506740442639,-1.4150251196910824,0.08650623632776101,1.0,0,0,3,-1.0741437489885417,-0.6795456917635454,-0.6566036564321395,1.1848397268162736,6,68
0.7758969183563824,-0.7948899474218662,-0.8699158062944736,0.2753238486224274,1.0,0,0,2,-0.8707489272149506,-0.057326134910835484,-0.5577577625759212,-0.8359051728251414,10,65
3.064114859326623,-1.5138506740442639,-0.7860528350026877,-0.6036068870223487,1.5,0,0,2,-0.7835797178834115,-0.057326134910835484,-1.2826276508548549,-0.8359051728251414,34,48
-0.36821205212873787,-0.4354095841106673,0.5976861913117807,0.009426506198660776,1.0,0,0,3,-0.43490288055725534,1.8093325356472945,-0.7225009190029515,-0.8359051728251414,34,62
-0.36821205212873787,-0.07592922079946847,-0.8559386444125093,-0.34852288803395937,1.5,0,0,3,-0.49301568677828134,-0.6795456917635454,-1.6450625949943216,-0.8359051728251414,34,63
-0.36821205212873787,-0.7948899474218662,-0.9537787775862596,0.06737493640363182,1.0,0,0,2,-0.5947130976650769,-0.6795456917635454,-0.09647692458023621,1.21337268556058,18,18
-0.36821205212873787,0.6430315058229292,0.7863778767182991,-0.7921472341007233,2.0,0,0,2,1.2140479959643582,-0.6795456917635454,1.2214683268360067,-0.8359051728251414,14,0
1.9200058888415028,0.6430315058229292,0.4020059249642801,0.5830882387062449,1.0,0,0,3,-0.798107919438668,2.083109140662487,-0.06352829329483015,-0.8359051728251414,31,35
-0.36821205212873787,-1.5138506740442639,-1.4290022815730468,-0.34852288803395937,1.0,0,0,1,-1.088671950543798,-0.6795456917635454,-0.458911868719703,-0.8359051728251414,34,64
-0.36821205212873787,0.6430315058229292,0.8073436195412456,-0.4863237005309479,2.0,0,2,2,1.235840298297243,-0.6795456917635454,0.8260847514111338,-0.8359051728251414,34,62
0.7758969183563824,-1.5138506740442639,0.20632565861677954,-0.4871554961798231,1.0,0,0,2,-0.8998053303254635,1.908887664743728,-0.953141338000794,1.1960491034658225,34,55
-0.36821205212873787,1.0025118691341282,0.9331380764789245,-0.3831810400704253,1.5,0,2,4,-0.08622604323109917,1.8093325356472945,-1.348524913425667,-0.8359051728251414,34,54
0.7758969183563824,-0.4354095841106673,0.3041657917905298,0.483272760841223,1.0,0,0,3,-0.798107919438668,1.908887664743728,-0.12942555586564228,-0.8359051728251414,30,30
0.7758969183563824,0.6430315058229292,0.42996024872820876,-0.9829057029094318,2.0,0,0,2,0.8435788563053173,-0.6795456917635454,1.452108745833849,-0.8359051728251414,21,23
0.7758969183563824,1.7214725957565258,0.82132078142321,-1.0805030590441198,1.5,0,0,3,-0.1588670510073817,1.7346661888249693,-1.2826276508548549,-0.8359051728251414,34,53
1.9200058888415028,-0.4354095841106673,-0.9537787775862596,0.907488541767566,1.0,0,0,3,-0.5947130976650769,-0.6795456917635454,-0.12942555586564228,-0.8359051728251414,3,6
0.7758969183563824,0.6430315058229292,0.8772294289510673,-0.8975080162915797,2.0,0,0,2,1.3084813060735254,-0.6795456917635454,1.1885196955506006,-0.8359051728251414,21,23
-0.36821205212873787,-0.07592922079946847,0.05257687791517193,0.6496318906162595,1.0,0,0,3,-0.5220720898887944,0.9880027206017172,-0.09647692458023621,-0.8359051728251414,14,2
-1.5123210226138581,-1.5138506740442639,-1.694568357330369,-0.15804168444154262,1.0,0,0,2,-1.3647077800936718,-0.6795456917635454,-0.920192706715388,1.201144274670163,34,55
0.7758969183563824,0.2835511425117304,0.6815491626035667,0.815991020391296,2.0,0,0,3,1.1050864842999344,-0.6795456917635454,0.10121486313220021,-0.8359051728251414,22,24
0.7758969183563824,1.0025118691341282,1.5341560374033907,-0.17523212785162973,2.0,0,0,2,1.9913067791705812,-0.6795456917635454,1.3532628519776309,-0.8359051728251414,31,36
1.9200058888415028,0.6430315058229292,0.7234806482494597,-0.07292126303998228,2.0,0,0,2,1.148671088965704,-0.6795456917635454,1.0567251704089764,-0.8359051728251414,18,18
-0.36821205212873787,-0.07592922079946847,0.05257687791517193,-0.8570272947129876,2.0,0,3,4,-0.5656566945545639,1.0626690674240424,-1.348524913425667,-0.8359051728251414,34,60
-0.36821205212873787,-0.7948899474218662,-0.24094352160607893,-0.14806013665504042,1.0,0,0,2,-0.7254669116623854,0.8137812446829584,-0.3930146061488909,1.2062394458745034,34,56
-0.36821205212873787,0.6430315058229292,0.05257687791517193,-0.8930717728309121,2.0,0,0,3,0.45131741431339156,-0.6795456917635454,1.0896738016943823,-0.8359051728251414,37,37
0.7758969183563824,0.2835511425117304,0.7514349720133883,0.05267987994017026,2.0,0,0,2,1.1777274920762169,-0.6795456917635454,0.463649807271667,-0.8359051728251414,20,66
0.7758969183563824,0.2835511425117304,0.6675720007216023,-0.747784799494047,2.0,0,2,4,0.20433798787403096,0.8386700269570668,-1.348524913425667,-0.8359051728251414,34,55
-0.36821205212873787,0.2835511425117304,-0.21298919784215029,-0.3152510620789521,1.5,0,0,3,-0.3913182758914858,0.29111681692668206,-1.414422175996479,-0.8359051728251414,34,58
1.9200058888415028,0.6430315058229292,0.8912065908330316,0.7500018989138648,2.0,0,0,2,1.323009507628782,-0.6795456917635454,1.1885196955506006,-0.8359051728251414,11,11
-0.36821205212873787,0.6430315058229292,-0.45060094983554383,-0.29972420996661536,2.0,0,0,2,-0.07169784167584266,-0.6795456917635454,0.7931361201257278,-0.8359051728251414,18,18
-0.36821205212873787,-1.5138506740442639,-0.4086694641896509,1.5521301696458325,1.5,0,0,4,-0.23150805878366423,-0.33110273992602784,-1.6450625949943216,-0.8359051728251414,3,3
-0.36821205212873787,-1.5138506740442639,-0.5763954067732228,0.49159071732997484,1.0,0,0,2,-0.2024516556731512,-0.6795456917635454,-0.458911868719703,1.203182343151899,3,6
-0.36821205212873787,-1.5138506740442639,-1.1075275582878672,-0.6257881043256869,1.0,0,0,2,-0.7545233147728985,-0.6795456917635454,-0.3271173435780787,1.214391719801448,34,48
-0.36821205212873787,0.2835511425117304,0.024622554151243276,0.446673752290715,1.0,0,0,2,-0.4494310821125118,0.8137812446829584,-0.19532281843645444,1.202163308911031,35,66
-0.36821205212873787,-1.5138506740442639,-0.9537787775862596,-0.27920658396102754,1.0,0,0,1,-0.9143335318807201,-0.1319924817331607,-0.6895522877175455,-0.8359051728251414,34,50
-0.36821205212873787,0.6430315058229292,-1.009687425114117,-1.6793959262342513,3.0,0,0,2,-0.652825903886103,-0.6795456917635454,1.2544169581214126,-0.8359051728251414,34,46
0.7758969183563824,0.2835511425117304,0.6256405150757094,2.7565702692170966,2.0,0,0,2,-0.1879234541178947,1.4360008015356684,0.29890665084463663,1.2164297882831843,17,16
-0.36821205212873787,-0.7948899474218662,-0.24094352160607893,-0.9030533206174143,2.0,0,0,2,0.14622518165300494,-0.6795456917635454,-1.5791653324235095,1.2103155828379757,34,45
